Date,Open,High,Low,Close,Volume,Dividends,Stock Splits
2021-07-06 00:00:00-04:00,136.53351700878477,139.53574001915328,136.53351700878477,138.4342803955078,108181800,0.0,0.0
2021-07-07 00:00:00-04:00,139.91588320227135,141.23180423568894,139.0581116318865,140.91989135742188,104911600,0.0,0.0
2021-07-08 00:00:00-04:00,138.00541248474633,140.42279367497855,137.11838445022283,139.62350463867188,105575500,0.0,0.0
2021-07-09 00:00:00-04:00,139.1458132863032,141.97258743167365,139.04833216120844,141.44622802734375,99890800,0.0,0.0
2021-07-12 00:00:00-04:00,142.51848639937432,142.62570970674338,140.364278087154,140.85165405273438,76299700,0.0,0.0
2021-07-13 00:00:00-04:00,140.39353920017592,143.73694652851253,140.00364432229037,141.962890625,100827100,0.0,0.0
2021-07-14 00:00:00-04:00,144.36076918149035,145.79365573228569,143.95136027537654,145.38424682617188,127050800,0.0,0.0
2021-07-15 00:00:00-04:00,145.4720070192926,146.21281325196273,143.37628110522587,144.73118591308594,106820300,0.0,0.0
2021-07-16 00:00:00-04:00,144.7116829108476,145.97884856339024,142.1968210625346,142.69393920898438,93251400,0.0,0.0
2021-07-19 00:00:00-04:00,140.12060468938105,140.43253247911716,138.09311867670348,138.85342407226562,121434600,0.0,0.0
2021-07-20 00:00:00-04:00,139.83793618290784,143.38603306380864,139.35056015600642,142.4600067138672,96350000,0.0,0.0
2021-07-21 00:00:00-04:00,141.85563485293181,142.44049190950972,140.97836414159778,141.72891235351562,74993500,0.0,0.0
2021-07-22 00:00:00-04:00,142.25523424527083,144.45816724914033,142.12851179256327,143.09352111816406,77338200,0.0,0.0
2021-07-23 00:00:00-04:00,143.8246792903466,144.9651374939281,143.21058069090384,144.80917358398438,71447400,0.0,0.0
2021-07-26 00:00:00-04:00,144.52647939059113,146.04709009069717,143.97086362595675,145.22830200195312,72434100,0.0,0.0
2021-07-27 00:00:00-04:00,145.35498894389306,145.44272791296905,141.87513262554674,143.0643310546875,104818600,0.0,0.0
2021-07-28 00:00:00-04:00,141.15378253150473,143.25924964240136,138.9410921453255,141.31948852539062,118931200,0.0,0.0
2021-07-29 00:00:00-04:00,141.03687913486968,142.84991857675627,140.92965581242072,141.962890625,56699500,0.0,0.0
2021-07-30 00:00:00-04:00,140.73469364228038,142.63545700170118,140.47150644681145,142.1773223876953,70440600,0.0,0.0
2021-08-02 00:00:00-04:00,142.66467417357075,143.23977416644965,141.5826990796388,141.84588623046875,62880000,0.0,0.0
2021-08-03 00:00:00-04:00,142.12853625880044,144.30222828215528,141.51443795738555,143.639404296875,64786600,0.0,0.0
2021-08-04 00:00:00-04:00,143.55170433223327,144.05856456840556,142.5866946784069,143.23977661132812,56368300,0.0,0.0
2021-08-05 00:00:00-04:00,143.2690181917266,144.10730535100612,142.47947159810346,143.3470001220703,46397700,0.0,0.0
2021-08-06 00:00:00-04:00,142.86867690985883,143.61059289976055,142.16580285802874,142.66366577148438,54126800,0.22,0.0
2021-08-09 00:00:00-04:00,142.72223685529076,143.21034301067533,142.05841963396023,142.61485290527344,48908700,0.0,0.0
2021-08-10 00:00:00-04:00,142.9565198163916,144.19631350606738,141.84363848192044,142.13650512695312,69023100,0.0,0.0
2021-08-11 00:00:00-04:00,142.57581781429272,143.2298783064216,142.06818321748432,142.3903350830078,48493500,0.0,0.0
2021-08-12 00:00:00-04:00,142.71251102910742,145.50447943892834,142.3708306879483,145.34828186035156,72282600,0.0,0.0
2021-08-13 00:00:00-04:00,145.42635605950554,145.88517705910473,144.7430103885552,145.5532684326172,59375000,0.0,0.0
2021-08-16 00:00:00-04:00,145.0065628373872,147.59353426907154,142.9858112009547,147.5251922607422,103296000,0.0,0.0
2021-08-17 00:00:00-04:00,146.65635150331968,148.07185618392833,145.54347021491796,146.6173095703125,92229700,0.0,0.0
2021-08-18 00:00:00-04:00,146.2366215497856,147.13473517673972,142.67343732669485,142.87844848632812,86326000,0.0,0.0
2021-08-19 00:00:00-04:00,141.5800696426097,144.4794213850425,141.0626783117476,143.21034240722656,86960300,0.0,0.0
2021-08-20 00:00:00-04:00,143.9327728785443,144.96755574158394,143.288469055807,144.66493225097656,60549600,0.0,0.0
2021-08-23 00:00:00-04:00,144.78202147056598,146.61730507779947,144.3720141553827,146.1487274169922,60131800,0.0,0.0
2021-08-24 00:00:00-04:00,145.89492826143862,147.27139120779157,145.60206158624175,146.06088256835938,48606400,0.0,0.0
2021-08-25 00:00:00-04:00,146.24639198416384,146.7442698916124,144.28421022511418,144.8308868408203,58991300,0.0,0.0
2021-08-26 00:00:00-04:00,144.82110951404735,145.57278230599707,144.00107981111,144.03036499023438,48597200,0.0,0.0
2021-08-27 00:00:00-04:00,143.97183254575776,145.21162673984585,143.33730030320672,145.06520080566406,55802400,0.0,0.0
2021-08-30 00:00:00-04:00,145.45564049048158,149.83883931473636,145.07491826892314,149.47763061523438,90956700,0.0,0.0
2021-08-31 00:00:00-04:00,149.02859613337498,149.16526528048843,147.69117494824357,148.2183380126953,86453100,0.0,0.0
2021-09-01 00:00:00-04:00,149.19450563571235,151.29335581344367,148.71615631662897,148.88211059570312,80313700,0.0,0.0
2021-09-02 00:00:00-04:00,150.20977826854366,151.03956466217258,148.77474502994417,149.99501037597656,71115500,0.0,0.0
2021-09-03 00:00:00-04:00,150.10241459437898,150.95172951907767,149.44835406806936,150.62957763671875,57808700,0.0,0.0
2021-09-07 00:00:00-04:00,151.2836211735212,153.51914078415754,150.71741625258127,152.96270751953125,82278300,0.0,0.0
2021-09-08 00:00:00-04:00,153.24578484904103,153.30435519689405,150.31714828986404,151.42027282714844,74420200,0.0,0.0
2021-09-09 00:00:00-04:00,151.79126431107525,152.39651120399355,150.28788894400816,150.40504455566406,57305700,0.0,0.0
2021-09-10 00:00:00-04:00,151.31292061025323,151.7814983871202,145.1627795675759,145.42636108398438,140893200,0.0,0.0
2021-09-13 00:00:00-04:00,147.04686479158386,147.81806596111582,145.21158088499752,145.9925537109375,102404300,0.0,0.0
2021-09-14 00:00:00-04:00,146.7735217186003,147.4763957492906,143.4153491043727,144.5965576171875,109296300,0.0,0.0
2021-09-15 00:00:00-04:00,145.02610332343372,145.8851749521173,142.88819590848047,145.48492431640625,83281300,0.0,0.0
2021-09-16 00:00:00-04:00,144.90896023332135,145.42635157507343,143.71798000246844,145.25062561035156,68034100,0.0,0.0
2021-09-17 00:00:00-04:00,145.27991132028194,145.27991132028194,142.29268938190515,142.58555603027344,129868800,0.0,0.0
2021-09-20 00:00:00-04:00,140.37936883525987,141.3946233415319,137.90955225490944,139.53982543945312,123478900,0.0,0.0
2021-09-21 00:00:00-04:00,140.5062336067531,141.16030897663776,139.38359538478255,140.01812744140625,75834000,0.0,0.0
2021-09-22 00:00:00-04:00,141.01386330488788,142.94675948187773,140.28170408222925,142.3805694580078,76404300,0.0,0.0
2021-09-23 00:00:00-04:00,143.16156952123504,143.58134867828787,142.17560017364323,143.33729553222656,64838200,0.0,0.0
2021-09-24 00:00:00-04:00,142.1950877231893,143.96202960944674,142.09746053449825,143.42510986328125,53477900,0.0,0.0
2021-09-27 00:00:00-04:00,142.00959923062172,142.48794860245857,140.39885495340664,141.91197204589844,74150700,0.0,0.0
2021-09-28 00:00:00-04:00,139.8424381686271,141.3067568929059,138.31954907870838,138.53431701660156,108972300,0.0,0.0
2021-09-29 00:00:00-04:00,139.08096654322168,141.0138627120859,138.6514307510702,139.43240356445312,74602000,0.0,0.0
2021-09-30 00:00:00-04:00,140.2426707272125,140.9455448156453,137.9192805517919,138.13404846191406,89056700,0.0,0.0
2021-10-01 00:00:00-04:00,138.52453927839463,139.52028013802934,135.80091312494108,139.25669860839844,94639600,0.0,0.0
2021-10-04 00:00:00-04:00,138.38788760314102,138.82719517325862,134.98091529074117,135.83021545410156,98322000,0.0,0.0
2021-10-05 00:00:00-04:00,136.17185207930245,138.8564357660988,136.04493972017434,137.75331115722656,80861100,0.0,0.0
2021-10-06 00:00:00-04:00,136.15233067899587,138.76857249312508,135.07849119061893,138.6221466064453,83221100,0.0,0.0
2021-10-07 00:00:00-04:00,139.65692980871162,140.7893396562003,139.32502120039112,139.88145446777344,61732700,0.0,0.0
2021-10-08 00:00:00-04:00,140.60385709315267,140.7502829805711,139.16882381318146,139.500732421875,58773200,0.0,0.0
2021-10-11 00:00:00-04:00,138.88572424122802,141.36529686032225,138.43666004151856,139.41287231445312,64452200,0.0,0.0
2021-10-12 00:00:00-04:00,139.82288519545196,139.84241361250955,137.68497785008697,138.143798828125,73035900,0.0,0.0
2021-10-13 00:00:00-04:00,137.8802573777795,138.03644005527403,135.88877555756454,137.55810546875,78762700,0.0,0.0
2021-10-14 00:00:00-04:00,138.7295267040612,140.45742659800283,138.14379338196727,140.34027099609375,69907100,0.0,0.0
2021-10-15 00:00:00-04:00,140.3500225311004,141.45313211222725,140.09619784320086,141.39456176757812,67940300,0.0,0.0
2021-10-18 00:00:00-04:00,140.03765490452832,143.34701408719482,139.7545598847163,143.0639190673828,85589200,0.0,0.0
2021-10-19 00:00:00-04:00,143.51295730034732,145.62157933226285,143.06390800766076,145.22132873535156,76378900,0.0,0.0
2021-10-20 00:00:00-04:00,145.16278083703227,146.18780683574556,144.59657585778285,145.70945739746094,58418800,0.0,0.0
2021-10-21 00:00:00-04:00,145.2701339545865,146.08039186170322,144.35249211048287,145.9241943359375,61421000,0.0,0.0
2021-10-22 00:00:00-04:00,146.129212114762,146.60754657748723,145.10418628692474,145.1529998779297,58883400,0.0,0.0
2021-10-25 00:00:00-04:00,145.14325947301697,145.8168484447923,144.1084766625064,145.10421752929688,50720600,0.0,0.0
2021-10-26 00:00:00-04:00,145.77776213009912,147.25183711393476,145.465367092144,145.76800537109375,60893400,0.0,0.0
2021-10-27 00:00:00-04:00,145.80708231384622,146.16827612937263,144.9577823061733,145.30921936035156,56094900,0.0,0.0
2021-10-28 00:00:00-04:00,146.25615073002083,149.5264533730465,146.15852353048365,148.94073486328125,100077900,0.0,0.0
2021-10-29 00:00:00-04:00,143.7179883048137,146.373287179863,142.92725865743117,146.2366180419922,124953200,0.0,0.0
2021-11-01 00:00:00-04:00,145.44591116098886,146.13901372017423,144.2842158593394,145.4166259765625,74588300,0.0,0.0
2021-11-02 00:00:00-04:00,145.12372094423125,147.96450225059075,145.11394928812004,146.4513702392578,69122000,0.0,0.0
2021-11-03 00:00:00-04:00,146.81257403590004,148.35499132920407,146.25614074482093,147.88641357421875,54511500,0.0,0.0
2021-11-04 00:00:00-04:00,147.97426542713765,148.80403696262286,147.0566234619275,147.3690185546875,60394600,0.0,0.0
2021-11-05 00:00:00-04:00,148.49328605752575,148.79635114627666,146.7042085245969,147.8969268798828,65463900,0.22,0.0
2021-11-08 00:00:00-05:00,148.02403856122066,148.18046407919945,146.80199217243356,147.0757293701172,55020900,0.0,0.0
2021-11-09 00:00:00-05:00,146.84107977637362,148.0435691533501,146.70421118808,147.43743896484375,56787900,0.0,0.0
2021-11-10 00:00:00-05:00,146.66511965093986,146.7726603269792,144.54364896685252,144.61207580566406,65187100,0.0,0.0
2021-11-11 00:00:00-05:00,145.62883774477925,146.0883134852804,144.37744845730748,144.56320190429688,41000000,0.0,0.0
2021-11-12 00:00:00-05:00,145.11066161989166,147.03660782102534,144.18190939663026,146.6357879638672,63804000,0.0,0.0
2021-11-15 00:00:00-05:00,147.00727451410145,148.48351596746593,146.08829332480207,146.6455535888672,59222800,0.0,0.0
2021-11-16 00:00:00-05:00,146.58690654221206,148.102247003654,146.00031832566742,147.62319946289062,59256200,0.0,0.0
2021-11-17 00:00:00-05:00,147.6232038564801,151.53375230300938,147.61343285568483,150.05752563476562,88807000,0.0,0.0
2021-11-18 00:00:00-05:00,150.2726099643279,155.12168178008048,149.627365877677,154.33956909179688,137827700,0.0,0.0
2021-11-19 00:00:00-05:00,154.12448394226502,157.41913113659675,153.02953515610952,156.9596405029297,117305600,0.0,0.0
2021-11-22 00:00:00-05:00,158.06437288139423,161.99447854129045,157.3995867561447,157.4191436767578,117467900,0.0,0.0
2021-11-23 00:00:00-05:00,157.51687668201387,158.18167763297342,155.5029467463392,157.80039978027344,96041900,0.0,0.0
2021-11-24 00:00:00-05:00,157.15516717862224,158.51408217991857,156.06998937776268,158.3185577392578,69463600,0.0,0.0
2021-11-26 00:00:00-05:00,156.00155632601601,156.8618668141861,152.8633347292546,153.3032684326172,76959800,0.0,0.0
2021-11-29 00:00:00-05:00,155.8060160344783,157.58532267329434,155.2389847402696,156.6565704345703,88748200,0.0,0.0
2021-11-30 00:00:00-05:00,156.41215841772612,161.8184901598309,156.34371666317804,161.60340881347656,174048100,0.0,0.0
2021-12-01 00:00:00-05:00,163.7346542506034,166.49159798116264,160.85062784337472,161.08526611328125,152052500,0.0,0.0
2021-12-02 00:00:00-05:00,155.19014164372396,160.52803264766237,154.27116024660182,160.09786987304688,136739200,0.0,0.0
2021-12-03 00:00:00-05:00,160.35202051883033,161.27100166043388,156.14817855062066,158.22076416015625,118023100,0.0,0.0
2021-12-06 00:00:00-05:00,160.61600581977925,164.12573463510114,160.60623481829575,161.62298583984375,107497000,0.0,0.0
2021-12-07 00:00:00-05:00,165.2988844701773,167.7429772469704,164.57542763792551,167.35191345214844,120405400,0.0,0.0
2021-12-08 00:00:00-05:00,168.280661937793,172.02501344578044,166.8826332677211,171.16468811035156,116998900,0.0,0.0
2021-12-09 00:00:00-05:00,170.9985052389604,172.79735388590385,170.03063915946248,170.6563262939453,108923700,0.0,0.0
2021-12-10 00:00:00-05:00,171.29177949219212,175.61293309472177,170.78340409261324,175.43695068359375,115402700,0.0,0.0
2021-12-13 00:00:00-05:00,177.06961358561998,178.0570365302883,171.6046261840087,171.8099365234375,153237000,0.0,0.0
2021-12-14 00:00:00-05:00,171.33089709564845,173.76521877848376,168.35888695654498,170.4314727783203,139380400,0.0,0.0
2021-12-15 00:00:00-05:00,171.19402728468987,175.48585340924998,168.4566405154073,175.2903289794922,131063300,0.0,0.0
2021-12-16 00:00:00-05:00,175.27076132354634,177.08916675225177,166.9315188519041,168.40774536132812,150185800,0.0,0.0
2021-12-17 00:00:00-05:00,166.1298274724243,169.59067037342322,165.89520416900396,167.31277465820312,195432700,0.0,0.0
2021-12-20 00:00:00-05:00,164.51676029378936,166.76532847471316,163.71510567618958,165.95388793945312,107499100,0.0,0.0
2021-12-21 00:00:00-05:00,167.72343104614094,169.3267554134747,165.33799395674112,169.1214599609375,91185900,0.0,0.0
2021-12-22 00:00:00-05:00,169.170356225191,171.92730064327637,168.30025960227871,171.71221923828125,92135300,0.0,0.0
2021-12-23 00:00:00-05:00,171.91746810959268,172.89510508509778,171.35043687369296,172.3378448486328,68356600,0.0,0.0
2021-12-27 00:00:00-05:00,173.12975263201184,176.3852860059842,173.1102106304085,176.29730224609375,74919600,0.0,0.0
2021-12-28 00:00:00-05:00,176.13111784462515,177.27495155456995,174.5375644683696,175.2805633544922,79144300,0.0,0.0
2021-12-29 00:00:00-05:00,175.31961493073234,176.59054579626414,174.15622471345836,175.36849975585938,62348900,0.0,0.0
2021-12-30 00:00:00-05:00,175.45649254440238,176.531899082473,174.10734887256012,174.2148895263672,59773000,0.0,0.0
2021-12-31 00:00:00-05:00,174.10734418937602,175.22184960905506,173.29590380839542,173.59898376464844,64062300,0.0,0.0
2022-01-03 00:00:00-05:00,173.85318194367048,178.7902515625947,173.73587028238754,177.939697265625,104487900,0.0,0.0
2022-01-04 00:00:00-05:00,178.54585013474667,178.84891521802436,175.11433471652768,175.68136596679688,99310400,0.0,0.0
2022-01-05 00:00:00-05:00,175.59335905952486,176.140833320671,170.73450261552068,171.00823974609375,94537600,0.0,0.0
2022-01-06 00:00:00-05:00,168.83792269234627,171.3797850968752,167.80162976232634,168.15357971191406,96904000,0.0,0.0
2022-01-07 00:00:00-05:00,169.02367835082143,170.24572473108867,167.2052727402814,168.3197784423828,86709100,0.0,0.0
2022-01-10 00:00:00-05:00,165.29890311477462,168.6424206204467,164.40924966346103,168.33935546875,106765600,0.0,0.0
2022-01-11 00:00:00-05:00,168.46641535499305,171.26244286002324,166.99995985190662,171.16468811035156,76138300,0.0,0.0
2022-01-12 00:00:00-05:00,172.18141648353657,173.21770927349675,170.91050037060046,171.6046142578125,74805200,0.0,0.0
2022-01-13 00:00:00-05:00,171.84906951188285,172.6702811972984,167.9482916298187,168.33935546875,84505800,0.0,0.0
2022-01-14 00:00:00-05:00,167.5083685317949,169.89380588973404,167.26395921098248,169.19969177246094,80440800,0.0,0.0
2022-01-18 00:00:00-05:00,167.67452813175186,168.6814931182034,165.6214992398613,166.00277709960938,90956700,0.0,0.0
2022-01-19 00:00:00-05:00,166.19831524532339,167.25416515581253,162.22911080921511,162.5126190185547,94815000,0.0,0.0
2022-01-20 00:00:00-05:00,163.24580374079267,165.8854203606941,160.50841746485392,160.83103942871094,91420500,0.0,0.0
2022-01-21 00:00:00-05:00,160.74309086318223,162.61038131219433,158.67050497614542,158.77804565429688,122848900,0.0,0.0
2022-01-24 00:00:00-05:00,156.44149634340394,158.67050778679211,151.24045969712583,158.00570678710938,162294600,0.0,0.0
2022-01-25 00:00:00-05:00,155.4247355135648,159.1202024043847,153.5085752311325,156.20684814453125,115798400,0.0,0.0
2022-01-26 00:00:00-05:00,159.84366081362626,160.7137572085088,154.29068942101793,156.11886596679688,108275300,0.0,0.0
2022-01-27 00:00:00-05:00,158.8171416631375,160.1760566161972,154.74039680395836,155.6593780517578,121954600,0.0,0.0
2022-01-28 00:00:00-05:00,162.00425626677838,166.54049197821774,159.15932862262193,166.52093505859375,179935700,0.0,0.0
2022-01-31 00:00:00-05:00,166.35473547583268,171.0864955438015,165.71926239899202,170.8714141845703,115541600,0.0,0.0
2022-02-01 00:00:00-05:00,170.1186272242385,170.93006781127377,168.45664712970438,170.70521545410156,86213900,0.0,0.0
2022-02-02 00:00:00-05:00,170.84204842565634,171.94678289724823,169.45380581653876,171.9076690673828,84914300,0.0,0.0
2022-02-03 00:00:00-05:00,170.57811566132818,172.29876649074853,168.27089152715305,169.033447265625,89418100,0.0,0.0
2022-02-04 00:00:00-05:00,168.05455952783922,170.42346859121156,167.0756769166009,168.74957275390625,82465400,0.22,0.0
2022-02-07 00:00:00-05:00,169.20962915449093,170.27660749223818,167.33995999905824,168.03497314453125,77251200,0.0,0.0
2022-02-08 00:00:00-05:00,168.1035342150904,171.6471000057892,167.80986639624405,171.13807678222656,74829200,0.0,0.0
2022-02-09 00:00:00-05:00,172.33228001362485,172.9196005956565,171.20655609241282,172.5574188232422,71285000,0.0,0.0
2022-02-10 00:00:00-05:00,170.4626223841964,171.7743215374217,167.92731993059743,168.4852752685547,90865900,0.0,0.0
2022-02-11 00:00:00-05:00,168.6908451580762,169.42500712943504,164.49143031742815,165.07876586914062,98670700,0.0,0.0
2022-02-14 00:00:00-05:00,163.83558309476697,165.99892030677,163.04269054419584,165.31370544433594,86185500,0.0,0.0
2022-02-15 00:00:00-05:00,167.35953966665278,169.29772280484622,166.6547430824804,169.14109802246094,62527400,0.0,0.0
2022-02-16 00:00:00-05:00,168.22100455291906,169.67953027359678,166.45901263665095,168.90621948242188,61177400,0.0,0.0
2022-02-17 00:00:00-05:00,167.4182971510757,168.27971865617212,164.91235997613748,165.31370544433594,69589300,0.0,0.0
2022-02-18 00:00:00-05:00,166.23384762062662,166.93862933962222,162.68049906023276,163.76705932617188,82772700,0.0,0.0
2022-02-22 00:00:00-05:00,161.49605730830203,163.16995323151656,158.72581758393332,160.85000610351562,91162800,0.0,0.0
2022-02-23 00:00:00-05:00,162.04421705709984,162.64133603328534,156.37649344425944,156.6897430419922,90009200,0.0,0.0
2022-02-24 00:00:00-05:00,149.35790916683425,159.4110376690062,148.79015546543386,159.30335998535156,141147500,0.0,0.0
2022-02-25 00:00:00-05:00,160.38010876655954,161.6330771993794,157.472826482258,161.36878967285156,91974200,0.0,0.0
2022-02-28 00:00:00-05:00,159.61662156600548,161.92678549313706,158.99992064321486,161.63311767578125,95056600,0.0,0.0
2022-03-01 00:00:00-05:00,161.22195543903135,163.08184127413253,158.54961021930214,159.75363159179688,83474400,0.0,0.0
2022-03-02 00:00:00-05:00,160.91852050375005,163.82580321014547,159.50892707803538,163.04269409179688,79724800,0.0,0.0
2022-03-03 00:00:00-05:00,164.91236813214016,165.34307890598984,162.0540324670775,162.71966552734375,76678400,0.0,0.0
2022-03-04 00:00:00-05:00,161.01642127862274,162.0540345545001,158.67689221468046,159.7242889404297,83737200,0.0,0.0
2022-03-07 00:00:00-05:00,159.91028134097652,161.5352302369313,155.68150083148916,155.93601989746094,96418800,0.0,0.0
2022-03-08 00:00:00-05:00,155.46617371481233,159.44043549933374,152.50994347183405,154.1153106689453,131148300,0.0,0.0
2022-03-09 00:00:00-05:00,158.06996768709067,159.95921898709753,156.04368834876885,159.50892639160156,91454900,0.0,0.0
2022-03-10 00:00:00-05:00,156.81700107101284,157.0029911685478,152.6861150001443,155.1724853515625,105342000,0.0,0.0
2022-03-11 00:00:00-05:00,155.57381332247203,155.91642822664025,151.23737032666907,151.46250915527344,96970100,0.0,0.0
2022-03-14 00:00:00-04:00,148.2517595892854,150.86537421208124,146.9302771053436,147.4392852783203,108732100,0.0,0.0
2022-03-15 00:00:00-04:00,147.71340492610565,152.28480063427574,147.204396636905,151.81492614746094,92964300,0.0,0.0
2022-03-16 00:00:00-04:00,153.73355381345266,156.62125521924412,151.1982508293672,156.21990966796875,102300200,0.0,0.0
2022-03-17 00:00:00-04:00,155.26060037752023,157.6001296550613,154.3012994227279,157.2281494140625,75615400,0.0,0.0
2022-03-18 00:00:00-04:00,157.1204422875064,161.0066074424884,156.3862803303168,160.5171661376953,123511700,0.0,0.0
2022-03-21 00:00:00-04:00,160.0571133745572,162.8371517415441,159.5676719986422,161.88763427734375,95811400,0.0,0.0
2022-03-22 00:00:00-04:00,162.01486028186812,165.84229498697943,161.42753966012307,165.25497436523438,81532000,0.0,0.0
2022-03-23 00:00:00-04:00,164.44246513312697,168.99426246742138,164.1096337544523,166.61558532714844,98062700,0.0,0.0
2022-03-24 00:00:00-04:00,167.44762778277175,170.46258749011093,166.61558667077662,170.39407348632812,90131400,0.0,0.0
2022-03-25 00:00:00-04:00,170.20812239603873,171.57855215101324,169.1019802060181,171.03038024902344,80546200,0.0,0.0
2022-03-28 00:00:00-04:00,168.53420969754978,172.019029244763,168.36780145361686,171.89178466796875,90371900,0.0,0.0
2022-03-29 00:00:00-04:00,172.95877935054617,175.22977935165113,172.6161644453855,175.18084716796875,100589400,0.0,0.0
2022-03-30 00:00:00-04:00,174.77947258625517,175.8170856417981,172.96853399467147,174.0159454345703,92633200,0.0,0.0
2022-03-31 00:00:00-04:00,174.08447018974397,174.2704602652505,170.71711180695456,170.9226837158203,103049300,0.0,0.0
2022-04-01 00:00:00-04:00,170.35494237968112,171.18699858724577,168.30908127405286,170.6290283203125,78751300,0.0,0.0
2022-04-04 00:00:00-04:00,170.88357292891146,174.720791608407,170.75631338866327,174.67184448242188,76468400,0.0,0.0
2022-04-05 00:00:00-04:00,173.7516811601631,174.53479031608524,170.73672061862993,171.3632049560547,73401800,0.0,0.0
2022-04-06 00:00:00-04:00,168.72023795719042,169.96342328033663,166.53733352192953,168.20143127441406,89058800,0.0,0.0
2022-04-07 00:00:00-04:00,167.54556668896316,169.69910564386342,166.26323274049562,168.50486755371094,77594700,0.0,0.0
2022-04-08 00:00:00-04:00,168.1524524173325,168.1524524173325,165.62693350816983,166.49813842773438,76575500,0.0,0.0
2022-04-11 00:00:00-04:00,165.14726983208973,165.46050445879015,162.00505049807634,162.24977111816406,72246700,0.0,0.0
2022-04-12 00:00:00-04:00,164.47187468621496,166.28279871101802,163.12101178667447,164.11947631835938,79265200,0.0,0.0
2022-04-13 00:00:00-04:00,163.8551587010773,167.42807423573976,163.24825626550125,166.8015899658203,70618900,0.0,0.0
2022-04-14 00:00:00-04:00,167.01694559853848,167.65322825491936,161.55477886000992,161.79949951171875,75329400,0.0,0.0
2022-04-18 00:00:00-04:00,160.45844346214486,163.08185675186522,160.11584349387897,161.58416748046875,69023900,0.0,0.0
2022-04-19 00:00:00-04:00,161.53521398147984,164.2760883021938,160.44865367684753,163.8649444580078,67723800,0.0,0.0
2022-04-20 00:00:00-04:00,165.19622127922986,165.31369734743882,162.59240492951264,163.6985321044922,67929800,0.0,0.0
2022-04-21 00:00:00-04:00,165.34307817395856,167.90774603308134,162.4064301142371,162.90565490722656,87227800,0.0,0.0
2022-04-22 00:00:00-04:00,162.94480808191494,164.32502122927878,158.08954369720692,158.3734130859375,84882400,0.0,0.0
2022-04-25 00:00:00-04:00,157.71755627231695,159.72426854560663,155.113739965227,159.44039916992188,96046400,0.0,0.0
2022-04-26 00:00:00-04:00,158.82372320771267,158.91181906878418,153.4105028966986,153.4888153076172,95623200,0.0,0.0
2022-04-27 00:00:00-04:00,152.61760570667977,156.41566043489684,152.09879906936447,153.263671875,88063200,0.0,0.0
2022-04-28 00:00:00-04:00,155.88707729102597,161.04579354437072,155.57382764277364,160.1843719482422,130216800,0.0,0.0
2022-04-29 00:00:00-04:00,158.42235165998022,162.69028026576657,153.9292842451666,154.32083129882812,131747600,0.0,0.0
2022-05-02 00:00:00-04:00,153.4007100151784,154.88860092145774,150.0333512355366,154.6243133544922,123055300,0.0,0.0
2022-05-03 00:00:00-04:00,154.8102670522691,157.31621889046943,153.01892515604405,156.1121826171875,88966500,0.0,0.0
2022-05-04 00:00:00-04:00,156.29820309411934,162.96439206944154,155.89685759161674,162.5141143798828,108256500,0.0,0.0
2022-05-05 00:00:00-04:00,160.38993331507154,160.61507214954577,151.67786848905013,153.45944213867188,130525300,0.0,0.0
2022-05-06 00:00:00-04:00,152.9398334410661,156.30234136161945,151.14584468974874,154.18484497070312,116124600,0.23,0.0
2022-05-09 00:00:00-04:00,151.88112823098254,152.76342612282588,148.5088364921623,149.06761169433594,131577900,0.0,0.0
2022-05-10 00:00:00-04:00,152.45950928453797,153.65550196924158,149.92046680625165,151.46937561035156,115366700,0.0,0.0
2022-05-11 00:00:00-04:00,150.4792663261752,152.3908891933398,142.94059580220576,143.6170196533203,142689800,0.0,0.0
2022-05-12 00:00:00-04:00,139.96040581157675,143.3228989996902,136.06853101088905,139.75453186035156,182602000,0.0,0.0
2022-05-13 00:00:00-04:00,141.74459868206603,145.18553469561974,140.2937279042498,144.2150115966797,113990900,0.0,0.0
2022-05-16 00:00:00-04:00,142.68571610317943,144.616949555646,141.34266624082053,142.6759033203125,86643800,0.0,0.0
2022-05-17 00:00:00-04:00,145.9305738468132,146.8226694807634,143.7934664467187,146.3031005859375,78336300,0.0,0.0
2022-05-18 00:00:00-04:00,143.96009966859182,144.46005783667513,137.14685888931075,138.04876708984375,109742900,0.0,0.0
2022-05-19 00:00:00-04:00,137.127274568989,138.87224434894858,133.91182362893935,134.64706420898438,136095600,0.0,0.0
2022-05-20 00:00:00-04:00,136.3528515735585,137.93116906609265,130.00037534307543,134.8823699951172,137426100,0.0,0.0
2022-05-23 00:00:00-04:00,135.07840236616943,140.4407585737006,134.941158046499,140.29371643066406,117726300,0.0,0.0
2022-05-24 00:00:00-04:00,138.03898075989613,139.17615657107172,134.62746828487894,137.59783935546875,104132700,0.0,0.0
2022-05-25 00:00:00-04:00,135.70580258630076,138.99968110716551,135.61757730341805,137.7546844482422,92482700,0.0,0.0
2022-05-26 00:00:00-04:00,134.68629593603174,141.49952360823445,134.44121569632296,140.95054626464844,90601500,0.0,0.0
2022-05-27 00:00:00-04:00,142.5288570634857,146.73442720207444,142.40141055796454,146.69522094726562,90978500,0.0,0.0
2022-05-31 00:00:00-04:00,146.13641898717157,147.69512536408004,143.95029298038025,145.9109344482422,103718400,0.0,0.0
2022-06-01 00:00:00-04:00,146.95010821381516,148.75391017683245,144.773794451972,145.78353881835938,74286600,0.0,0.0
2022-06-02 00:00:00-04:00,144.92086964479174,148.29317661370146,143.9699569834941,148.23435974121094,72348100,0.0,0.0
2022-06-03 00:00:00-04:00,144.00910439920688,145.05805472503135,141.61713446378366,142.51902770996094,88570300,0.0,0.0
2022-06-06 00:00:00-04:00,144.13658414441952,145.64628674294468,142.04849579123675,143.26409912109375,71598400,0.0,0.0
2022-06-07 00:00:00-04:00,141.50933876771822,146.06782531945106,141.26425852389363,145.78353881835938,67808200,0.0,0.0
2022-06-08 00:00:00-04:00,145.6560576230458,146.92066479832334,144.5581031788664,145.0482635498047,53950200,0.0,0.0
2022-06-09 00:00:00-04:00,144.18557316361037,145.03844740252498,139.72511089989996,139.83294677734375,69473000,0.0,0.0
2022-06-10 00:00:00-04:00,137.5194322486073,137.98998215242344,134.36279735008839,134.43142700195312,91437900,0.0,0.0
2022-06-13 00:00:00-04:00,130.25523715092532,132.53938671229503,128.85338540144875,129.28472900390625,122207100,0.0,0.0
2022-06-14 00:00:00-04:00,130.51009821175379,131.25513655089347,128.89256009857948,130.14736938476562,84784300,0.0,0.0
2022-06-15 00:00:00-04:00,131.64729675078482,134.63727870714717,129.55922325217023,132.76486206054688,91533000,0.0,0.0
2022-06-16 00:00:00-04:00,129.48074772761353,129.7846447227983,126.50056470188716,127.50049591064453,108123900,0.0,0.0
2022-06-17 00:00:00-04:00,127.51036998343507,130.46113104749855,127.25547692933145,128.97103881835938,134520300,0.0,0.0
2022-06-21 00:00:00-04:00,130.7943992837295,134.36276639582726,130.6963761788774,133.19618225097656,81000500,0.0,0.0
2022-06-22 00:00:00-04:00,132.13745484401576,135.04900927487205,131.2747825760473,132.6864471435547,73409200,0.0,0.0
2022-06-23 00:00:00-04:00,134.12748814246305,135.86264504741038,132.9609040918498,135.5489501953125,72433800,0.0,0.0
2022-06-24 00:00:00-04:00,137.14684903225404,139.1173030558868,137.0194175231798,138.87222290039062,89116800,0.0,0.0
2022-06-27 00:00:00-04:00,139.89174976551223,140.66621143364327,138.19579927786032,138.87222290039062,70207900,0.0,0.0
2022-06-28 00:00:00-04:00,139.3330131628478,140.59762053174873,134.61767206581916,134.7353057861328,67083400,0.0,0.0
2022-06-29 00:00:00-04:00,134.75493953918553,137.90176176618252,133.9804775247322,136.49009704589844,66242400,0.0,0.0
2022-06-30 00:00:00-04:00,134.54906419941244,135.6470189893978,131.13755113159218,134.0294952392578,98964500,0.0,0.0
2022-07-01 00:00:00-04:00,133.36282702594735,136.3037892489926,132.99031531614665,136.19595336914062,71051600,0.0,0.0
2022-07-05 00:00:00-04:00,135.05879144662464,138.82321946775843,134.23531066321448,138.77420043945312,73353800,0.0,0.0
2022-07-06 00:00:00-04:00,138.56835645511603,141.28383440664965,138.30366564043456,140.10745239257812,74064300,0.0,0.0
2022-07-07 00:00:00-04:00,140.47017616296918,143.66603189279604,140.4603783389641,143.469970703125,66253700,0.0,0.0
2022-07-08 00:00:00-04:00,142.40142264422443,144.64636610420064,142.1465445700594,144.14639282226562,64547800,0.0,0.0
2022-07-11 00:00:00-04:00,142.80334848304327,143.7542609845207,140.95054251842944,142.0190887451172,63141600,0.0,0.0
2022-07-12 00:00:00-04:00,142.89157069008422,145.52863633565593,142.19555121961218,142.98960876464844,77588800,0.0,0.0
2022-07-13 00:00:00-04:00,140.17608985764943,143.56799177024092,139.3232005090592,142.62689208984375,71185600,0.0,0.0
2022-07-14 00:00:00-04:00,141.24462523992875,146.0187828364424,140.43095716603992,145.54823303222656,78140700,0.0,0.0
2022-07-15 00:00:00-04:00,146.83245817528143,147.8912065060331,145.2835494113212,147.21478271484375,76259900,0.0,0.0
2022-07-18 00:00:00-04:00,147.77358792071823,148.58725611818477,143.8130828380742,144.17581176757812,81420900,0.0,0.0
2022-07-19 00:00:00-04:00,145.0090823866063,148.25394254490203,144.01896354895925,148.02847290039062,82982400,0.0,0.0
2022-07-20 00:00:00-04:00,148.14610577429508,150.69494637561027,147.41086501912858,150.0283203125,64823400,0.0,0.0
2022-07-21 00:00:00-04:00,151.4595528168205,152.50850317822432,148.9499341408544,152.29283142089844,65086600,0.0,0.0
2022-07-22 00:00:00-04:00,152.3320525114364,153.2045374479934,150.3910214648786,151.05763244628906,66675400,0.0,0.0
2022-07-25 00:00:00-04:00,150.97920113195147,151.9889303599999,149.28325033510924,149.9400634765625,53623900,0.0,0.0
2022-07-26 00:00:00-04:00,149.2636385384265,150.0773065915356,147.83237855759032,148.61663818359375,55138700,0.0,0.0
2022-07-27 00:00:00-04:00,149.57732622332216,154.23384929996675,149.16559334630273,153.7044677734375,78620700,0.0,0.0
2022-07-28 00:00:00-04:00,153.8907653704556,154.53778073211737,151.37134852302864,154.2534942626953,81378700,0.0,0.0
2022-07-29 00:00:00-04:00,158.0669235799792,160.40988958103017,156.36116008489938,159.31192016601562,101786900,0.0,0.0
2022-08-01 00:00:00-04:00,157.84147403635484,160.37070393464464,157.72384030664722,158.33163452148438,67829400,0.0,0.0
2022-08-02 00:00:00-04:00,156.94938527079637,159.21392420256825,156.48863324172908,156.86114501953125,59907000,0.0,0.0
2022-08-03 00:00:00-04:00,157.67481177613547,163.311657015849,157.58658648416494,162.8607177734375,82507500,0.0,0.0
2022-08-04 00:00:00-04:00,162.74307352499065,163.89986001020398,161.19416464799912,162.54701232910156,55474100,0.0,0.0
2022-08-05 00:00:00-04:00,160.22044287042655,162.81208464474912,160.0142829089203,162.3212432861328,56697000,0.23,0.0
2022-08-08 00:00:00-04:00,163.32256080452132,164.73618641729826,161.19231095001098,161.85003662109375,60276900,0.0,0.0
2022-08-09 00:00:00-04:00,161.01555492296612,162.78258627702198,160.2596552644257,161.89906311035156,63135500,0.0,0.0
2022-08-10 00:00:00-04:00,164.60853143111325,166.23812814464867,163.8428202002786,166.1399688720703,70170500,0.0,0.0
2022-08-11 00:00:00-04:00,166.94492022851418,167.85789272456063,165.10917878344554,165.4036865234375,57149200,0.0,0.0
2022-08-12 00:00:00-04:00,166.70935086886797,169.01629605421468,166.29703098384923,168.9475860595703,68039400,0.0,0.0
2022-08-15 00:00:00-04:00,168.37821564106778,170.21395743937939,168.21133138479297,170.0176239013672,54091700,0.0,0.0
2022-08-16 00:00:00-04:00,169.61512926108554,170.52810192661653,168.51564947224608,169.8605499267578,56377100,0.0,0.0
2022-08-17 00:00:00-04:00,169.60531301748716,172.92339013736907,169.4089794863745,171.3527069091797,79542000,0.0,0.0
2022-08-18 00:00:00-04:00,170.56737014082248,171.69629926083016,169.9489052427666,170.9600372314453,62290100,0.0,0.0
2022-08-19 00:00:00-04:00,169.8605242913159,170.5575254675204,168.1720291679761,168.37818908691406,70346300,0.0,0.0
2022-08-22 00:00:00-04:00,166.58172694573366,166.74861119438174,164.07843325743647,164.5005645751953,69026800,0.0,0.0
2022-08-23 00:00:00-04:00,164.0195321647684,165.6196796113523,163.5974008535258,164.16677856445312,54147100,0.0,0.0
2022-08-24 00:00:00-04:00,164.25514348994625,165.03066617037743,163.2047358944321,164.46128845214844,53841500,0.0,0.0
2022-08-25 00:00:00-04:00,165.68839353539587,167.0234825149317,165.26627719342727,166.91549682617188,51218200,0.0,0.0
2022-08-26 00:00:00-04:00,167.44560000363606,167.91680343416758,160.56399573070382,160.62289428710938,78961000,0.0,0.0
2022-08-29 00:00:00-04:00,158.19813716461735,159.91608162954805,156.89251255304256,158.42393493652344,73314000,0.0,0.0
2022-08-30 00:00:00-04:00,159.16019500251252,159.58231130465205,154.8309714061125,155.99917602539062,77906200,0.0,0.0
2022-08-31 00:00:00-04:00,157.37354474862363,157.6386032608909,154.2616125155062,154.34014892578125,87991100,0.0,0.0
2022-09-01 00:00:00-04:00,153.77074600824523,155.51813965771387,151.83683028732437,155.0665740966797,74229900,0.0,0.0
2022-09-02 00:00:00-04:00,156.82379496598037,157.42262194968552,152.13135334781393,152.95596313476562,76957800,0.0,0.0
2022-09-06 00:00:00-04:00,153.60385293125665,154.2124912520568,150.8747769402501,151.6993865966797,73714800,0.0,0.0
2022-09-07 00:00:00-04:00,151.9841232844313,153.80022729759784,150.79628062278962,153.10324096679688,87449600,0.0,0.0
2022-09-08 00:00:00-04:00,151.80738719524012,153.49588236025656,149.88328282837716,151.6306915283203,84923800,0.0,0.0
2022-09-09 00:00:00-04:00,152.62217501880943,154.92913481819144,151.91536244109605,154.48736572265625,68028800,0.0,0.0
2022-09-12 00:00:00-04:00,156.66674327917337,161.25119983056848,156.38206187837264,160.4364013671875,104956000,0.0,0.0
2022-09-13 00:00:00-04:00,156.97105902298662,157.59933535695706,150.56067213786505,151.02206420898438,122656600,0.0,0.0
2022-09-14 00:00:00-04:00,151.95465448242936,154.22235404144755,150.79627611743592,152.4651336669922,87965400,0.0,0.0
2022-09-15 00:00:00-04:00,151.81721471946022,152.3964188629796,148.60712326254628,149.5789794921875,90481100,0.0,0.0
2022-09-16 00:00:00-04:00,148.44025825358446,148.577693242223,145.65226780231728,147.93959045410156,162278800,0.0,0.0
2022-09-19 00:00:00-04:00,146.57501740526791,151.7288507316376,146.36887246061372,151.6503143310547,81474200,0.0,0.0
2022-09-20 00:00:00-04:00,150.5901415565976,155.18442503374376,150.27601083725375,154.02603149414062,107689800,0.0,0.0
2022-09-21 00:00:00-04:00,154.4579373320565,155.83230196535132,150.78645397951445,150.9042510986328,101696800,0.0,0.0
2022-09-22 00:00:00-04:00,149.58880860884872,151.64052177438083,148.14573389948876,149.9422149658203,86652500,0.0,0.0
2022-09-23 00:00:00-04:00,148.42058784002563,148.6954577569954,145.83875792782328,147.67449951171875,96029900,0.0,0.0
2022-09-26 00:00:00-04:00,146.91861726875362,150.95333323742267,146.8989794231201,148.00828552246094,93339400,0.0,0.0
2022-09-27 00:00:00-04:00,149.94222342090066,151.88595100420483,147.20332025510484,148.98016357421875,84442700,0.0,0.0
2022-09-28 00:00:00-04:00,144.93560783080054,147.8806554147203,142.18689375661808,147.09530639648438,146691400,0.0,0.0
2022-09-29 00:00:00-04:00,143.42384928540386,144.0324877695267,138.10311583907216,139.87014770507812,128138200,0.0,0.0
2022-09-30 00:00:00-04:00,138.69210195416497,140.4787712884576,135.47218456289696,135.66851806640625,124925300,0.0,0.0
2022-10-03 00:00:00-04:00,135.67837316238783,140.44935170481597,135.16789396191245,139.8406982421875,114311700,0.0,0.0
2022-10-04 00:00:00-04:00,142.37339030080975,143.54159469628158,141.6174906956308,143.42379760742188,87830100,0.0,0.0
2022-10-05 00:00:00-04:00,141.43103055560152,144.68039782185656,140.39043433471556,143.7183380126953,79471000,0.0,0.0
2022-10-06 00:00:00-04:00,143.13914221609966,144.83744897574383,142.55995305808347,142.76609802246094,68402200,0.0,0.0
2022-10-07 00:00:00-04:00,139.9290143479333,140.47876912027488,136.89561907456743,137.52389526367188,85925600,0.0,0.0
2022-10-10 00:00:00-04:00,137.84786987304688,139.29094450363405,136.03176603772727,137.84786987304688,74899000,0.0,0.0
2022-10-11 00:00:00-04:00,137.3374268338723,138.76087897168102,135.6882068105872,136.4342803955078,77033700,0.0,0.0
2022-10-12 00:00:00-04:00,136.58152223774053,137.78898779453903,135.62928879673916,135.8059844970703,70433700,0.0,0.0
2022-10-13 00:00:00-04:00,132.51732843397534,140.95978909716513,131.90867508719168,140.37078857421875,113224000,0.0,0.0
2022-10-14 00:00:00-04:00,141.66661609125816,141.87277603175662,135.65872326737428,135.84524536132812,88598000,0.0,0.0
2022-10-17 00:00:00-04:00,138.4860163809064,140.28248293840198,137.70066705093944,139.8014678955078,85250900,0.0,0.0
2022-10-18 00:00:00-04:00,142.82500010106065,144.0128276023933,138.03438444661543,141.1168670654297,99136600,0.0,0.0
2022-10-19 00:00:00-04:00,139.09464924630257,142.2949300329497,138.9081271029758,141.2248992919922,61758300,0.0,0.0
2022-10-20 00:00:00-04:00,140.40025572638473,143.21768011702426,140.0370229627389,140.7634735107422,64522000,0.0,0.0
2022-10-21 00:00:00-04:00,140.25297565616944,145.14176534962488,140.03700430524796,144.5723876953125,86548600,0.0,0.0
2022-10-24 00:00:00-04:00,144.49386606815804,147.47817461798252,143.3256613631015,146.71246337890625,75981900,0.0,0.0
2022-10-25 00:00:00-04:00,147.34074408565283,149.69679141311283,146.62411995147127,149.54953002929688,74732300,0.0,0.0
2022-10-26 00:00:00-04:00,148.19481318791426,149.20594507644813,145.32828678897533,146.6143035888672,88194300,0.0,0.0
2022-10-27 00:00:00-04:00,145.35775035197634,146.31979510961392,141.48991849585923,142.14764404296875,109180200,0.0,0.0
2022-10-28 00:00:00-04:00,145.4853576495381,154.61500878306214,145.11232844918345,152.8872528076172,164762400,0.0,0.0
2022-10-31 00:00:00-04:00,150.35450854811523,151.4147275390832,149.13721674827332,150.5312042236328,97943200,0.0,0.0
2022-11-01 00:00:00-04:00,152.2393339638939,152.60255171953904,146.3983256985316,147.89047241210938,80379300,0.0,0.0
2022-11-02 00:00:00-04:00,146.22162239502856,149.3826416112209,142.34397906464244,142.37342834472656,93604600,0.0,0.0
2022-11-03 00:00:00-04:00,139.45781809061094,140.18426855678922,136.20845130657773,136.33607482910156,97918500,0.0,0.0
2022-11-04 00:00:00-04:00,139.71867839937045,140.28900066971147,132.13735779737468,136.0706024169922,140814800,0.23,0.0
2022-11-07 00:00:00-05:00,134.82178704829124,136.8277351131925,133.40581664759068,136.60157775878906,83374600,0.0,0.0
2022-11-08 00:00:00-05:00,138.06669154902085,139.06965789658196,135.19542542837,137.171875,89908500,0.0,0.0
2022-11-09 00:00:00-05:00,136.18856411022261,136.23773265765962,132.34381476431366,132.619140625,74917800,0.0,0.0
2022-11-10 00:00:00-05:00,138.88285345399055,144.41888427734375,137.17188688278108,144.41888427734375,118854000,0.0,0.0
2022-11-11 00:00:00-05:00,143.38642351170455,147.50648417895965,141.96061049585242,147.20166015625,93979700,0.0,0.0
2022-11-14 00:00:00-05:00,146.48384590068005,147.77198095425382,144.96953850636208,145.80535888671875,73374100,0.0,0.0
2022-11-15 00:00:00-05:00,149.67960607049233,151.02673737922098,146.08068410249945,147.53598022460938,89868300,0.0,0.0
2022-11-16 00:00:00-05:00,146.64120672406102,147.36884742264508,144.831902680013,146.30686950683594,64218300,0.0,0.0
2022-11-17 00:00:00-05:00,143.98623783804743,148.95196191687904,143.71091192910288,148.20465087890625,80389400,0.0,0.0
2022-11-18 00:00:00-05:00,149.76810292744864,150.15159363499748,147.4671586821555,148.76512145996094,74829600,0.0,0.0
2022-11-21 00:00:00-05:00,147.65398361312236,147.86047052115927,145.25470236836378,145.53985595703125,58724100,0.0,0.0
2022-11-22 00:00:00-05:00,145.65788443814483,147.909660354169,144.47789906303868,147.6736602783203,51804100,0.0,0.0
2022-11-23 00:00:00-05:00,146.95582360996656,149.29610855403772,146.8476588015229,148.54879760742188,58301400,0.0,0.0
2022-11-25 00:00:00-05:00,145.83487333926465,146.3953678932279,144.66473067745702,145.63821411132812,35195900,0.0,0.0
2022-11-28 00:00:00-05:00,142.7177546502144,144.19272111621666,140.9871327315936,141.8131103515625,69246000,0.0,0.0
2022-11-29 00:00:00-05:00,141.88196729880755,142.393293327039,138.00773375100172,138.8140411376953,83763800,0.0,0.0
2022-11-30 00:00:00-05:00,139.04016787618127,146.23801151936658,138.20436253781247,145.5595245361328,111380900,0.0,0.0
2022-12-01 00:00:00-05:00,145.7365320270306,146.64117635966434,144.1632284025417,145.83485412597656,71250400,0.0,0.0
2022-12-02 00:00:00-05:00,143.52408428382984,145.53003217962117,143.21924526160134,145.34320068359375,65447400,0.0,0.0
2022-12-05 00:00:00-05:00,145.30386574755366,148.40128929094377,143.3372438141924,144.18289184570312,68826400,0.0,0.0
2022-12-06 00:00:00-05:00,144.61557170242608,144.8417290558683,139.55151049910586,140.52499389648438,64727200,0.0,0.0
2022-12-07 00:00:00-05:00,139.81699890501977,140.97729872796708,137.6635453309665,138.58786010742188,69721100,0.0,0.0
2022-12-08 00:00:00-05:00,139.9841640195035,141.12480845757423,138.7451974772698,140.26931762695312,62128300,0.0,0.0
2022-12-09 00:00:00-05:00,139.9645101732408,143.14061609699272,138.5485396692002,139.7875213623047,76097000,0.0,0.0
2022-12-12 00:00:00-05:00,140.3184631007223,142.08842573001988,138.70583381716978,142.07859802246094,70462700,0.0,0.0
2022-12-13 00:00:00-05:00,147.00502505789572,147.46718252429508,141.8328135242381,143.0422821044922,93886200,0.0,0.0
2022-12-14 00:00:00-05:00,142.9242617747897,144.21239680146076,138.80418622868987,140.81997680664062,82291200,0.0,0.0
2022-12-15 00:00:00-05:00,138.75505030022137,139.43353745953314,133.7598273780729,134.22198486328125,98931900,0.0,0.0
2022-12-16 00:00:00-05:00,134.40879318099954,135.35276341025192,131.49818579850947,132.26516723632812,160156900,0.0,0.0
2022-12-19 00:00:00-05:00,132.85516655290323,132.94366095306307,129.12842399506934,130.160888671875,79592600,0.0,0.0
2022-12-20 00:00:00-05:00,129.19725476241064,131.02621414919912,127.72228799900502,130.09207153320312,77432800,0.0,0.0
2022-12-21 00:00:00-05:00,130.76070405901197,134.52678732015247,130.5345467103143,133.18948364257812,85928000,0.0,0.0
2022-12-22 00:00:00-05:00,132.10785363301125,132.31434056379908,128.12544063659777,130.02322387695312,77852100,0.0,0.0
2022-12-23 00:00:00-05:00,128.7350936895975,130.21006041152802,127.47645662054781,129.65940856933594,63814900,0.0,0.0
2022-12-27 00:00:00-05:00,129.1874232542848,129.2169213883547,126.57181200307966,127.85994720458984,69007800,0.0,0.0
2022-12-28 00:00:00-05:00,127.505939784758,128.8432433891337,123.76936236246999,123.9365234375,85438400,0.0,0.0
2022-12-29 00:00:00-05:00,125.85399366425621,128.30243635978945,125.59833816334043,127.44696044921875,75703700,0.0,0.0
2022-12-30 00:00:00-05:00,126.26698223669045,127.78127473228464,125.30333405560762,127.76160430908203,77034200,0.0,0.0
2023-01-03 00:00:00-05:00,128.10576142344397,128.71540946850325,122.09773035328112,122.98271179199219,112117500,0.0,0.0
2023-01-04 00:00:00-05:00,124.77233620258212,126.51280092971427,122.9925456360047,124.25118255615234,89113600,0.0,0.0
2023-01-05 00:00:00-05:00,125.0083349534918,125.63765344479737,122.67789249421179,122.93354797363281,80962700,0.0,0.0
2023-01-06 00:00:00-05:00,123.90702590791659,128.11558844506558,122.80571484542136,127.45677185058594,87754700,0.0,0.0
2023-01-09 00:00:00-05:00,128.29258725392592,131.18352399196448,127.72226507394718,127.97792053222656,70790800,0.0,0.0
2023-01-10 00:00:00-05:00,128.08610610497774,129.06941726347972,125.98182082594903,128.5482635498047,63896200,0.0,0.0
2023-01-11 00:00:00-05:00,129.05961472273617,131.28189297285235,128.28280535784592,131.26223754882812,69458900,0.0,0.0
2023-01-12 00:00:00-05:00,131.6456901154858,132.0193381171801,129.24640871746402,131.18353271484375,71379600,0.0,0.0
2023-01-13 00:00:00-05:00,129.82655147153693,132.6683196907436,129.46273119909978,132.510986328125,57809700,0.0,0.0
2023-01-17 00:00:00-05:00,132.5798193932039,134.99875596810472,131.8915047175872,133.67129516601562,63646600,0.0,0.0
2023-01-18 00:00:00-05:00,134.5366534532576,136.296774002363,132.77651790001315,132.95352172851562,69672800,0.0,0.0
2023-01-19 00:00:00-05:00,131.842384585488,133.9761683655657,131.53756047463978,133.0125274658203,58280400,0.0,0.0
2023-01-20 00:00:00-05:00,133.02231973826562,135.71659745917918,131.98001240951498,135.569091796875,80223600,0.0,0.0
2023-01-23 00:00:00-05:00,135.81491475833332,140.92814412125819,135.59858513124948,138.75502014160156,81760300,0.0,0.0
2023-01-24 00:00:00-05:00,137.96838472187488,140.77082749424633,137.95855701188813,140.15133666992188,66435100,0.0,0.0
2023-01-25 00:00:00-05:00,138.53869500355867,140.0529874380773,136.49340619294276,139.4925079345703,65799300,0.0,0.0
2023-01-26 00:00:00-05:00,140.78064047196506,141.8426182007582,139.53183124401355,141.55746459960938,54105100,0.0,0.0
2023-01-27 00:00:00-05:00,140.77082215722044,144.77289057415175,140.69215546789684,143.4945831298828,70555800,0.0,0.0
2023-01-30 00:00:00-05:00,142.54077586673455,143.12092578303154,140.46598895897412,140.6134796142578,64015300,0.0,0.0
2023-01-31 00:00:00-05:00,140.31848180314623,141.93111130163894,139.9054929686203,141.88194274902344,65874500,0.0,0.0
2023-02-01 00:00:00-05:00,141.56730384751015,144.16324461699494,138.961535368266,143.0029296875,77663600,0.0,0.0
2023-02-02 00:00:00-05:00,146.4149930473278,148.65694079146772,145.69718026187857,148.30296325683594,118339000,0.0,0.0
2023-02-03 00:00:00-05:00,145.55954560277002,154.75351068440185,145.36288637728777,151.92156982421875,154357300,0.0,0.0
2023-02-06 00:00:00-05:00,150.02377712562708,150.54493079230497,148.26364190831887,149.19778442382812,69858300,0.0,0.0
2023-02-07 00:00:00-05:00,148.12598902287087,152.63938353904294,148.12598902287087,152.06906127929688,83322600,0.0,0.0
2023-02-08 00:00:00-05:00,151.31195566545233,152.00027061110777,148.64717529938704,149.38465881347656,64120100,0.0,0.0
2023-02-09 00:00:00-05:00,151.21359681759392,151.75442098443708,147.90967054867934,148.35215759277344,56007100,0.0,0.0
2023-02-10 00:00:00-05:00,147.19007494553122,149.04151212756338,146.95371454850684,148.71652221679688,57450700,0.23,0.0
2023-02-13 00:00:00-05:00,148.65743217523777,151.91715888947925,148.62788900472555,151.51339721679688,62199000,0.0,0.0
2023-02-14 00:00:00-05:00,149.80967642706798,151.4346261088162,148.568818055862,150.87327575683594,61707600,0.0,0.0
2023-02-15 00:00:00-05:00,150.7846469892343,153.13834833360136,150.55814431502776,152.97093200683594,65573800,0.0,0.0
2023-02-16 00:00:00-05:00,151.17854429955682,153.95572244720177,151.02098573800205,151.37551879882812,68167900,0.0,0.0
2023-02-17 00:00:00-05:00,150.03617955770974,150.67630162569367,148.55896091432058,150.23313903808594,59144100,0.0,0.0
2023-02-21 00:00:00-05:00,147.91880821074704,149.0021077790729,146.15600076088242,146.2249298095703,58867200,0.0,0.0
2023-02-22 00:00:00-05:00,146.60902132895072,147.67262055430007,144.9250004924314,146.64842224121094,51011300,0.0,0.0
2023-02-23 00:00:00-05:00,147.81048914517564,148.05669224456878,145.00378282832062,147.13096618652344,48394200,0.0,0.0
2023-02-24 00:00:00-05:00,144.87574571223192,144.95453250364176,143.50685714395402,144.48182678222656,55469600,0.0,0.0
2023-02-27 00:00:00-05:00,145.46664446890208,146.90446214048941,145.21058363066865,145.67344665527344,44998500,0.0,0.0
2023-02-28 00:00:00-05:00,144.81670098117985,146.81586942805245,144.60004099931746,145.17123413085938,50547000,0.0,0.0
2023-03-01 00:00:00-05:00,144.600022862706,144.99394185647634,142.80765687884437,143.1031036376953,55479000,0.0,0.0
2023-03-02 00:00:00-05:00,142.18720807379,144.48182259076125,141.71448733904464,143.6939697265625,52238100,0.0,0.0
2023-03-03 00:00:00-05:00,145.79161175732688,148.8149928448926,145.0924034132026,148.7362060546875,70732300,0.0,0.0
2023-03-06 00:00:00-05:00,151.4542972077173,153.92618602775224,151.1293223291666,151.4936981201172,87558000,0.0,0.0
2023-03-07 00:00:00-05:00,151.36562767071513,151.69061749037596,148.8346682054165,149.2975311279297,56182000,0.0,0.0
2023-03-08 00:00:00-05:00,150.4892077170001,151.1391876253047,149.52409559763862,150.5482940673828,47204800,0.0,0.0
2023-03-09 00:00:00-05:00,151.22781194000862,152.19292402611515,147.94838436334126,148.30291748046875,53833600,0.0,0.0
2023-03-10 00:00:00-05:00,147.92869544727571,148.64760438030467,145.3681768808884,146.24465942382812,68572400,0.0,0.0
2023-03-13 00:00:00-04:00,145.56511831219402,150.81417020284252,145.4567883472071,148.18472290039062,84457100,0.0,0.0
2023-03-14 00:00:00-04:00,148.98242012042218,151.07021762009597,147.82034869008896,150.27252197265625,73695900,0.0,0.0
2023-03-15 00:00:00-04:00,148.89380784086057,150.92251923505987,147.64309172837056,150.66647338867188,77167900,0.0,0.0
2023-03-16 00:00:00-04:00,149.84904194741503,154.08373780814682,149.33693534803646,153.48300170898438,76161100,0.0,0.0
2023-03-17 00:00:00-04:00,153.70953434482817,154.35951419092353,151.93686886777078,152.64593505859375,98944600,0.0,0.0
2023-03-20 00:00:00-04:00,152.71489092530072,155.42312546588803,151.80885014610277,155.00949096679688,73641400,0.0,0.0
2023-03-21 00:00:00-04:00,154.93069227015488,156.9790888157361,154.1625247817563,156.8609161376953,73938300,0.0,0.0
2023-03-22 00:00:00-04:00,156.88061300312046,159.6774765177441,155.41323716716616,155.4329376220703,75701800,0.0,0.0
2023-03-23 00:00:00-04:00,156.41776312286146,159.0964541870748,155.28521978995877,156.5162353515625,67622100,0.0,0.0
2023-03-24 00:00:00-04:00,156.44730394409444,157.90482213956633,155.45264879499626,157.81619262695312,59196500,0.0,0.0
2023-03-27 00:00:00-04:00,157.51085991395877,158.32825581332094,155.47229152150587,155.87606811523438,52390300,0.0,0.0
2023-03-28 00:00:00-04:00,155.57082346557496,156.0829301456233,153.6110412861723,155.25567626953125,45992200,0.0,0.0
2023-03-29 00:00:00-04:00,156.94956160428092,158.60405440029712,156.92987617396892,158.32830810546875,51305700,0.0,0.0
2023-03-30 00:00:00-04:00,159.07673846378026,160.0024644815908,158.82069266127598,159.89413452148438,49501700,0.0,0.0
2023-03-31 00:00:00-04:00,159.97293860815142,162.49405610459849,159.45098920585787,162.39556884765625,68749800,0.0,0.0
2023-04-03 00:00:00-04:00,161.77514833228696,163.76445869825218,161.7259047034759,163.6462860107422,56976200,0.0,0.0
2023-04-04 00:00:00-04:00,164.06977129650792,164.3061166832112,162.60239523685718,163.114501953125,46278300,0.0,0.0
2023-04-05 00:00:00-04:00,162.2380152446489,162.54330471265868,159.34266411557562,161.27288818359375,51511700,0.0,0.0
2023-04-06 00:00:00-04:00,159.96309788102116,162.45468749786315,159.53963569062748,162.15924072265625,45390100,0.0,0.0
2023-04-10 00:00:00-04:00,158.96843186504725,159.5691680908203,157.6487867222166,159.5691680908203,47716900,0.0,0.0
2023-04-11 00:00:00-04:00,159.88429605818737,159.8941387722609,158.0722298566841,158.3578338623047,47644200,0.0,0.0
2023-04-12 00:00:00-04:00,158.77147274218814,159.59871163720814,157.35334033527027,157.66848754882812,50133100,0.0,0.0
2023-04-13 00:00:00-04:00,159.17525665056672,163.28192316496492,158.9684394039646,163.04556274414062,68445600,0.0,0.0
2023-04-14 00:00:00-04:00,162.09027277975596,163.794009087704,161.33197803499354,162.70086669921875,49386500,0.0,0.0
2023-04-17 00:00:00-04:00,162.58270789230806,162.87815467656333,161.53880894471416,162.7205810546875,41516200,0.0,0.0
2023-04-18 00:00:00-04:00,163.5773508935462,164.8674527745674,163.13417327770642,163.9417266845703,49923000,0.0,0.0
2023-04-19 00:00:00-04:00,163.2819130529251,165.60607111909823,163.02585218946155,165.08412170410156,47720200,0.0,0.0
2023-04-20 00:00:00-04:00,163.56751067945328,165.3204757933169,163.04556123695718,164.11900329589844,52456400,0.0,0.0
2023-04-21 00:00:00-04:00,162.5432913390932,163.9220227028112,161.991798793606,162.5137481689453,58337300,0.0,0.0
2023-04-24 00:00:00-04:00,162.49404087672,163.08493430890758,161.40089854610392,162.81903076171875,41949600,0.0,0.0
2023-04-25 00:00:00-04:00,162.6811465088041,163.7841314779638,161.24331393654106,161.28271484375,48714100,0.0,0.0
2023-04-26 00:00:00-04:00,160.58352244501583,162.7698073781101,160.32747660698578,161.27288818359375,45498800,0.0,0.0
2023-04-27 00:00:00-04:00,162.6811372537476,165.9999497127407,162.6811372537476,165.85223388671875,64902300,0.0,0.0
2023-04-28 00:00:00-04:00,165.93105213681218,167.27039764589344,165.33031595199535,167.10296630859375,55275900,0.0,0.0
2023-05-01 00:00:00-04:00,166.70906903109534,167.86129792357815,166.07878959348815,167.0143585205078,52472900,0.0,0.0
2023-05-02 00:00:00-04:00,167.50674796522142,167.76280882251325,164.9954731830596,165.98028564453125,48425700,0.0,0.0
2023-05-03 00:00:00-04:00,166.925713661642,168.32414556576836,164.6212560883793,164.90684509277344,65136000,0.0,0.0
2023-05-04 00:00:00-04:00,162.38573893481126,164.50307988258416,161.81454585901537,163.27206420898438,81235400,0.0,0.0
2023-05-05 00:00:00-04:00,168.3832383689214,171.65282310766082,168.1665784150509,170.9339141845703,113453200,0.0,0.0
2023-05-08 00:00:00-04:00,169.86041647416434,171.2096195052504,169.49604074216262,170.86492919921875,55962800,0.0,0.0
2023-05-09 00:00:00-04:00,170.42181373691182,170.90436226614003,168.9938385535857,169.1612548828125,45326900,0.0,0.0
2023-05-10 00:00:00-04:00,170.39224965147537,171.38690478906514,169.28924951921832,170.92404174804688,53724500,0.0,0.0
2023-05-11 00:00:00-04:00,171.2096322648924,171.9383837832071,169.55513971049686,171.11114501953125,49514700,0.0,0.0
2023-05-12 00:00:00-04:00,171.2196142676148,171.6535334613317,168.63584185680983,170.18414306640625,45533100,0.24,0.0
2023-05-15 00:00:00-04:00,170.76601261404946,170.815324358024,169.09937498339835,169.6910858154297,37266700,0.0,0.0
2023-05-16 00:00:00-04:00,169.61219003463674,170.74628490689332,169.42481443623242,169.6910858154297,42110300,0.0,0.0
2023-05-17 00:00:00-04:00,169.3360433616003,170.53916250241704,168.06386972955488,170.302490234375,57951600,0.0,0.0
2023-05-18 00:00:00-04:00,170.60823676479856,172.8172736869499,170.19404516336385,172.62989807128906,65496700,0.0,0.0
2023-05-19 00:00:00-04:00,173.951317433895,173.951317433895,172.52136743505932,172.7383270263672,55809500,0.0,0.0
2023-05-22 00:00:00-04:00,171.5746815829952,172.2945999966471,171.05201016081833,171.79164123535156,43570900,0.0,0.0
2023-05-23 00:00:00-04:00,170.7364424785807,170.9829861706954,168.91201313779877,169.18814086914062,50747300,0.0,0.0
2023-05-24 00:00:00-04:00,168.724632860117,170.03624707165045,168.16252108250686,169.46426391601562,45143500,0.0,0.0
2023-05-25 00:00:00-04:00,170.02637505144457,171.49576564962197,169.31632809947834,170.59835815429688,56058300,0.0,0.0
2023-05-26 00:00:00-04:00,170.92380920574092,173.33993425328168,170.71670589408566,173.00462341308594,54835000,0.0,0.0
2023-05-30 00:00:00-04:00,174.51344390978926,176.5153769153671,174.12883646161984,174.84873962402344,55964400,0.0,0.0
2023-05-31 00:00:00-04:00,174.87838004309978,176.870457363353,174.31625318107535,174.7994842529297,99625300,0.0,0.0
2023-06-01 00:00:00-04:00,175.24321733975688,177.62975798334406,174.4838587106697,177.6001739501953,68901800,0.0,0.0
2023-06-02 00:00:00-04:00,178.52722953293207,179.2668606606599,176.7816958581009,178.44833374023438,61996900,0.0,0.0
2023-06-05 00:00:00-04:00,180.10504889865823,182.3929658521557,175.57849662924414,177.0972137451172,121946500,0.0,0.0
2023-06-06 00:00:00-04:00,177.4818481362361,177.62976831057978,174.97695616659206,176.73236083984375,64848400,0.0,0.0
2023-06-07 00:00:00-04:00,175.9730110061888,178.70471906299082,174.86850018805862,175.36158752441406,61944600,0.0,0.0
2023-06-08 00:00:00-04:00,175.44044804834044,178.3398036598064,175.00654388250445,178.07354736328125,50214900,0.0,0.0
2023-06-09 00:00:00-04:00,178.9907186665087,179.71062202681557,178.1327514419261,178.45819091796875,48900000,0.0,0.0
2023-06-12 00:00:00-04:00,178.76385922591572,181.34763164971682,178.46800386072707,181.24900817871094,54274900,0.0,0.0
2023-06-13 00:00:00-04:00,180.27273686584886,181.60406367252176,179.91771337450308,180.7756805419922,54929100,0.0,0.0
2023-06-14 00:00:00-04:00,180.83483150172444,181.84073380664427,179.50350482104812,181.4068145751953,57462900,0.0,0.0
2023-06-15 00:00:00-04:00,181.416663079911,183.94126732878541,181.23914384950322,183.4383087158203,65433200,0.0,0.0
2023-06-16 00:00:00-04:00,184.14839232814637,184.4048073735327,181.7224110612984,182.36341857910156,101256200,0.0,0.0
2023-06-20 00:00:00-04:00,181.86046794433722,183.52710548415504,181.86046794433722,182.45216369628906,49799100,0.0,0.0
2023-06-21 00:00:00-04:00,182.34369383727915,182.84665255889604,180.06563271508736,181.4167022705078,49515700,0.0,0.0
2023-06-22 00:00:00-04:00,181.19973368511316,184.46396933431626,181.13069423738702,184.41465759277344,51245300,0.0,0.0
2023-06-23 00:00:00-04:00,182.98469303577104,184.96689848868263,182.45215034536935,184.09906005859375,53117000,0.0,0.0
2023-06-26 00:00:00-04:00,184.2470177435845,185.45015206010262,182.66913223239737,182.70858764648438,48088700,0.0,0.0
2023-06-27 00:00:00-04:00,183.31999439512526,185.78543087633778,183.10303478095216,185.45999145507812,50730800,0.0,0.0
2023-06-28 00:00:00-04:00,185.33178721386028,187.27455239917202,185.00636283468697,186.633544921875,51216800,0.0,0.0
2023-06-29 00:00:00-04:00,186.46592835204146,187.44224679697888,186.32786448538866,186.9688720703125,46347300,0.0,0.0
2023-06-30 00:00:00-04:00,188.98063939826477,191.79122791985353,188.6157445714927,191.2882843017578,85213200,0.0,0.0
2023-07-03 00:00:00-04:00,191.10087569526704,191.19949915525825,189.1087991764973,189.79913330078125,31458200,0.0,0.0
2023-07-05 00:00:00-04:00,188.92148652956726,190.31198136153697,187.98460856583768,188.68479919433594,46920300,0.0,0.0
2023-07-06 00:00:00-04:00,187.2153769807983,189.36524537083605,186.5842258571581,189.15814208984375,45094300,0.0,0.0
2023-07-07 00:00:00-04:00,188.7636804868427,190.0062550438309,187.60985803081866,188.04376220703125,46815000,0.0,0.0
2023-07-10 00:00:00-04:00,186.6433878022031,187.36330604998784,184.45407912216882,186.00238037109375,59922200,0.0,0.0
2023-07-11 00:00:00-04:00,186.5447914459214,186.68285528837708,184.02018687082855,185.47972106933594,46638100,0.0,0.0
2023-07-12 00:00:00-04:00,187.05759515232103,189.04967210294507,185.86433228601203,187.1463623046875,60750200,0.0,0.0
2023-07-13 00:00:00-04:00,187.86627557643092,188.54673850979384,187.15622860664624,187.9057159423828,41342300,0.0,0.0
2023-07-14 00:00:00-04:00,187.6000029338883,188.53686585918993,187.00830716161786,188.05364990234375,41616200,0.0,0.0
2023-07-17 00:00:00-04:00,189.24688249449068,191.63343805134278,189.15813040004866,191.30799865722656,50520200,0.0,0.0
2023-07-18 00:00:00-04:00,190.6768691009351,191.64331601668746,189.75971887799713,191.05160522460938,48288200,0.0,0.0
2023-07-19 00:00:00-04:00,190.43029994672796,195.48936484547627,189.98650938817815,192.40264892578125,80507300,0.0,0.0
2023-07-20 00:00:00-04:00,192.39283987757676,193.75376592931227,189.83865073373022,190.45994567871094,59581200,0.0,0.0
2023-07-21 00:00:00-04:00,191.4164870851642,192.2744541324422,188.58615588066942,189.28634643554688,71951700,0.0,0.0
2023-07-24 00:00:00-04:00,190.73603816687742,192.21530010696893,189.59207198839397,190.0851593017578,45377800,0.0,0.0
2023-07-25 00:00:00-04:00,190.65714646634552,191.75180092732498,190.25281124926505,190.94313049316406,37283200,0.0,0.0
2023-07-26 00:00:00-04:00,190.99243214213982,192.9351972994816,190.64728006234532,191.8109588623047,47471900,0.0,0.0
2023-07-27 00:00:00-04:00,193.30993672945922,194.47361545879667,189.88790988625553,190.54864501953125,47460200,0.0,0.0
2023-07-28 00:00:00-04:00,191.97860770429688,193.91151654263126,191.4559363697747,193.12257385253906,48291400,0.0,0.0
2023-07-31 00:00:00-04:00,193.34940127389015,193.77346420221568,192.56045853696887,193.7340087890625,38824100,0.0,0.0
2023-08-01 00:00:00-04:00,193.52693454400202,194.01015053136803,192.58020018161,192.9056396484375,35175100,0.0,0.0
2023-08-02 00:00:00-04:00,192.34347668203839,192.48154051645844,189.19759252290805,189.91749572753906,50389300,0.0,0.0
2023-08-03 00:00:00-04:00,188.92147165885288,189.7103992851957,188.05363321247987,188.52699279785156,61235200,0.0,0.0
2023-08-04 00:00:00-04:00,182.95511789971007,184.78940327661547,179.40488328381886,179.4739227294922,115956800,0.0,0.0
2023-08-07 00:00:00-04:00,179.612017181196,180.59819195946366,174.8981029449032,176.3773651123047,97576100,0.0,0.0
2023-08-08 00:00:00-04:00,177.205713919119,177.77769698523286,175.12488493894773,177.31419372558594,67823000,0.0,0.0
2023-08-09 00:00:00-04:00,178.36941190145535,178.42857997538025,174.5627769846933,175.72647094726562,60378500,0.0,0.0
2023-08-10 00:00:00-04:00,176.9986245515979,178.25107058876787,175.14462641506705,175.50950622558594,54686900,0.0,0.0
2023-08-11 00:00:00-04:00,175.10461152163393,176.38835756307438,174.34422750725284,175.5687255859375,52036700,0.24,0.0
2023-08-14 00:00:00-04:00,175.746520759633,177.44503302668653,175.0947628987085,177.21791076660156,43675600,0.0,0.0
2023-08-15 00:00:00-04:00,176.64514364841483,177.23763842738072,174.8380051896738,175.23300170898438,43622600,0.0,0.0
2023-08-16 00:00:00-04:00,174.91699954220002,176.30937200366554,174.29486573787133,174.36399841308594,46964900,0.0,0.0
2023-08-17 00:00:00-04:00,174.92684921501044,175.2922216904398,171.3125728746346,171.82608032226562,66062900,0.0,0.0
2023-08-18 00:00:00-04:00,170.14734105941557,172.91236175457905,169.81159252872837,172.3099822998047,61172200,0.0,0.0
2023-08-21 00:00:00-04:00,172.88275833759562,173.92951274494206,171.56937297444222,173.64312744140625,46311900,0.0,0.0
2023-08-22 00:00:00-04:00,174.8478727981476,175.46012191641384,174.04799506153495,175.0157470703125,42038900,0.0,0.0
2023-08-23 00:00:00-04:00,176.28962468028294,179.28176749229362,176.1019960768648,178.8571319580078,52722800,0.0,0.0
2023-08-24 00:00:00-04:00,178.41275636104422,178.83739189345877,173.81097351698816,174.17636108398438,54945800,0.0,0.0
2023-08-25 00:00:00-04:00,175.16388093182096,176.91175631972774,173.62337343895007,176.37850952148438,51449600,0.0,0.0
2023-08-28 00:00:00-04:00,177.8400098200833,178.33376298082638,176.31925671498092,177.9387664794922,43820700,0.0,0.0
2023-08-29 00:00:00-04:00,177.4548654120463,182.58989476243158,177.25736718090633,181.81964111328125,53003900,0.0,0.0
2023-08-30 00:00:00-04:00,182.62940848986258,185.50305529692773,182.43191025327192,185.3055419921875,60813900,0.0,0.0
2023-08-31 00:00:00-04:00,185.4931879048022,186.75719481874472,185.13768501849643,185.52281188964844,60794500,0.0,0.0
2023-09-01 00:00:00-04:00,187.1225652663115,187.54718572230075,185.92767607044595,187.0929412841797,45766500,0.0,0.0
2023-09-05 00:00:00-04:00,185.92769881238064,187.60645663383806,185.26607135025952,187.3299560546875,45280000,0.0,0.0
2023-09-06 00:00:00-04:00,186.0461707664675,186.49056063180015,179.2027597126584,180.62477111816406,81755800,0.0,0.0
2023-09-07 00:00:00-04:00,172.99134398653018,175.98350189646143,171.37183427986267,175.34161376953125,112488800,0.0,0.0
2023-09-08 00:00:00-04:00,176.121746745329,177.9881329660241,175.56873058484743,175.953857421875,65551300,0.0,0.0
2023-09-11 00:00:00-04:00,177.82027676778657,178.0473990105972,175.12437356668377,177.119140625,58953100,0.0,0.0
2023-09-12 00:00:00-04:00,177.2475294233725,177.8795329175836,172.63587633671216,174.09738159179688,90370200,0.0,0.0
2023-09-13 00:00:00-04:00,174.30474566083996,175.0848841389881,171.80635572558617,172.0334930419922,84267900,0.0,0.0
2023-09-14 00:00:00-04:00,171.82607585790313,173.8998448696545,171.41132506918257,173.54434204101562,60895800,0.0,0.0
2023-09-15 00:00:00-04:00,174.27512191376346,174.29487626046748,171.64836639188815,172.823486328125,109259500,0.0,0.0
2023-09-18 00:00:00-04:00,174.27511585610648,177.13889330258442,173.96899129951683,175.7465057373047,67257600,0.0,0.0
2023-09-19 00:00:00-04:00,175.30211073798526,177.38574949277796,174.91698390976052,176.83274841308594,51826900,0.0,0.0
2023-09-20 00:00:00-04:00,177.0203732393163,177.45487842056565,173.20859833310675,173.2974853515625,58436200,0.0,0.0
2023-09-21 00:00:00-04:00,172.36922214048295,174.0973581099587,171.6878404044714,171.7569580078125,63149100,0.0,0.0
2023-09-22 00:00:00-04:00,172.48772049861157,174.86761425499944,171.87547142547365,172.60621643066406,56725400,0.0,0.0
2023-09-25 00:00:00-04:00,172.02361011818323,174.7590070374673,171.97423178505466,173.880126953125,46172700,0.0,0.0
2023-09-26 00:00:00-04:00,172.63588402695854,173.01112622988728,169.5153600429677,169.81161499023438,64588900,0.0,0.0
2023-09-27 00:00:00-04:00,170.4633463371719,170.87809720821267,166.93795639924983,168.3007049560547,66921800,0.0,0.0
2023-09-28 00:00:00-04:00,167.2243249736919,169.8807195182162,165.5258128129139,168.55746459960938,56294400,0.0,0.0
2023-09-29 00:00:00-04:00,169.870831028669,170.90771561508154,168.21181267677895,169.07095336914062,51861100,0.0,0.0
2023-10-02 00:00:00-04:00,169.08081880430257,172.12233981703872,168.79443355791753,171.57920837402344,52164500,0.0,0.0
2023-10-03 00:00:00-04:00,170.1078434596355,171.46073744550782,168.6858469308082,170.24609375,49594600,0.0,0.0
2023-10-04 00:00:00-04:00,168.9524578917983,172.03348795172127,168.8339619515459,171.4903564453125,53020300,0.0,0.0
2023-10-05 00:00:00-04:00,171.6187292983148,173.25799352598938,170.52259660006877,172.72474670410156,48527900,0.0,0.0
2023-10-06 00:00:00-04:00,171.6285909459562,175.76624458491796,171.016326818613,175.27249145507812,57266700,0.0,0.0
2023-10-09 00:00:00-04:00,174.60098214625398,176.81300162773064,173.60360623261292,176.75375366210938,42390800,0.0,0.0
2023-10-10 00:00:00-04:00,175.87489990900735,177.47465549196244,175.72676490471198,176.16127014160156,43698000,0.0,0.0
2023-10-11 00:00:00-04:00,175.9736185461729,177.60301297187604,175.3811238107674,177.5536346435547,47551100,0.0,0.0
2023-10-12 00:00:00-04:00,177.82026707710477,180.06189553412176,176.80312172309905,178.4522705078125,56743100,0.0,0.0
2023-10-13 00:00:00-04:00,179.15342336284206,179.65704624189655,175.91440332167903,176.61553955078125,51427100,0.0,0.0
2023-10-16 00:00:00-04:00,174.5417330268598,176.84262444155877,174.3047260977915,176.48712158203125,52517000,0.0,0.0
2023-10-17 00:00:00-04:00,174.44296868905948,176.19085892709333,172.6160912129652,174.9367218017578,57549400,0.0,0.0
2023-10-18 00:00:00-04:00,173.38638119353993,175.36139405816417,172.92225196490105,173.64312744140625,54764400,0.0,0.0
2023-10-19 00:00:00-04:00,173.84059314667203,175.61810740546204,173.00122187734726,173.26785278320312,59302900,0.0,0.0
2023-10-20 00:00:00-04:00,173.11972583296543,173.22835212793277,170.4830858385587,170.7200927734375,64244000,0.0,0.0
2023-10-23 00:00:00-04:00,168.77470794688867,171.8359684831129,167.80694090892598,170.83859252929688,55980100,0.0,0.0
2023-10-24 00:00:00-04:00,170.88799016172553,171.50023932449824,169.30797385167378,171.2731170654297,43816600,0.0,0.0
2023-10-25 00:00:00-04:00,169.7325797223047,170.8978298690587,168.51793618108192,168.9623260498047,57157000,0.0,0.0
2023-10-26 00:00:00-04:00,168.24146504420852,169.23885617849143,163.6001878537521,164.80494689941406,70625300,0.0,0.0
2023-10-27 00:00:00-04:00,164.82468576422622,166.8490767618186,164.7456834493569,166.11831665039062,58499100,0.0,0.0
2023-10-30 00:00:00-04:00,166.90830774256386,169.0314401165317,166.7601727667049,168.1624298095703,51131000,0.0,0.0
2023-10-31 00:00:00-04:00,167.23423244098677,168.76485546731004,165.80233595599515,168.63648986816406,44846000,0.0,0.0
2023-11-01 00:00:00-04:00,168.86358325166134,172.05322449399938,167.99457285522465,171.79647827148438,56934900,0.0,0.0
2023-11-02 00:00:00-04:00,173.32714069522646,175.55889990398722,173.26789271763636,175.35153198242188,77334800,0.0,0.0
2023-11-03 00:00:00-04:00,172.06311427874405,174.61088250590672,171.18423421755685,174.4429931640625,79829200,0.0,0.0
2023-11-06 00:00:00-05:00,174.17635419198152,177.18823614800198,174.00847994055556,176.99073791503906,63841300,0.0,0.0
2023-11-07 00:00:00-05:00,176.9413698079054,180.1606499568927,176.73400192517136,179.54840087890625,70530000,0.0,0.0
2023-11-08 00:00:00-05:00,180.07177947416378,181.15802736111343,179.32126504404005,180.6050262451172,49340300,0.0,0.0
2023-11-09 00:00:00-05:00,180.67415869856794,181.81965455110011,179.53851741631973,180.1310272216797,53763500,0.0,0.0
2023-11-10 00:00:00-05:00,181.91086536697577,184.48177017271385,181.47578777634308,184.31365966796875,66133400,0.24,0.0
2023-11-13 00:00:00-05:00,183.7401702602705,183.9478113332898,182.14818998578377,182.73158264160156,43627500,0.0,0.0
2023-11-14 00:00:00-05:00,185.59914075952597,186.0045554032819,184.21481647353394,185.34205627441406,60108400,0.0,0.0
2023-11-15 00:00:00-05:00,185.7474724520267,187.3789985945617,185.6782486931539,185.90567016601562,53790500,0.0,0.0
2023-11-16 00:00:00-05:00,187.44820698590362,188.82264852852316,186.5384909930313,187.58663940429688,54412900,0.0,0.0
2023-11-17 00:00:00-05:00,188.1206090057824,188.24915879673333,186.45941980581802,187.56687927246094,50922700,0.0,0.0
2023-11-20 00:00:00-05:00,187.76462241033667,189.7620174322178,187.75473976876387,189.30715942382812,46505100,0.0,0.0
2023-11-21 00:00:00-05:00,189.26759612132614,189.37636552049437,187.61628985249988,188.50621032714844,38134500,0.0,0.0
2023-11-22 00:00:00-05:00,189.34672485819107,190.77059476808083,188.69410838615653,189.16873168945312,39617700,0.0,0.0
2023-11-24 00:00:00-05:00,188.73367065803237,188.76333367409984,187.13180743837248,187.84375,24048300,0.0,0.0
2023-11-27 00:00:00-05:00,187.79427548166112,188.53588093642713,186.78568783853885,187.6657257080078,40552600,0.0,0.0
2023-11-28 00:00:00-05:00,187.65584993609482,188.9413024556769,187.2800983304318,188.26890563964844,38415400,0.0,0.0
2023-11-29 00:00:00-05:00,188.7633319210795,189.9400151741752,186.85494082777598,187.25045776367188,43014200,0.0,0.0
2023-11-30 00:00:00-05:00,187.71515943504943,188.18979776505014,186.08363355367433,187.8239288330078,48794400,0.0,0.0
2023-12-01 00:00:00-05:00,188.19969953750024,189.4159283197641,187.11200544734405,189.09951782226562,45704800,0.0,0.0
2023-12-04 00:00:00-05:00,187.85358512953687,187.92280887485518,185.35190415389414,187.3097381591797,43389500,0.0,0.0
2023-12-05 00:00:00-05:00,188.08107862980322,192.22416932395984,188.05140052424628,191.25514221191406,66628400,0.0,0.0
2023-12-06 00:00:00-05:00,192.27358406476233,192.58011192579394,189.95977851245675,190.1674346923828,41089700,0.0,0.0
2023-12-07 00:00:00-05:00,191.46276025185608,192.81742141001197,191.42319951100376,192.09559631347656,47477700,0.0,0.0
2023-12-08 00:00:00-05:00,192.02637677770835,193.79635031367135,191.50231010992096,193.5194854736328,53406400,0.0,0.0
2023-12-11 00:00:00-05:00,190.9485830810774,191.3243346926335,189.27749628821252,191.01779174804688,60943700,0.0,0.0
2023-12-12 00:00:00-05:00,190.9189246189266,192.54056806660662,189.57414602172835,192.5306854248047,52696900,0.0,0.0
2023-12-13 00:00:00-05:00,192.90640609677627,195.7838388648497,192.66910200901862,195.74429321289062,70404200,0.0,0.0
2023-12-14 00:00:00-05:00,195.8036348613561,197.3857175620074,193.964452594447,195.8926239013672,66831600,0.0,0.0
2023-12-15 00:00:00-05:00,195.3191276085836,196.17938523204796,194.7950608853233,195.3586883544922,128538400,0.0,0.0
2023-12-18 00:00:00-05:00,193.8952224343076,194.4291868327445,192.21425301938103,193.6974639892578,55751900,0.0,0.0
2023-12-19 00:00:00-05:00,193.96444926391277,194.7456004150459,193.69746706046115,194.7357177734375,40714100,0.0,0.0
2023-12-20 00:00:00-05:00,194.69616113684165,195.46742966263125,192.6493377685547,192.6493377685547,52242800,0.0,0.0
2023-12-21 00:00:00-05:00,193.90514216040955,194.87416921268178,191.3342368191114,192.5010223388672,46482500,0.0,0.0
2023-12-22 00:00:00-05:00,192.9953923922105,193.22282892375426,190.81013681243016,191.43309020996094,37149600,0.0,0.0
2023-12-26 00:00:00-05:00,191.4429660781885,191.71983089218512,190.67169765519787,190.8892364501953,28919300,0.0,0.0
2023-12-27 00:00:00-05:00,190.33552729492325,191.33421726083122,188.95118798803827,190.98812866210938,48087700,0.0,0.0
2023-12-28 00:00:00-05:00,191.96707508718282,192.48125917871982,191.0079306668944,191.41334533691406,34049900,0.0,0.0
2023-12-29 00:00:00-05:00,191.72972215657148,192.2241257878035,189.58401220758475,190.37506103515625,42672100,0.0,0.0
2024-01-02 00:00:00-05:00,185.0552730997862,186.33084291740326,181.83176685644636,183.5621795654297,82488700,0.0,0.0
2024-01-03 00:00:00-05:00,182.15808112880916,183.79950485996184,181.37691491631995,182.187744140625,58414500,0.0,0.0
2024-01-04 00:00:00-05:00,180.11123597031312,181.04071720671112,178.85546161628733,179.87393188476562,71983600,0.0,0.0
2024-01-05 00:00:00-05:00,179.95306152436652,180.71443234786256,178.1534248404595,179.15211486816406,62379700,0.0,0.0
2024-01-08 00:00:00-05:00,180.0519005320401,183.52262348166371,179.46850790157933,183.48306274414062,59144500,0.0,0.0
2024-01-09 00:00:00-05:00,181.86143345023166,183.07766218215258,180.68475037086026,183.06777954101562,42841800,0.0,0.0
2024-01-10 00:00:00-05:00,182.2866315170422,184.31367440860302,181.8614365329183,184.1060333251953,46792900,0.0,0.0
2024-01-11 00:00:00-05:00,184.45212033242825,184.9564217479187,181.56480461990643,183.51275634765625,49128400,0.0,0.0
2024-01-12 00:00:00-05:00,183.97748271061099,184.64987951630312,183.11722519297732,183.83905029296875,40477800,0.0,0.0
2024-01-16 00:00:00-05:00,180.12115895148446,182.19764543114704,178.9049149905355,181.57470703125,65603000,0.0,0.0
2024-01-17 00:00:00-05:00,179.24110807963172,180.8825167727283,178.281963767062,180.63531494140625,47317400,0.0,0.0
2024-01-18 00:00:00-05:00,184.00715864056133,187.0230241166397,183.7500741577492,186.51873779296875,78005800,0.0,0.0
2024-01-19 00:00:00-05:00,187.21088801676132,189.80155831594578,186.70660172518024,189.41592407226562,68903000,0.0,0.0
2024-01-22 00:00:00-05:00,190.14764863184953,193.14373357255337,190.10808789018887,191.7198486328125,60133900,0.0,0.0
2024-01-23 00:00:00-05:00,192.83720939883855,193.55903452389106,191.66052626402544,192.9954071044922,42355600,0.0,0.0
2024-01-24 00:00:00-05:00,193.232744842077,194.18200660712424,192.16483101440033,192.3230438232422,53631300,0.0,0.0
2024-01-25 00:00:00-05:00,193.03493940214616,194.07318996151886,190.9485556432544,191.99668884277344,54822100,0.0,0.0
2024-01-26 00:00:00-05:00,192.09561130867766,192.58011726192578,189.79168833424328,190.2663116455078,44594000,0.0,0.0
2024-01-29 00:00:00-05:00,189.86091028509443,190.04878611194624,187.45811545873704,189.58404541015625,47145600,0.0,0.0
2024-01-30 00:00:00-05:00,188.80286821503816,189.65324309628332,185.37170567810733,185.93531799316406,55859400,0.0,0.0
2024-01-31 00:00:00-05:00,184.94651023142666,185.00585134318092,182.28663127585358,182.3360595703125,55467800,0.0,0.0
2024-02-01 00:00:00-05:00,181.93066720224104,184.85752846784007,181.76257176566293,184.76853942871094,64885400,0.0,0.0
2024-02-02 00:00:00-05:00,177.84687547061628,185.2332669548565,177.24370243482153,183.76983642578125,102551700,0.0,0.0
2024-02-05 00:00:00-05:00,186.04410163536497,187.13179578344227,183.75995901240586,185.57936096191406,69668800,0.0,0.0
2024-02-06 00:00:00-05:00,184.76853636353553,187.19111127921153,184.67954732588265,187.1812286376953,43490800,0.0,0.0
2024-02-07 00:00:00-05:00,188.5062066759397,188.91162125480523,186.49892923853312,187.28997802734375,53439000,0.0,0.0
2024-02-08 00:00:00-05:00,187.27021997882892,187.418535043408,185.2530596605407,186.2122039794922,40962000,0.0,0.0
2024-02-09 00:00:00-05:00,186.77653768433356,188.10324181676,186.1329987846296,186.9745635986328,45155200,0.24,0.0
2024-02-12 00:00:00-05:00,186.54880424779185,186.796321504533,184.9349868995182,185.29141235351562,41781900,0.0,0.0
2024-02-13 00:00:00-05:00,183.92513863049606,184.36077144619387,181.68757282391297,183.20237731933594,56529500,0.0,0.0
2024-02-14 00:00:00-05:00,183.47962222785034,183.68752828939827,180.62821823999963,182.32122802734375,54630500,0.0,0.0
2024-02-15 00:00:00-05:00,181.727184392981,182.65785175424014,179.54903541760635,182.0341033935547,65434500,0.0,0.0
2024-02-16 00:00:00-05:00,181.59845842120637,183.0142649801448,179.86583763061847,180.49948120117188,49752500,0.0,0.0
2024-02-20 00:00:00-05:00,179.98465441119404,180.6182980286837,178.2124373755958,179.75694274902344,53665600,0.0,0.0
2024-02-21 00:00:00-05:00,180.13318356154335,181.07374623255754,178.8658962581704,180.50941467285156,41371400,0.0,0.0
2024-02-22 00:00:00-05:00,181.65785591778803,183.12316891523534,180.6479964148563,182.5390167236328,52292200,0.0,0.0
2024-02-23 00:00:00-05:00,183.1726595934398,183.20236045475278,180.4202689919066,180.7073974609375,45119700,0.0,0.0
2024-02-26 00:00:00-05:00,180.43019254491847,180.9450175834942,178.85597124394113,179.3609161376953,40867400,0.0,0.0
2024-02-27 00:00:00-05:00,179.30151026553332,182.09349711935678,177.77679547469845,180.81631469726562,54318900,0.0,0.0
2024-02-28 00:00:00-05:00,180.69748823755316,181.30143093346823,178.34113428414614,179.61831665039062,48953900,0.0,0.0
2024-02-29 00:00:00-05:00,179.46984202762675,180.75693496542868,177.74711623943745,178.9550018310547,136682600,0.0,0.0
2024-03-01 00:00:00-05:00,177.76690051629518,178.73716395290236,175.61845249589473,177.8758087158203,73563100,0.0,0.0
2024-03-04 00:00:00-05:00,174.4006596751229,175.14321147352493,172.06409607852763,173.36109924316406,81510100,0.0,0.0
2024-03-05 00:00:00-05:00,169.0641855800497,170.33147275577412,167.93550746706842,168.4305419921875,95132400,0.0,0.0
2024-03-06 00:00:00-05:00,169.36119643359416,169.53941670485264,167.00482743895031,167.44046020507812,68587700,0.0,0.0
2024-03-07 00:00:00-05:00,167.47017484778516,169.0344857697736,166.81674075207243,167.32167053222656,71765100,0.0,0.0
2024-03-08 00:00:00-05:00,167.32166963491963,171.9749911536114,167.26226790901475,169.03448486328125,76267000,0.0,0.0
2024-03-11 00:00:00-04:00,171.22253935977105,172.64824117092596,170.34137853305091,171.034423828125,60139500,0.0,0.0
2024-03-12 00:00:00-04:00,171.43043622416553,172.30170175265368,169.3116892312768,171.5096435546875,59825400,0.0,0.0
2024-03-13 00:00:00-04:00,171.05425482761498,171.4700820663792,169.06420612614593,169.4305419921875,52488700,0.0,0.0
2024-03-14 00:00:00-04:00,171.19284931228447,172.57893998999515,170.34138929390355,171.28195190429688,72913500,0.0,0.0
2024-03-15 00:00:00-04:00,169.47013396047814,170.90573120117188,168.5988682774061,170.90573120117188,121752700,0.0,0.0
2024-03-18 00:00:00-04:00,173.82643054023092,175.94517770513775,171.7967859641753,171.9947967529297,75604200,0.0,0.0
2024-03-19 00:00:00-04:00,172.6086493883763,174.8561105550952,171.31166123855039,174.3313751220703,55215200,0.0,0.0
2024-03-20 00:00:00-04:00,173.97492929704185,176.8956298828125,173.3511809805003,176.8956298828125,53423100,0.0,0.0
2024-03-21 00:00:00-04:00,175.29172116809335,175.72735394947048,169.14338597139206,169.66812133789062,106181300,0.0,0.0
2024-03-22 00:00:00-04:00,170.05425166968308,171.33144918231721,168.37113733503185,170.569091796875,71160100,0.0,0.0
2024-03-25 00:00:00-04:00,168.87608692531137,170.2324767040703,167.76719930445816,169.15330505371094,54288300,0.0,0.0
2024-03-26 00:00:00-04:00,168.3117563520967,169.71765273934344,167.89592911986227,168.02464294433594,57388400,0.0,0.0
2024-03-27 00:00:00-04:00,168.7176579392829,171.87598039200594,168.42063422483255,171.58885192871094,60273300,0.0,0.0
2024-03-28 00:00:00-04:00,170.04439201670246,170.51962102200082,168.8167007201525,169.77706909179688,65672700,0.0,0.0
2024-04-01 00:00:00-04:00,169.48992969134684,169.54933141950085,167.79690490268092,168.34144592285156,46240500,0.0,0.0
2024-04-02 00:00:00-04:00,167.40087579338118,167.65828830624176,166.55931106297376,167.1632537841797,49329500,0.0,0.0
2024-04-03 00:00:00-04:00,167.11374996517486,168.98497988400436,166.90584392266877,167.9652099609375,47691700,0.0,0.0
2024-04-04 00:00:00-04:00,168.59885072968464,170.21266810452119,167.14346313476562,167.14346313476562,53704400,0.0,0.0
2024-04-05 00:00:00-04:00,167.90579979250484,168.69785802201392,167.27215623034843,167.89590454101562,42104800,0.0,0.0
2024-04-08 00:00:00-04:00,167.35140261724945,167.51971257536823,166.5692545639612,166.77716064453125,37425500,0.0,0.0
2024-04-09 00:00:00-04:00,167.02463249925154,168.39093251447707,166.67811742351924,167.98500061035156,42373800,0.0,0.0
2024-04-10 00:00:00-04:00,167.12364410431726,167.41075745661644,165.4504251384005,166.11376953125,49709300,0.0,0.0
2024-04-11 00:00:00-04:00,166.66822184170525,173.7175238179071,166.49001666248702,173.3016815185547,91070300,0.0,0.0
2024-04-12 00:00:00-04:00,172.52944039553972,176.58872985356905,172.47994902506244,174.7967071533203,101670900,0.0,0.0
2024-04-15 00:00:00-04:00,173.6185038309996,174.8758957155582,170.78690583147454,170.9750213623047,73531800,0.0,0.0
2024-04-16 00:00:00-04:00,170.04436539186383,172.0343988146065,166.59892920522176,167.69790649414062,73711200,0.0,0.0
2024-04-17 00:00:00-04:00,167.9256158132339,168.95528100035153,166.33160400390625,166.33160400390625,50901200,0.0,0.0
2024-04-18 00:00:00-04:00,166.36129252101995,166.96523521407434,164.8959946340493,165.38111877441406,43122900,0.0,0.0
2024-04-19 00:00:00-04:00,164.559379327856,164.74747975255278,162.45052746983075,163.36138916015625,68149400,0.0,0.0
2024-04-22 00:00:00-04:00,163.8762094876148,165.59891971474525,163.1336578084027,164.19302368164062,48116400,0.0,0.0
2024-04-23 00:00:00-04:00,163.7079130900853,165.391027347015,163.28217556978177,165.2425079345703,49537800,0.0,0.0
2024-04-24 00:00:00-04:00,164.8861093338651,167.6187098522012,164.5593998092657,167.34149169921875,48251800,0.0,0.0
2024-04-25 00:00:00-04:00,167.84642483703811,168.91570135131437,166.48012455092012,168.20285034179688,50558300,0.0,0.0
2024-04-26 00:00:00-04:00,168.1929553099538,169.63844783702467,167.49989480565932,167.61871337890625,44838400,0.0,0.0
2024-04-29 00:00:00-04:00,171.64826373021612,174.28185098854456,171.38095596804143,171.7769775390625,68169400,0.0,0.0
2024-04-30 00:00:00-04:00,171.60868084411632,173.2521991943247,168.31174889120035,168.6384735107422,65934800,0.0,0.0
2024-05-01 00:00:00-04:00,167.8959315377214,170.99485287185942,167.43059781958385,167.61871337890625,50383100,0.0,0.0
2024-05-02 00:00:00-04:00,170.79680537480178,171.69777183075684,169.19289835753364,171.3116455078125,94214900,0.0,0.0
2024-05-03 00:00:00-04:00,184.7963833456082,185.14291355827163,180.84601747897057,181.55886840820312,163224100,0.0,0.0
2024-05-06 00:00:00-04:00,180.5390848280799,182.37070337959045,178.62824383792136,179.9054412841797,78569700,0.0,0.0
2024-05-07 00:00:00-04:00,181.6281680754234,183.06376520709566,179.51933122687228,180.58859252929688,77305800,0.0,0.0
2024-05-08 00:00:00-04:00,181.03415540635302,181.25197183429347,179.64804949152685,180.9252471923828,45057100,0.0,0.0
2024-05-09 00:00:00-04:00,180.74701199258516,182.82616313989396,180.30148392023486,182.737060546875,48983000,0.0,0.0
2024-05-10 00:00:00-04:00,183.3120385724197,183.50040923773955,180.5658387363955,181.47793579101562,50759500,0.25,0.0
2024-05-13 00:00:00-04:00,183.84742393900163,185.4931713127623,183.03445892506747,184.68020629882812,72044800,0.0,0.0
2024-05-14 00:00:00-04:00,185.89964252722956,186.68286641073877,184.69011878206607,185.82032775878906,52393600,0.0,0.0
2024-05-15 00:00:00-04:00,186.2962297111884,189.01268886802714,185.76085876781028,188.09068298339844,70400000,0.0,0.0
2024-05-16 00:00:00-04:00,188.83423487080034,189.458829238671,188.03119361367854,188.2096405029297,52845200,0.0,0.0
2024-05-17 00:00:00-04:00,187.8824709799172,189.1713095252472,187.55530322495105,188.2393798828125,41282900,0.0,0.0
2024-05-20 00:00:00-04:00,187.70403175639103,190.2717851507536,187.38677266186554,189.3993377685547,44361300,0.0,0.0
2024-05-21 00:00:00-04:00,189.44890089382775,191.07481584379752,189.28036268210627,190.69808959960938,42309400,0.0,0.0
2024-05-22 00:00:00-04:00,190.61877317517173,191.16405275409193,188.63594934473116,189.26052856445312,34648500,0.0,0.0
2024-05-23 00:00:00-04:00,189.3398501117122,189.35968258649532,185.02721720275102,185.2750701904297,51005900,0.0,0.0
2024-05-24 00:00:00-04:00,187.19840810516956,188.94328765804346,186.42509288132968,188.3484344482422,36327000,0.0,0.0
2024-05-28 00:00:00-04:00,189.86530324069457,191.3425125399711,187.4760118609873,188.35836791992188,52280100,0.0,0.0
2024-05-29 00:00:00-04:00,187.98163930401122,190.59896650948673,187.88249204796585,188.65579223632812,53068000,0.0,0.0
2024-05-30 00:00:00-04:00,189.12173915319045,190.52954231443272,188.99286588586446,189.64718627929688,49889100,0.0,0.0
2024-05-31 00:00:00-04:00,189.79592715782175,190.91622762632966,188.27906791647348,190.59896850585938,75158300,0.0,0.0
2024-06-03 00:00:00-04:00,191.24333201644762,193.31539419555028,190.86660581567378,192.36363220214844,50080500,0.0,0.0
2024-06-04 00:00:00-04:00,192.96841099700254,193.64257895328527,191.37223723797064,192.680908203125,47471400,0.0,0.0
2024-06-05 00:00:00-04:00,193.72188613227584,195.20900403542353,193.19643901671662,194.18785095214844,54156800,0.0,0.0
2024-06-06 00:00:00-04:00,194.0093836485974,194.8124248113502,192.50243342955554,192.8097686767578,41181800,0.0,0.0
2024-06-07 00:00:00-04:00,192.978343568532,195.2486855650071,192.47272888451312,195.19911193847656,53103900,0.0,0.0
2024-06-10 00:00:00-04:00,195.20900753042525,195.60558138834554,190.49980075281104,191.4614715576172,97010200,0.0,0.0
2024-06-11 00:00:00-04:00,191.98691085726122,205.38089548057218,191.96709351098235,205.3709716796875,172373300,0.0,0.0
2024-06-12 00:00:00-04:00,205.58908283581826,218.30889945026047,205.1231180281253,211.24014282226562,198134300,0.0,0.0
2024-06-13 00:00:00-04:00,212.8957913864929,214.88852380834695,209.782758705521,212.40008544921875,97862700,0.0,0.0
2024-06-14 00:00:00-04:00,212.01345147179217,213.32210737882852,209.4853479747781,210.66513061523438,70122700,0.0,0.0
2024-06-17 00:00:00-04:00,211.53758704443374,217.06966817138198,210.8931752545736,214.8092498779297,93728300,0.0,0.0
2024-06-18 00:00:00-04:00,215.72132373307375,216.75240063817128,211.1707464886947,212.4496612548828,79943300,0.0,0.0
2024-06-20 00:00:00-04:00,212.09275812722348,212.40010854906527,207.0563985691976,207.87925720214844,86172500,0.0,0.0
2024-06-21 00:00:00-04:00,208.58317289420788,210.07029091430852,205.33134270047418,205.7080841064453,241805100,0.0,0.0
2024-06-24 00:00:00-04:00,205.93605637703942,210.87328281107088,204.8157562235364,206.35244750976562,80727000,0.0,0.0
2024-06-25 00:00:00-04:00,207.35378999494392,209.56464939365068,206.8184342324815,207.2744903564453,55549700,0.0,0.0
2024-06-26 00:00:00-04:00,209.68362348048936,213.01476817493463,208.8310086144187,211.41859436035156,66213200,0.0,0.0
2024-06-27 00:00:00-04:00,212.8462361886446,213.88722177256454,210.5263358320774,212.2613067626953,49772700,0.0,0.0
2024-06-28 00:00:00-04:00,213.91695291908772,214.21437951883613,208.4939285392998,208.81117248535156,82542700,0.0,0.0
2024-07-01 00:00:00-04:00,210.26856627972688,215.64201747450758,210.10002805599396,214.8885498046875,60402900,0.0,0.0
2024-07-02 00:00:00-04:00,214.2936836981781,218.4873670751859,213.25271326862932,218.37831115722656,58046200,0.0,0.0
2024-07-03 00:00:00-04:00,218.11063203893852,219.64732360839844,217.1489612238199,219.64732360839844,37369800,0.0,0.0
2024-07-05 00:00:00-04:00,219.7464397478406,224.5052198536283,219.7464397478406,224.3961639404297,60412400,0.0,0.0
2024-07-08 00:00:00-04:00,225.13973799267995,225.89322076278884,221.3327197032473,225.8634796142578,59085900,0.0,0.0
2024-07-09 00:00:00-04:00,225.97252074204383,227.42989753320916,224.4259205051531,226.71607971191406,48076100,0.0,0.0
2024-07-10 00:00:00-04:00,227.3307526887298,231.07828847688273,227.28117906796422,230.97914123535156,62627700,0.0,0.0
2024-07-11 00:00:00-04:00,229.40280147827102,230.39421338925845,223.83107137940016,225.61561584472656,64710600,0.0,0.0
2024-07-12 00:00:00-04:00,226.95403700304678,230.64209091466597,226.71609267309665,228.56011962890625,53046500,0.0,0.0
2024-07-15 00:00:00-04:00,234.44910163171727,235.1926606193721,231.0882156126273,232.386962890625,62631300,0.0,0.0
2024-07-16 00:00:00-04:00,232.98182214446476,234.2409196318231,230.3347538954296,232.80337524414062,43234300,0.0,0.0
2024-07-17 00:00:00-04:00,227.47946461019197,229.47221227385296,224.69359950369105,226.91436767578125,57345900,0.0,0.0
2024-07-18 00:00:00-04:00,228.3023493485251,228.46097889584826,220.36114484151935,222.25473022460938,66034600,0.0,0.0
2024-07-19 00:00:00-04:00,222.88923571935766,224.8522270905052,221.36245288688534,222.38360595703125,49151500,0.0,0.0
2024-07-22 00:00:00-04:00,225.06041535891617,225.82380677595344,221.174082433242,222.03662109375,48201800,0.0,0.0
2024-07-23 00:00:00-04:00,222.44310313331528,224.9910392063895,220.7676144514488,223.07760620117188,39960300,0.0,0.0
2024-07-24 00:00:00-04:00,222.07629380801336,222.86942645430565,215.2652980307627,216.66317749023438,61777600,0.0,0.0
2024-07-25 00:00:00-04:00,217.04981289629316,218.95333716975932,212.77682977395946,215.6221923828125,51391200,0.0,0.0
2024-07-26 00:00:00-04:00,216.8217851678197,217.6050090608147,214.15488466672127,216.08815002441406,41601300,0.0,0.0
2024-07-29 00:00:00-04:00,215.09674706599597,217.41664743865044,213.8971319294418,216.36575317382812,36311800,0.0,0.0
2024-07-30 00:00:00-04:00,217.30756370891964,218.43777260182014,214.26392209769764,216.92091369628906,41643800,0.0,0.0
2024-07-31 00:00:00-04:00,219.53828741858618,221.89785294541002,218.73524607616224,220.17279052734375,50036300,0.0,0.0
2024-08-01 00:00:00-04:00,222.44310665442717,222.55216258005441,215.15623749650504,216.48472595214844,62501000,0.0,0.0
2024-08-02 00:00:00-04:00,217.26790792406092,223.6625266661827,215.8402875210575,217.97181701660156,105568600,0.0,0.0
2024-08-05 00:00:00-04:00,197.38022606416695,211.66647767263768,194.31676638799527,207.47280883789062,119548600,0.0,0.0
2024-08-06 00:00:00-04:00,203.53685401433648,208.18657796978488,199.3431861620261,205.4502716064453,69660500,0.0,0.0
2024-08-07 00:00:00-04:00,205.12313014700663,211.80525225793107,204.61751548926864,208.01806640625,63516400,0.0,0.0
2024-08-08 00:00:00-04:00,211.27980900719393,212.36044444161047,207.0365669160157,211.47808837890625,47161100,0.0,0.0
2024-08-09 00:00:00-04:00,210.27848952903548,214.91829038971974,210.1496011292121,214.3829345703125,42201600,0.0,0.0
2024-08-12 00:00:00-04:00,214.4623401059105,217.8767320905019,213.9958359256548,215.91146850585938,38028100,0.25,0.0
2024-08-13 00:00:00-04:00,217.38043273085663,220.2390087017958,217.38043273085663,219.62362670898438,44155300,0.0,0.0
2024-08-14 00:00:00-04:00,218.92885985517657,221.37054778476931,218.06532277692483,220.07029724121094,41960600,0.0,0.0
2024-08-15 00:00:00-04:00,222.9288713384501,223.67329096872731,221.10255033510867,223.0479736328125,46414000,0.0,0.0
2024-08-16 00:00:00-04:00,222.25393109506462,225.1422830006272,221.98593577772976,224.3680877685547,44340200,0.0,0.0
2024-08-19 00:00:00-04:00,224.0405257400108,224.30852103873067,221.38045847347976,224.20925903320312,40687800,0.0,0.0
2024-08-20 00:00:00-04:00,224.09014645304697,225.4797235950926,223.77252016614798,224.8246307373047,30299000,0.0,0.0
2024-08-21 00:00:00-04:00,224.83457153469638,226.2836998547364,223.37550792716294,224.7154541015625,34765500,0.0,0.0
2024-08-22 00:00:00-04:00,226.09512887719345,226.64103964823346,222.23407290784718,222.85939025878906,43695300,0.0,0.0
2024-08-23 00:00:00-04:00,223.98097823318813,226.52192810531062,222.66087229355688,225.15219116210938,38677300,0.0,0.0
2024-08-26 00:00:00-04:00,225.07279660900764,225.58893181224732,222.22415556593285,225.4896697998047,30602200,0.0,0.0
2024-08-27 00:00:00-04:00,224.31843379232603,227.14723425887112,223.21669220638537,226.3333282470703,35934600,0.0,0.0
2024-08-28 00:00:00-04:00,226.22416240429726,228.149730282918,224.00082364270057,224.8048095703125,38052200,0.0,0.0
2024-08-29 00:00:00-04:00,228.3879521456165,231.18696212304621,227.1770283167567,228.0802459716797,51906300,0.0,0.0
2024-08-30 00:00:00-04:00,228.4772755570311,228.68570457235603,225.78743262658827,227.29612731933594,52990800,0.0,0.0
2024-09-03 00:00:00-04:00,226.84948058831634,227.2961293418145,219.52438650802387,221.11248779296875,50190600,0.0,0.0
2024-09-04 00:00:00-04:00,220.01072730838987,220.1298295937355,215.86182100754215,219.20675659179688,43840200,0.0,0.0
2024-09-05 00:00:00-04:00,219.9809679444758,223.80231295165626,219.87178579311316,220.7253875732422,36615400,0.0,0.0
2024-09-06 00:00:00-04:00,222.28368749781316,223.56409767944487,218.13479623481732,219.17698669433594,48423000,0.0,0.0
2024-09-09 00:00:00-04:00,219.17700018247805,219.6236489368284,215.09757995493325,219.26632690429688,67180000,0.0,0.0
2024-09-10 00:00:00-04:00,217.29111136152258,219.83206111139577,215.1174037589381,218.47225952148438,51591000,0.0,0.0
2024-09-11 00:00:00-04:00,219.81224273641337,221.4301044903715,216.26879790334314,221.00331115722656,44587100,0.0,0.0
2024-09-12 00:00:00-04:00,220.84449248276735,221.8866830044339,218.1844402475294,221.11248779296875,37455600,0.0,0.0
2024-09-13 00:00:00-04:00,221.91644846858938,222.37301734416337,220.25887596851652,220.844482421875,36766600,0.0,0.0
2024-09-16 00:00:00-04:00,214.92884416844979,215.60379255643394,212.32834292284386,214.7104949951172,59357400,0.0,0.0
2024-09-17 00:00:00-04:00,214.14471619981742,215.28615358843467,212.904016801209,215.17697143554688,45519300,0.0,0.0
2024-09-18 00:00:00-04:00,215.9313221513165,221.05293280374121,215.92138686335736,219.04795837402344,59894900,0.0,0.0
2024-09-19 00:00:00-04:00,223.31596324984213,228.11002736409566,222.95864123060412,227.16708374023438,66781300,0.0,0.0
2024-09-20 00:00:00-04:00,228.25887899921625,231.35565937992675,225.92635842704388,226.50204467773438,318679900,0.0,0.0
2024-09-23 00:00:00-04:00,225.64847983003366,227.74278104335218,224.12986496132828,224.7849578857422,54146000,0.0,0.0
2024-09-24 00:00:00-04:00,226.94874349226038,227.64354731931365,224.05047131587074,225.6782684326172,43556100,0.0,0.0
2024-09-25 00:00:00-04:00,223.2563961324406,225.59883710649478,222.35317851779175,224.68568420410156,42308700,0.0,0.0
2024-09-26 00:00:00-04:00,225.608784129346,226.79985253593196,223.73284722402752,225.8271484375,36636700,0.0,0.0
2024-09-27 00:00:00-04:00,226.7601514881057,227.81226214161182,225.6087788258606,226.09512329101562,34026000,0.0,0.0
2024-09-30 00:00:00-04:00,228.3283747151782,231.266357421875,227.9412771261621,231.266357421875,54541900,0.0,0.0
2024-10-01 00:00:00-04:00,227.8122863965236,227.9413088473138,222.07529305054217,224.52691650390625,63285000,0.0,0.0
2024-10-02 00:00:00-04:00,224.20925878310885,225.67824256269316,221.360617941662,225.09263610839844,32880600,0.0,0.0
2024-10-03 00:00:00-04:00,223.46481998018766,225.12239234050705,221.65836976978886,223.99087524414062,34044200,0.0,0.0
2024-10-04 00:00:00-04:00,226.20429410810965,226.3035561118749,222.46235586119454,225.11248779296875,37245100,0.0,0.0
2024-10-07 00:00:00-04:00,222.8296017820206,224.01074997862722,219.68319006872073,220.04051208496094,39505400,0.0,0.0
2024-10-08 00:00:00-04:00,222.63108533790577,224.29857792676054,221.58889489724396,224.09014892578125,31855700,0.0,0.0
2024-10-09 00:00:00-04:00,223.554178398676,228.04055170887608,223.1571606453159,227.8321075439453,33591100,0.0,0.0
2024-10-10 00:00:00-04:00,226.08521111865923,227.7924147414137,225.47974919262126,227.33583068847656,28183500,0.0,0.0
2024-10-11 00:00:00-04:00,227.5938974682738,227.70307961960657,225.6484741750507,225.85691833496094,31759200,0.0,0.0
2024-10-14 00:00:00-04:00,226.99834931201846,230.0058033150611,226.89910245149323,229.57901000976562,39882100,0.0,0.0
2024-10-15 00:00:00-04:00,231.87181141001133,235.72294688412148,230.64103225198252,232.1100311279297,64751400,0.0,0.0
2024-10-16 00:00:00-04:00,229.87678174389526,230.3929017691756,228.12986736523644,230.05543518066406,34082200,0.0,0.0
2024-10-17 00:00:00-04:00,231.69314333147315,232.1100316250369,228.80480686495974,230.42266845703125,32993800,0.0,0.0
2024-10-18 00:00:00-04:00,234.42266235996354,234.42266235996354,232.26881036633287,233.25144958496094,46431500,0.0,0.0
2024-10-21 00:00:00-04:00,232.7055644739604,235.08771628667242,232.7055644739604,234.720458984375,36254500,0.0,0.0
2024-10-22 00:00:00-04:00,232.1497589598997,234.46242459274853,230.86936376892484,234.1051025390625,38846600,0.0,0.0
2024-10-23 00:00:00-04:00,232.33831918874512,233.3904297884605,226.06533615950997,229.0430145263672,52287000,0.0,0.0
2024-10-24 00:00:00-04:00,228.26885524743938,229.10261683162435,226.71054453267715,228.85447692871094,31109500,0.0,0.0
2024-10-25 00:00:00-04:00,228.03061417648678,231.48471683213373,227.86188088691335,229.6881866455078,38802300,0.0,0.0
2024-10-28 00:00:00-04:00,231.58399967772363,232.98349712196287,230.81972458948547,231.66339111328125,36087100,0.0,0.0
2024-10-29 00:00:00-04:00,231.36563017470797,232.5864741436605,230.59143496071306,231.93138122558594,35417200,0.0,0.0
2024-10-30 00:00:00-04:00,230.87925826342104,231.7328600109945,227.8420287171323,228.387939453125,47070900,0.0,0.0
2024-10-31 00:00:00-04:00,227.63359787833264,228.11995749798112,223.69313535160188,224.2291259765625,64370100,0.0,0.0
2024-11-01 00:00:00-04:00,219.32588166379162,223.67329727363756,218.63109301833273,221.25144958496094,65276700,0.0,0.0
2024-11-04 00:00:00-05:00,219.34572401852256,221.13231895883285,218.0752491010658,220.35812377929688,44944500,0.0,0.0
2024-11-05 00:00:00-05:00,220.14968230766976,222.28367900181775,219.49458945583885,221.7873992919922,28111300,0.0,0.0
2024-11-06 00:00:00-05:00,220.95366880237512,224.387931303672,219.54423614319148,221.06285095214844,54561100,0.0,0.0
2024-11-07 00:00:00-05:00,222.95864433437472,226.18446269494834,222.89909318788202,225.7874298095703,42137700,0.0,0.0
2024-11-08 00:00:00-05:00,225.72780810336752,227.20835428792034,224.9726384261151,225.51914978027344,38328800,0.25,0.0
2024-11-11 00:00:00-05:00,223.57158868270503,224.26714170400084,220.0938084143074,222.8064727783203,42005600,0.0,0.0
2024-11-12 00:00:00-05:00,223.12444853772337,224.15783943194586,221.9420008205612,222.8064727783203,40398300,0.0,0.0
2024-11-13 00:00:00-05:00,222.58787261698694,225.2111120360391,221.34580821096,223.69082641601562,48566200,0.0,0.0
2024-11-14 00:00:00-05:00,223.59146688403666,227.41701609796436,223.57158960851197,226.77114868164062,44923900,0.0,0.0
2024-11-15 00:00:00-05:00,224.96271566917292,225.47941874534823,222.84624807603967,223.5716094970703,47923700,0.0,0.0
2024-11-18 00:00:00-05:00,223.8199993254601,228.28149999782985,223.74050538640262,226.57241821289062,44633700,0.0,0.0
2024-11-19 00:00:00-05:00,225.53899960732684,228.69881907074455,225.22103903072198,226.83074951171875,36211800,0.0,0.0
2024-11-20 00:00:00-05:00,226.61216873586113,228.4702922716314,224.45594670445817,227.54620361328125,35169600,0.0,0.0
2024-11-21 00:00:00-05:00,227.42695953023323,228.69883223369175,224.2770861035494,227.06924438476562,42108300,0.0,0.0
2024-11-22 00:00:00-05:00,226.61216818417898,229.25528492407807,226.61216818417898,228.41067504882812,38168300,0.0,0.0
2024-11-25 00:00:00-05:00,229.99061008110968,231.76923980537,228.2815280858828,231.3916473388672,90152800,0.0,0.0
2024-11-26 00:00:00-05:00,231.8487208075284,234.07450576495518,231.8487208075284,233.56773376464844,45986200,0.0,0.0
2024-11-27 00:00:00-05:00,232.9814664022851,234.1937224347506,232.32565277909848,233.43853759765625,33498400,0.0,0.0
2024-11-29 00:00:00-05:00,233.31931239062584,236.3002669685808,232.48464874765904,235.8233184814453,28481400,0.0,0.0
2024-12-02 00:00:00-05:00,235.76369091824088,239.26133321145704,235.654388648958,238.06895446777344,48137100,0.0,0.0
2024-12-03 00:00:00-05:00,238.2875760799829,241.21884512379424,237.38334952948236,241.1095428466797,38861000,0.0,0.0
2024-12-04 00:00:00-05:00,241.32812877991805,242.5602620666903,239.71841824290905,241.4672393798828,44383900,0.0,0.0
2024-12-05 00:00:00-05:00,242.44105143123323,242.98754766386446,240.59285890906452,241.4970703125,40033900,0.0,0.0
2024-12-06 00:00:00-05:00,241.36788746709487,243.0769692456264,240.5431549096241,241.29832458496094,36870600,0.0,0.0
2024-12-09 00:00:00-05:00,240.29473874492055,245.67039687977774,240.21524480725012,245.18350219726562,44649200,0.0,0.0
2024-12-10 00:00:00-05:00,245.3226337747269,246.63426111556626,243.78247081974237,246.19705200195312,36914800,0.0,0.0
2024-12-11 00:00:00-05:00,246.38582450957213,249.2077910379196,244.69660488558225,244.92515563964844,45205800,0.0,0.0
2024-12-12 00:00:00-05:00,245.32260415969785,247.1608653940442,244.1202792424049,246.3858184814453,32777500,0.0,0.0
2024-12-13 00:00:00-05:00,246.24671899982582,247.70737273801882,244.67674782957272,246.55474853515625,33155300,0.0,0.0
2024-12-16 00:00:00-05:00,246.41563368868003,249.78411156803347,246.07778066556844,249.44625854492188,51694800,0.0,0.0
2024-12-17 00:00:00-05:00,248.49237939681157,252.2185726786221,248.19428090188288,251.87078857421875,51356400,0.0,0.0
2024-12-18 00:00:00-05:00,250.55918941684527,252.66572594292316,246.16725119368886,246.47528076171875,56774100,0.0,0.0
2024-12-19 00:00:00-05:00,245.92873792847348,250.400169527173,245.5213371883983,248.20419311523438,60882300,0.0,0.0
2024-12-20 00:00:00-05:00,246.46531011815415,253.38113119374523,244.13023820234332,252.87437438964844,147495300,0.0,0.0
2024-12-23 00:00:00-05:00,253.15258832932108,254.02699130961165,251.84096111600803,253.6494140625,40858800,0.0,0.0
2024-12-24 00:00:00-05:00,253.868019379837,256.5707374276886,253.66927695641888,256.5608215332031,23234700,0.0,0.0
2024-12-26 00:00:00-05:00,256.5508929178466,258.44877099351584,255.99445048269988,257.3756103515625,27237100,0.0,0.0
2024-12-27 00:00:00-05:00,256.19314630806485,257.05764856283577,251.45343969164696,253.96737670898438,42355300,0.0,0.0
2024-12-30 00:00:00-05:00,250.6287005424076,251.8906421270002,249.15810064436016,250.59889221191406,35557500,0.0,0.0
2024-12-31 00:00:00-05:00,250.83739579916153,251.6720594492945,247.84649497663966,248.83021545410156,39480700,0.0,0.0
2025-01-02 00:00:00-05:00,247.34966196417784,247.51859606258614,240.28481431614935,242.3019256591797,55740700,0.0,0.0
2025-01-03 00:00:00-05:00,241.8150177001953,242.6298040057451,240.3543488544026,241.8150177001953,40244100,0.0,0.0
2025-01-06 00:00:00-05:00,242.75898865424097,245.75982034447205,241.65603491404494,243.44461059570312,45045600,0.0,0.0
2025-01-07 00:00:00-05:00,241.43743349025635,243.99112508347835,239.81779188041267,240.67233276367188,40856000,0.0,0.0
2025-01-08 00:00:00-05:00,240.38417847646193,242.1628232218062,238.52605495049286,241.1592254638672,37628900,0.0,0.0
2025-01-10 00:00:00-05:00,238.48627094630749,238.63532775588945,231.5207799769646,235.34634399414062,61710900,0.0,0.0
2025-01-13 00:00:00-05:00,232.04743903723335,233.18020116738663,228.26162915914,232.9119110107422,49630700,0.0,0.0
2025-01-14 00:00:00-05:00,233.2596800887061,234.62097773623856,230.9941559742804,231.79901123046875,39435300,0.0,0.0
2025-01-15 00:00:00-05:00,233.1504034772107,237.4429855317883,232.94172997653553,236.35989379882812,39832000,0.0,0.0
2025-01-16 00:00:00-05:00,235.84318609247865,236.49898454969573,226.58234697208553,226.81088256835938,71759100,0.0,0.0
2025-01-17 00:00:00-05:00,230.64637201374376,230.81529094249188,227.0294813062853,228.51995849609375,68488300,0.0,0.0
2025-01-21 00:00:00-05:00,222.57794445660952,222.99527628303537,217.9872792040061,221.22657775878906,98070400,0.0,0.0
2025-01-22 00:00:00-05:00,218.39465138442915,222.6971640978084,218.39465138442915,222.4090118408203,64126500,0.0,0.0
2025-01-23 00:00:00-05:00,223.3132578125695,225.58871322146769,220.88874557201237,222.2401123046875,60234800,0.0,0.0
2025-01-24 00:00:00-05:00,223.35297985225768,224.19758968028435,220.00437919561992,221.3656768798828,54697900,0.0,0.0
2025-01-27 00:00:00-05:00,222.59782027357136,230.67619691244207,222.55806572164707,228.40074157714844,94863400,0.0,0.0
2025-01-28 00:00:00-05:00,229.38444497187513,238.66514594376807,229.3446904229109,236.7473907470703,75707600,0.0,0.0
2025-01-29 00:00:00-05:00,232.63366934231402,238.33723404319062,232.52436707787834,237.8404083251953,45486100,0.0,0.0
2025-01-30 00:00:00-05:00,237.15477986216186,239.26131599650066,235.70405729633438,236.08163452148438,55658300,0.0,0.0
2025-01-31 00:00:00-05:00,245.62070152543137,245.62070152543137,231.9579942451269,234.50173950195312,100959800,0.0,0.0
2025-02-03 00:00:00-05:00,228.52991033796462,230.35822543026035,224.2671369795404,226.56246948242188,73063300,0.0,0.0
2025-02-04 00:00:00-05:00,225.80731341689966,231.64998934854387,225.21111642561868,231.32208251953125,45067300,0.0,0.0
2025-02-05 00:00:00-05:00,227.0791817096477,231.19289841511937,226.82083777153602,230.99417114257812,39620300,0.0,0.0
2025-02-06 00:00:00-05:00,229.8216550685821,232.31573010563136,228.96711414866223,231.73941040039062,29925300,0.0,0.0
2025-02-07 00:00:00-05:00,231.12335539671392,232.5144614947352,225.81724462416,226.18490600585938,39707200,0.0,0.0
2025-02-10 00:00:00-05:00,228.36338248973718,229.378010419489,226.00582893863492,226.45346069335938,33115600,0.25,0.0
2025-02-11 00:00:00-05:00,227.000572314181,233.99362125199642,226.93094812871882,231.3973388671875,53718400,0.0,0.0
2025-02-12 00:00:00-05:00,229.98481838871234,235.71455375787428,229.4675472393098,235.62501525878906,45243300,0.0,0.0
2025-02-13 00:00:00-05:00,235.66480095549997,241.06625350434595,234.33184765944378,240.26051330566406,53614100,0.0,0.0
2025-02-14 00:00:00-05:00,239.98200861865794,244.2594111862318,239.72338062288463,243.3144073486328,40896200,0.0,0.0
2025-02-18 00:00:00-05:00,242.86674847770814,243.8913336127375,240.56889220053384,243.18507385253906,48822500,0.0,0.0
2025-02-19 00:00:00-05:00,243.37407429304395,244.716969605811,241.88195827091008,243.5829620361328,32204200,0.0,0.0
2025-02-20 00:00:00-05:00,243.6525813389452,245.4829065325138,243.00598867544505,244.53790283203125,32316900,0.0,0.0
2025-02-21 00:00:00-05:00,244.6572756706751,247.38287960480025,243.93111682470231,244.25938415527344,53197400,0.0,0.0
2025-02-24 00:00:00-05:00,243.64264638435856,247.55199828948733,243.1353323966777,245.80125427246094,51326400,0.0,0.0
2025-02-25 00:00:00-05:00,246.69652285022872,248.68601093773057,243.62276739789988,245.74156188964844,48013300,0.0,0.0
2025-02-26 00:00:00-05:00,243.04579925662603,243.6923767743236,237.87313357927937,239.09666442871094,44433600,0.0,0.0
2025-02-27 00:00:00-05:00,238.1516754344793,241.18564780716906,235.81402085750776,236.05276489257812,41153600,0.0,0.0
2025-02-28 00:00:00-05:00,235.70458076540925,240.8175641664438,228.9900589647863,240.56887817382812,56833400,0.0,0.0
2025-03-03 00:00:00-05:00,240.51914741730602,242.74737946323825,234.8690087281554,236.77891540527344,47184000,0.0,0.0
2025-03-04 00:00:00-05:00,236.46059966619734,238.80819608105105,233.44651142335266,234.68994140625,53798100,0.0,0.0
2025-03-05 00:00:00-05:00,234.18262069274581,235.30668622205877,228.02515316620742,234.50094604492188,47227600,0.0,0.0
2025-03-06 00:00:00-05:00,233.207802772317,236.60982567864426,231.93453157387603,234.09312438964844,45170400,0.0,0.0
2025-03-07 00:00:00-05:00,233.87428329281295,240.1013758235538,233.52611679034464,237.8134765625,46273600,0.0,0.0
2025-03-10 00:00:00-04:00,234.3019970725287,234.91874867921032,223.04150278970278,226.28436279296875,72071200,0.0,0.0
2025-03-11 00:00:00-04:00,222.63366659789358,224.65299583409444,216.3070937419303,219.6792755126953,76137400,0.0,0.0
2025-03-12 00:00:00-04:00,218.98296406915986,220.58450266635003,213.78045671174684,215.83956909179688,62547500,0.0,0.0
2025-03-13 00:00:00-04:00,214.81496040955514,215.70028194858565,207.3245394208188,208.57791137695312,61368300,0.0,0.0
2025-03-14 00:00:00-04:00,210.13965751241793,212.82546311709572,208.47843695256688,212.36788940429688,60107600,0.0,0.0
2025-03-17 00:00:00-04:00,212.18885305172668,214.08881784956162,208.86641153353526,212.87522888183594,48073400,0.0,0.0
2025-03-18 00:00:00-04:00,213.03437263106773,214.01915944879542,210.37840804794794,211.5720977783203,42432400,0.0,0.0
2025-03-19 00:00:00-04:00,213.0940604852241,217.6101915579757,212.6265295918345,214.10870361328125,54385400,0.0,0.0
2025-03-20 00:00:00-04:00,212.86527847830126,216.3468825511506,211.10457731145533,212.97470092773438,48862900,0.0,0.0
2025-03-21 00:00:00-04:00,210.4480334492585,217.68976839110027,210.16950634984832,217.12277221679688,94127800,0.0,0.0
2025-03-24 00:00:00-04:00,219.83843988574125,220.31591279023903,217.43116105321957,219.56985473632812,44299500,0.0,0.0
2025-03-25 00:00:00-04:00,219.6096416779903,222.92214108802088,218.92326587520165,222.573974609375,34493600,0.0,0.0
2025-03-26 00:00:00-04:00,222.33523531503357,223.83730853242594,219.3112201065871,220.3656463623047,34466100,0.0,0.0
2025-03-27 00:00:00-04:00,220.2263848697343,223.80746952519274,219.40074548587612,222.6734619140625,37094800,0.0,0.0
2025-03-28 00:00:00-04:00,220.504904155295,222.6336557419088,216.5358700680628,216.7547149658203,39818600,0.0,0.0
2025-03-31 00:00:00-04:00,215.86937928840504,224.4341253115235,215.09348022110552,220.9624786376953,65299300,0.0,0.0
2025-04-01 00:00:00-04:00,218.65468232589998,222.50433685640354,217.749461617725,222.0169219970703,36412700,0.0,0.0
2025-04-02 00:00:00-04:00,220.15675729790527,224.00641185945875,219.8583310514353,222.71324157714844,35905900,0.0,0.0
2025-04-03 00:00:00-04:00,204.4596791341039,206.39944211542388,200.19223396809613,202.12203979492188,103419000,0.0,0.0
2025-04-04 00:00:00-04:00,192.87091122900438,198.82943318150367,186.3553350717911,187.38987731933594,125910900,0.0,0.0
2025-04-07 00:00:00-04:00,176.26863687444822,193.12954493623218,173.70219548773406,180.50625610351562,160466300,0.0,0.0
2025-04-08 00:00:00-04:00,185.71872345097177,189.3395914266431,168.32065857366717,171.51377868652344,120859500,0.0,0.0
2025-04-09 00:00:00-04:00,171.04623198001363,199.55559936553783,170.98654976711688,197.8048553466797,184395900,0.0,0.0
2025-04-10 00:00:00-04:00,188.07624843340898,193.7562279640405,182.03814529024513,189.4191436767578,121880000,0.0,0.0
2025-04-11 00:00:00-04:00,185.12188160037283,198.49122944739574,185.0820833366806,197.10853576660156,87435900,0.0,0.0
2025-04-14 00:00:00-04:00,210.32866545443895,211.82078139531484,200.10269875392328,201.45555114746094,101352900,0.0,0.0
2025-04-15 00:00:00-04:00,200.7990333068026,202.4403549077855,198.7498630049633,201.0775604248047,51343900,0.0,0.0
2025-04-16 00:00:00-04:00,197.31741584829123,199.64511311117855,191.35889396287376,193.24891662597656,59732400,0.0,0.0
2025-04-17 00:00:00-04:00,196.16351652823,197.78495412822454,193.39812938355274,195.94467163085938,52164700,0.0,0.0
2025-04-21 00:00:00-04:00,192.25416731460396,192.78138039340035,188.81234657174457,192.14474487304688,46742500,0.0,0.0
2025-04-22 00:00:00-04:00,195.08918671811182,200.53043756485187,194.93998119085117,198.69017028808594,52976400,0.0,0.0
2025-04-23 00:00:00-04:00,204.9172632087338,206.9067512010516,201.7340854567431,203.52462768554688,52929200,0.0,0.0
2025-04-24 00:00:00-04:00,203.81309077731203,207.73238443559362,201.87334307751462,207.27479553222656,47311000,0.0,0.0
2025-04-25 00:00:00-04:00,205.28531450927932,208.6475540878433,205.1162098506388,208.18002319335938,38222300,0.0,0.0
2025-04-28 00:00:00-04:00,208.89624364686077,210.38835967290976,206.3696005213303,209.03550720214844,38743100,0.0,0.0
2025-04-29 00:00:00-04:00,207.59314001435672,211.12448445804597,207.27481462988695,210.0998992919922,36827600,0.0,0.0
2025-04-30 00:00:00-04:00,208.19992461631293,212.4574277707069,205.5837430092506,211.3831024169922,52286500,0.0,0.0
2025-05-01 00:00:00-04:00,207.98108655162656,213.43227966302132,207.80202473083082,212.1988067626953,57365700,0.0,0.0
2025-05-02 00:00:00-04:00,205.0067917796952,205.9020705063368,201.09745506032002,204.27069091796875,101010600,0.0,0.0
2025-05-05 00:00:00-04:00,202.03251395918386,203.02725796650907,197.1682163705072,197.84463500976562,69018500,0.0,0.0
2025-05-06 00:00:00-04:00,197.1682179665783,199.59538061408486,195.98447015970467,197.4666290283203,51216500,0.0,0.0
2025-05-07 00:00:00-04:00,198.12317194216024,198.3917570874617,192.23428894820486,195.21852111816406,68536700,0.0,0.0
2025-05-08 00:00:00-04:00,196.68078271707188,198.99853803284546,193.65675249053749,196.45199584960938,50478900,0.0,0.0
2025-05-09 00:00:00-04:00,197.95407268173315,199.4859718922483,196.5017396407649,197.48654174804688,36453900,0.0,0.0
2025-05-12 00:00:00-04:00,210.13634313336473,210.435160708662,205.93301745006437,209.95704650878906,63775800,0.26,0.0
2025-05-13 00:00:00-04:00,209.59847136477597,212.55673652410627,208.17412935394688,212.08859252929688,51909300,0.0,0.0
2025-05-14 00:00:00-04:00,211.5905625216416,213.09460539099953,209.7478820292828,211.490966796875,49325800,0.0,0.0
2025-05-15 00:00:00-04:00,210.11643191755599,212.11849916658366,208.71199985896817,210.6144561767578,45029500,0.0,0.0
2025-05-16 00:00:00-04:00,211.52087618770122,211.7300530759797,208.9411140237391,210.4252166748047,54737900,0.0,0.0
2025-05-19 00:00:00-04:00,207.0884445111699,208.65223273202483,203.45285841572866,207.9550018310547,46140500,0.0,0.0
2025-05-20 00:00:00-04:00,206.84938410987283,207.64622592622177,204.2198167548668,206.04258728027344,42496600,0.0,0.0
2025-05-21 00:00:00-04:00,204.35927415345975,206.2218800326306,199.91690624087693,201.29144287109375,59211800,0.0,0.0
2025-05-22 00:00:00-04:00,199.91690559460176,201.94883789272,198.91088686006037,200.5643310546875,46742400,0.0,0.0
2025-05-23 00:00:00-04:00,192.90468385583864,196.91875752656549,192.69552221161257,194.4983673095703,78432900,0.0,0.0
2025-05-27 00:00:00-04:00,197.51641281084125,199.94677348688452,196.64984031499387,199.4188690185547,56288500,0.0,0.0
2025-05-28 00:00:00-04:00,199.79736291846774,201.9289060786693,199.11008702875665,199.62803649902344,45339700,0.0,0.0
2025-05-29 00:00:00-04:00,202.77554227533128,203.0046291598645,197.72556941325453,199.15988159179688,51396800,0.0,0.0
2025-05-30 00:00:00-04:00,198.58218796001185,201.16196516975768,196.00242594876025,200.0563507080078,70819900,0.0,0.0
2025-06-02 00:00:00-04:00,199.4885975362889,201.3312933884623,199.3292261245183,200.90298461914062,35423300,0.0,0.0
2025-06-03 00:00:00-04:00,200.55437033168948,202.96480586317466,200.16591202699755,202.46678161621094,46381600,0.0,0.0
2025-06-04 00:00:00-04:00,202.10819540070028,205.42503857555045,201.30139858491114,202.0185546875,43604000,0.0,0.0
2025-06-05 00:00:00-04:00,202.69585814733983,203.94091870107042,199.35908978394463,199.8372039794922,55126100,0.0,0.0
2025-06-06 00:00:00-04:00,202.19783403313102,204.8871617909174,201.2515910514923,203.11419677734375,46607700,0.0,0.0
2025-06-09 00:00:00-04:00,203.58234611432158,205.18598475848052,199.22961916524454,200.65396118164062,72862600,0.0,0.0
2025-06-10 00:00:00-04:00,199.8073282051838,203.54250994980842,199.77744796710627,201.869140625,54672600,0.0,0.0
2025-06-11 00:00:00-04:00,202.69585666840098,203.69190510411792,197.62597377823997,197.9945068359375,60989900,0.0,0.0
2025-06-12 00:00:00-04:00,198.29333609984755,198.890956077424,196.58013147350607,198.41285705566406,43904600,0.0,0.0
2025-06-13 00:00:00-04:00,198.94075911963023,199.57822954037988,194.92668495173118,195.67372131347656,51447300,0.0,0.0
2025-06-16 00:00:00-04:00,196.52037110088898,197.90487790098294,195.78328974313985,197.6359405517578,43020700,0.0,0.0
2025-06-17 00:00:00-04:00,196.4207613301707,197.6060614779548,194.43863454049264,194.86692810058594,38856200,0.0,0.0
2025-06-18 00:00:00-04:00,195.16572178414586,196.78928550519313,194.29916455806153,195.80319213867188,45394700,0.0,0.0
2025-06-20 00:00:00-04:00,197.45667615855015,200.90299573747222,196.0821242533237,200.2057647705078,96813500,0.0,0.0
2025-06-23 00:00:00-04:00,200.83325703321927,201.50060768152076,198.17380945321412,200.70376586914062,55814300,0.0,0.0
2025-06-24 00:00:00-04:00,201.78944331230142,202.63609053842802,199.40888822531906,199.5084991455078,54064000,0.0,0.0
2025-06-25 00:00:00-04:00,200.65395335177794,202.8651820841085,199.82723133036671,200.76351928710938,39525700,0.0,0.0
2025-06-26 00:00:00-04:00,200.63405836503767,201.8392838353224,198.6718566431861,200.2057647705078,50799100,0.0,0.0
2025-06-27 00:00:00-04:00,201.09224306842364,202.41698947637084,199.20971189891864,200.2854461669922,73188600,0.0,0.0
2025-06-30 00:00:00-04:00,201.211736268348,206.57048164253425,198.4726031076903,204.3592529296875,91912800,0.0,0.0
2025-07-01 00:00:00-04:00,205.85332972802502,209.35942450018746,205.3254252695324,206.99879455566406,78788900,0.0,0.0
2025-07-02 00:00:00-04:00,208.08449026524102,212.49697770796604,207.31752868499885,211.6005401611328,67941800,0.0,0.0
2025-07-03 00:00:00-04:00,211.31166931275297,213.8017903991559,210.97301649264048,212.70614624023438,34955800,0.0,0.0
2025-07-07 00:00:00-04:00,211.83958469799765,215.37555986284275,207.97492690746134,209.12037658691406,50229000,0.0,0.0
2025-07-08 00:00:00-04:00,209.26978591644843,210.59451698338924,207.6262968509882,209.1801300048828,42848900,0.0,0.0
2025-07-09 00:00:00-04:00,208.7020406311003,210.49493096772343,206.40117103180637,210.30567932128906,48749400,0.0,0.0
2025-07-10 00:00:00-04:00,209.678147079363,212.6364120977978,209.2000480941239,211.57064819335938,44443600,0.0,0.0
2025-07-11 00:00:00-04:00,209.73794232575938,211.29177557167307,209.03074119537857,210.3256072998047,39765800,0.0,0.0
2025-07-14 00:00:00-04:00,209.10042946873696,210.07656782568804,206.719874444485,207.7956085205078,38840100,0.0,0.0
2025-07-15 00:00:00-04:00,208.39325734338402,211.05270487364396,208.09443976951917,208.28369140625,42296300,0.0,0.0
2025-07-16 00:00:00-04:00,209.4689902412225,211.5606828488181,207.8155461810567,209.3295440673828,47490500,0.0,0.0
2025-07-17 00:00:00-04:00,209.7379236663323,210.96305897069354,208.761785269157,209.19009399414062,48068100,0.0,0.0
2025-07-18 00:00:00-04:00,210.0367321724359,210.95309492429405,208.87135730762196,210.3455047607422,48974600,0.0,0.0
2025-07-21 00:00:00-04:00,211.2618775331451,214.92732845073886,210.7937335563828,211.64036560058594,51377400,0.0,0.0
2025-07-22 00:00:00-04:00,212.29776458434165,214.1006098348481,211.39135685335447,213.5527801513672,46404100,0.0,0.0
2025-07-23 00:00:00-04:00,214.15041924441525,214.29982043425818,211.57065737650467,213.30377197265625,46989300,0.0,0.0
2025-07-24 00:00:00-04:00,213.05475989741393,214.83769515517375,212.68622683006964,212.91531372070312,46022600,0.0,0.0
2025-07-25 00:00:00-04:00,213.85158759699283,214.38946224202752,212.55672164240056,213.0348358154297,40268800,0.0,0.0
2025-07-28 00:00:00-04:00,213.18426788884761,214.00103498726418,212.21809958876685,213.20419311523438,37858000,0.0,0.0
2025-07-29 00:00:00-04:00,213.33365491441555,213.96117031669576,209.9869466315705,210.43516540527344,51411700,0.0,0.0
2025-07-30 00:00:00-04:00,211.06266703997414,211.5507362671114,206.89919168476044,208.22393798828125,45512500,0.0,0.0
2025-07-31 00:00:00-04:00,207.6661338109758,209.0107900151974,206.34138763159262,206.74977111816406,80698400,0.0,0.0
2025-08-01 00:00:00-04:00,210.03673342752194,212.73603143542957,200.7037642416869,201.58029174804688,104434500,0.0,0.0
2025-08-04 00:00:00-04:00,203.70186769022786,207.0585613783641,200.88304868853191,202.5464630126953,75109300,0.0,0.0
2025-08-05 00:00:00-04:00,202.59624780213056,204.52858421879685,201.36115745633876,202.11814880371094,44155100,0.0,0.0
2025-08-06 00:00:00-04:00,204.81744899810374,214.52892145014,204.77759854868273,212.40733337402344,108483100,0.0,0.0
2025-08-07 00:00:00-04:00,218.01508808955717,219.97730473834642,215.7241736307253,219.16053771972656,90224800,0.0,0.0
2025-08-08 00:00:00-04:00,219.95737356583322,230.08718413442585,218.3836152444713,228.44371032714844,113854000,0.0,0.0
2025-08-11 00:00:00-04:00,227.27701087414155,228.91238364576833,224.12592192869855,226.53909301757812,61806100,0.26,0.0
2025-08-12 00:00:00-04:00,227.36674823663387,230.14888579943394,226.429412881848,229.0021209716797,55626200,0.0,0.0
2025-08-13 00:00:00-04:00,230.4181341091737,234.33703985510917,229.77992501054072,232.6717529296875,69878500,0.0,0.0
2025-08-14 00:00:00-04:00,233.39967872378062,234.4566858681212,230.1987431425788,232.123291015625,51916300,0.0,0.0
2025-08-15 00:00:00-04:00,233.33985018068216,233.6190590405621,228.69299310222902,230.9366455078125,56038700,0.0,0.0
2025-08-18 00:00:00-04:00,231.04634466466607,232.46233685580373,229.46083388892833,230.23863220214844,37476200,0.0,0.0
2025-08-19 00:00:00-04:00,230.62753117126795,232.2130419457167,228.70298322789472,229.90956115722656,39402600,0.0,0.0
2025-08-20 00:00:00-04:00,229.33119207499826,229.81981519856654,225.13307755654054,225.3723907470703,42263900,0.0,0.0
2025-08-21 00:00:00-04:00,225.6316789169631,225.88097364743615,223.14869792378403,224.26553344726562,30621200,0.0,0.0
2025-08-22 00:00:00-04:00,225.53195134940427,228.44371192910324,224.77410085849388,227.11746215820312,42477800,0.0,0.0
2025-08-25 00:00:00-04:00,225.84106025439092,228.6531118971015,225.59176554347297,226.51914978027344,30983100,0.0,0.0
2025-08-26 00:00:00-04:00,226.22996704217394,228.84258604761433,224.05612439304167,228.6630859375,54575100,0.0,0.0
2025-08-27 00:00:00-04:00,227.96506627689797,230.24859923631865,227.6160475796746,229.8397674560547,31259500,0.0,0.0
2025-08-28 00:00:00-04:00,230.16884905542523,232.75153884501827,228.69301327644948,231.9039306640625,38074700,0.0,0.0
2025-08-29 00:00:00-04:00,231.85405874294378,232.7216147258446,230.71727541448905,231.485107421875,39418400,0.0,0.0
2025-09-02 00:00:00-04:00,228.6032698757151,230.19876225122124,226.32970313085187,229.0719451904297,44075600,0.0,0.0
2025-09-03 00:00:00-04:00,236.5408165177042,238.17618932549604,233.69885053091846,237.79725646972656,66427800,0.0,0.0
2025-09-04 00:00:00-04:00,237.77729643117493,239.2232027368954,236.0721290991865,239.10354614257812,47549400,0.0,0.0
2025-09-05 00:00:00-04:00,239.32291694518142,240.63920029193574,237.81718240373485,239.0137939453125,54870400,0.0,0.0
2025-09-08 00:00:00-04:00,238.62490021245955,239.47249309970456,235.67324414176576,237.2089080810547,48999500,0.0,0.0
2025-09-09 00:00:00-04:00,236.33139119913957,238.1063683630383,232.70166073618753,233.68887329101562,66313900,0.0,0.0
2025-09-10 00:00:00-04:00,231.53496736029473,231.76431424305812,225.31256565050364,226.1501922607422,83440800,0.0,0.0
2025-09-11 00:00:00-04:00,226.23995033725743,229.7998710451417,226.010588238333,229.3810577392578,50208600,0.0,0.0
2025-09-12 00:00:00-04:00,228.5733443098202,233.84841389514688,228.3739115767776,233.40966796875,55824200,0.0,0.0
2025-09-15 00:00:00-04:00,236.33138325533858,237.5180285002954,234.3669397384463,236.0322265625,42699500,0.0,0.0
2025-09-16 00:00:00-04:00,236.51088466190768,240.53949594661788,235.65332541334,237.4781494140625,63421100,0.0,0.0
2025-09-17 00:00:00-04:00,238.2958480596019,239.42266510979977,237.05934071942244,238.3157958984375,46508000,0.0,0.0
2025-09-18 00:00:00-04:00,239.2930082114909,240.51953392817583,235.98236714862816,237.2089080810547,44249600,0.0,0.0
2025-09-19 00:00:00-04:00,240.5494606794321,245.60516498271895,239.53234916144805,244.8074188232422,163741300,0.0,0.0
2025-09-22 00:00:00-04:00,247.5995237986898,255.9160073848096,247.42002368458668,255.35755920410156,105517400,0.0,0.0
2025-09-23 00:00:00-04:00,255.15814081026073,256.6140134777918,252.86462630601793,253.71221923828125,60275200,0.0,0.0
2025-09-24 00:00:00-04:00,254.49999981420794,255.01853710208397,250.33178410429736,251.59820556640625,42303700,0.0,0.0
2025-09-25 00:00:00-04:00,252.49566170312627,256.4444966190252,250.99989343760635,256.14532470703125,55202100,0.0,0.0
2025-09-26 00:00:00-04:00,253.38315498635407,256.87328100426123,253.06405044687503,254.73931884765625,46076300,0.0,0.0
2025-09-29 00:00:00-04:00,253.84185736381545,254.28061851263055,252.29622703166862,253.71221923828125,40127700,0.0,0.0
2025-09-30 00:00:00-04:00,254.1410137555297,255.1980209495745,252.39595068950493,253.9116668701172,37704300,0.0,0.0
2025-10-01 00:00:00-04:00,254.32049261064776,258.0599285933123,254.21080232618834,254.72933959960938,48713900,0.0,0.0
2025-10-02 00:00:00-04:00,255.85613542550084,257.45162766856953,253.43299812845933,256.40460205078125,42630200,0.0,0.0
2025-10-03 00:00:00-04:00,253.9515436206674,258.5086431914624,253.23357360959045,257.2920837402344,49155600,0.0,0.0
2025-10-06 00:00:00-04:00,257.2621558739689,258.33912604890287,254.3304629034206,255.96583557128906,44664100,0.0,0.0
2025-10-07 00:00:00-04:00,256.0855101139428,256.6738420114173,254.70939836699205,255.75645446777344,31955800,0.0,0.0
2025-10-08 00:00:00-04:00,255.79633660873378,257.7906945345413,255.38748958216482,257.3320007324219,36496900,0.0,0.0
2025-10-09 00:00:00-04:00,257.08267167133846,257.27213808351553,252.42584836214985,253.32330322265625,38322000,0.0,0.0
2025-10-10 00:00:00-04:00,254.2207817432353,255.6567217403356,243.3116425485481,244.57806396484375,61999100,0.0,0.0
2025-10-13 00:00:00-04:00,248.67648318296307,248.98560621270488,244.86725241658198,246.96133422851562,38142900,0.0,0.0
2025-10-14 00:00:00-04:00,245.90431694508948,248.14796941642882,244.00966795095763,247.07101440429688,35478000,0.0,0.0
2025-10-15 00:00:00-04:00,248.78616738422895,251.10959602979932,246.77186176083558,248.63658142089844,33893600,0.0,0.0
2025-10-16 00:00:00-04:00,247.54966879270205,248.33743345063007,244.43847540742667,246.75192260742188,39777000,0.0,0.0
2025-10-17 00:00:00-04:00,247.3203043073955,252.66518358811555,246.57242016484557,251.5782470703125,49147000,0.0,0.0
2025-10-20 00:00:00-04:00,255.168106265739,263.63416054313814,254.90884523128253,261.50018310546875,90483000,0.0,0.0
2025-10-21 00:00:00-04:00,261.1411827196178,264.5415659974475,261.0913055219307,262.0286560058594,46695900,0.0,0.0
2025-10-22 00:00:00-04:00,261.9090191460537,262.1084670888602,254.70938662410154,257.72088623046875,45015300,0.0,0.0
2025-10-23 00:00:00-04:00,259.2066564378435,259.8847307097371,257.2821086816683,258.84765625,32754900,0.0,0.0
2025-10-24 00:00:00-04:00,260.4531761824355,263.3848847726989,258.4488367256365,262.0785827636719,38253700,0.0,0.0
2025-10-27 00:00:00-04:00,264.13276036080543,268.36078929414754,263.90339825112477,268.0516662597656,44888200,0.0,0.0
2025-10-28 00:00:00-04:00,268.23113785786586,269.12862319727753,267.39351124836816,268.2411193847656,41534800,0.0,0.0
2025-10-29 00:00:00-04:00,268.5203194424725,270.6443152614699,266.35642794866993,268.93914794921875,51086700,0.0,0.0
2025-10-30 00:00:00-04:00,271.2226702585742,273.36662916750566,267.72259312931254,270.63433837890625,69886500,0.0,0.0
2025-10-31 00:00:00-04:00,276.2085891024436,276.53767519933945,268.40069127196034,269.6072692871094,86167100,0.0,0.0
2025-11-03 00:00:00-05:00,269.65711516237894,270.08589475979994,265.49886601188945,268.29095458984375,50194600,0.0,0.0
2025-11-04 00:00:00-05:00,267.5730004152706,270.72408938596277,266.86501191822913,269.2781982421875,49274800,0.0,0.0
2025-11-05 00:00:00-05:00,267.8522167164328,270.9335263776032,266.17696342424256,269.3779296875,43683100,0.0,0.0
2025-11-06 00:00:00-05:00,267.1342708755924,272.6287059365568,267.1342708755924,269.0089416503906,51204000,0.0,0.0
2025-11-07 00:00:00-05:00,269.03885049148494,271.5218466038475,266.0173996929098,267.7126159667969,48227400,0.0,0.0
2025-11-10 00:00:00-05:00,268.46122924118225,273.22240319845355,266.96401085683,268.93035888671875,41312400,0.26,0.0
2025-11-11 00:00:00-05:00,269.3096487524697,275.3983427074405,269.2996575494418,274.73956298828125,46208300,0.0,0.0
2025-11-12 00:00:00-05:00,274.49002155435767,275.2186787593472,271.19615348009904,272.9628601074219,48398000,0.0,0.0
2025-11-13 00:00:00-05:00,273.6016697208788,276.1868935731559,271.5854266195937,272.44384765625,49602800,0.0,0.0
2025-11-14 00:00:00-05:00,270.54732197227213,275.44821996704485,269.10002929321837,271.9048156738281,47431300,0.0,0.0
2025-11-17 00:00:00-05:00,268.3214829895084,269.98836893107386,265.237217022597,266.9639892578125,45018300,0.0,0.0
2025-11-18 00:00:00-05:00,269.48932037088264,270.2079864201871,264.8279974843966,266.9440612792969,45677300,0.0,0.0
2025-11-19 00:00:00-05:00,265.0375710636542,271.7051756343288,265.00762791735707,268.06195068359375,40424500,0.0,0.0
2025-11-20 00:00:00-05:00,270.327749378444,274.91922505965954,265.42688147061517,265.7562561035156,45823600,0.0,0.0
2025-11-21 00:00:00-05:00,265.4568071090486,272.8230952896135,265.17732758833057,270.98651123046875,59030800,0.0,0.0
2025-11-24 00:00:00-05:00,270.397615191446,276.4863089537433,270.397615191446,275.4083251953125,65585800,0.0,0.0
2025-11-25 00:00:00-05:00,274.75953066216096,279.8600705608694,274.73957871594786,276.4563903808594,46914200,0.0,0.0
2025-11-26 00:00:00-05:00,276.44637611579356,279.01161742605893,276.1170014953278,277.0352783203125,33431400,0.0,0.0
2025-11-28 00:00:00-05:00,276.7458380127342,278.4826014787427,275.4781737009374,278.3328857421875,20135600,0.0,0.0
2025-12-01 00:00:00-05:00,277.4944549964911,282.89442609469603,275.62792768573877,282.57501220703125,46587700,0.0,0.0
2025-12-02 00:00:00-05:00,282.47518456741903,286.86701880065203,282.10587559562896,285.6592712402344,53669500,0.0,0.0
2025-12-03 00:00:00-05:00,285.6692634925469,288.0847586222564,282.77461708045536,283.623046875,43538700,0.0,0.0
2025-12-04 00:00:00-05:00,283.5731318378766,284.20196835267484,278.07334059490756,280.179443359375,43989100,0.0,0.0
2025-12-05 00:00:00-05:00,280.01974631085085,280.6186397013617,277.53434330937836,278.26300048828125,47265800,0.0,0.0
2025-12-08 00:00:00-05:00,277.6142094762677,279.15136205700173,275.6378704438954,277.3746643066406,38211800,0.0,0.0
2025-12-09 00:00:00-05:00,277.64414811825674,279.5106752769474,276.40645748061854,276.66595458984375,32193300,0.0,0.0
2025-12-10 00:00:00-05:00,277.23491184461454,279.2312028389952,275.92734368017386,278.26300048828125,33038300,0.0,0.0
2025-12-11 00:00:00-05:00,278.5824273392719,279.07150890817053,273.3022288840155,277.514404296875,33248000,0.0,0.0
2025-12-12 00:00:00-05:00,277.38464634485007,278.70220580092337,276.30666253778065,277.7639465332031,39532900,0.0,0.0
2025-12-15 00:00:00-05:00,279.63046152672615,279.63046152672615,272.33402020742307,273.6016540527344,50409100,0.0,0.0
2025-12-16 00:00:00-05:00,272.3140798989353,274.9891026980292,271.2859911871425,274.1007385253906,37648600,0.0,0.0
2025-12-17 00:00:00-05:00,274.50001118897205,275.6478724530811,271.13626563598973,271.33587646484375,50138700,0.0,0.0
2025-12-18 00:00:00-05:00,273.1025913325419,273.12257373871984,266.4549687260805,271.68524169921875,51630700,0.0,0.0
2025-12-19 00:00:00-05:00,271.6453053723066,274.09077415448866,269.399477884542,273.1625061035156,144632000,0.0,0.0
2025-12-22 00:00:00-05:00,272.3539780142796,273.37210596231955,270.00836035897595,270.4674987792969,36571800,0.0,0.0
2025-12-23 00:00:00-05:00,270.3377490962612,271.99467443806464,269.06012395403746,271.85491943359375,29642000,0.0,0.0
2025-12-24 00:00:00-05:00,271.8349404799371,274.9192064044749,271.69521595033444,273.3022155761719,17910600,0.0,0.0
2025-12-26 00:00:00-05:00,273.65157518449314,274.859322715931,272.35396775197984,272.8929748535156,21521800,0.0,0.0
2025-12-29 00:00:00-05:00,272.1843267483383,273.8512128461511,271.8449608988494,273.2523498535156,23715200,0.0,0.0
2025-12-30 00:00:00-05:00,272.304089543875,273.5717234473003,271.77507361210075,272.5735778808594,22139600,0.0,0.0
2025-12-31 00:00:00-05:00,272.553621806917,273.17246717497864,271.24605357156486,271.3558349609375,27293600,0.0,0.0
2026-01-02 00:00:00-05:00,271.75509761912826,277.32473598417806,268.5011336129586,270.5074157714844,37838100,0.0,0.0
2026-01-05 00:00:00-05:00,270.1381104139889,271.0064921177503,265.6464557026853,266.7643737792969,45647200,0.0,0.0
2026-01-06 00:00:00-05:00,266.504853430471,267.0538212812338,261.6338984265986,261.8734436035156,52352100,0.0,0.0
2026-01-07 00:00:00-05:00,262.71190159101934,263.1909919246956,259.32817380451803,259.8471984863281,48309800,0.0,0.0
2026-01-08 00:00:00-05:00,256.5433578451618,258.80916773471864,255.22581364132833,258.55963134765625,50419300,0.0,0.0
2026-01-09 00:00:00-05:00,258.5995368285105,259.7274461787287,255.74485516422806,258.8890075683594,39997000,0.0,0.0
2026-01-12 00:00:00-05:00,258.6794199598783,260.8154357257053,256.32378048041085,259.76739501953125,45263800,0.0,0.0
2026-01-13 00:00:00-05:00,258.24022168851656,261.3244878277737,257.9108470550362,260.5658874511719,45730800,0.0,0.0
2026-01-14 00:00:00-05:00,259.0087756526009,261.33447181199796,256.23393227813756,259.4779052734375,40019400,0.0,0.0
2026-01-15 00:00:00-05:00,260.1666175851947,260.5559089501236,256.5732877053955,257.73114013671875,39388600,0.0,0.0
2026-01-16 00:00:00-05:00,257.4217372195352,258.41988279267105,254.45724364888233,255.05613708496094,72142800,0.0,0.0
2026-01-20 00:00:00-05:00,252.26132447540706,254.31750190322293,242.9685916985444,246.2425079345703,80267500,0.0,0.0
2026-01-21 00:00:00-05:00,248.23880604127606,251.09350304772093,244.72532928784554,247.1907501220703,54641700,0.0,0.0
2026-01-22 00:00:00-05:00,248.737864640942,250.53452965267718,247.68980878155546,247.8894500732422,39708300,0.0,0.0
2026-01-23 00:00:00-05:00,246.86136630134166,248.94748685874615,244.22624741136653,247.58001708984375,41689000,0.0,0.0
2026-01-26 00:00:00-05:00,251.01363570547153,256.08421686766076,249.336758511775,254.9363555908203,55969200,0.0,0.0
2026-01-27 00:00:00-05:00,258.68937090303496,261.46421404872183,257.73112933459527,257.791015625,49648300,0.0,0.0
2026-01-28 00:00:00-05:00,257.17220993748055,258.3799575946877,254.03803333601454,255.96446228027344,41288000,0.0,0.0
2026-01-29 00:00:00-05:00,257.52154586161765,259.16847988830324,253.93820707645818,257.801025390625,67253000,0.0,0.0
2026-01-30 00:00:00-05:00,254.69678984095313,261.41430490835,251.7123292610244,258.9988098144531,92443400,0.0,0.0
2026-02-02 00:00:00-05:00,259.5478036352127,269.98839826257677,258.7293169184304,269.5093078613281,73913400,0.0,0.0
2026-02-03 00:00:00-05:00,268.70080609664296,271.3758289780004,267.11372779647115,268.98028564453125,64394700,0.0,0.0
2026-02-04 00:00:00-05:00,271.7850411492978,278.432693698261,271.7850411492978,275.97723388671875,90545700,0.0,0.0
2026-02-05 00:00:00-05:00,277.6142303156022,278.98168486317746,272.72332314901723,275.3983459472656,52977400,0.0,0.0
2026-02-06 00:00:00-05:00,276.6060720438839,280.3890519626743,276.4164219647768,277.6042175292969,50453400,0.0,0.0
2026-02-09 00:00:00-05:00,277.6541982366954,277.9439398399519,271.4499228389202,274.3672180175781,44623400,0.26,0.0
2026-02-10 00:00:00-05:00,274.6369782150198,275.11651686144285,272.68876099546605,273.4280700683594,34376900,0.0,0.0
2026-02-11 00:00:00-05:00,274.44714753122867,279.92208361183503,274.1973776592452,275.24639892578125,51931300,0.0,0.0
2026-02-12 00:00:00-05:00,275.3363333447182,275.46621856633783,259.94051360693726,261.4891052246094,81077200,0.0,0.0
2026-02-13 00:00:00-05:00,261.7688319830923,261.9886306947134,255.21485759663088,255.5445556640625,56290700,0.0,0.0
2026-02-17 00:00:00-05:00,257.8124646511843,266.0449008431299,255.30478047881587,263.6371154785156,58469100,0.0,0.0
2026-02-18 00:00:00-05:00,263.35737977838915,266.57441720150126,262.20844437502524,264.106689453125,34203300,0.0,0.0
2026-02-19 00:00:00-05:00,262.35827847824623,264.2365527856389,259.81060750150084,260.3401184082031,30845300,0.0,0.0
2026-02-20 00:00:00-05:00,258.73163460792017,264.5063132392292,257.9223826043077,264.3364562988281,42070500,0.0,0.0
2026-02-23 00:00:00-05:00,263.24744081710827,269.1819753311392,263.13755670993424,265.9349670410156,37308200,0.0,0.0
2026-02-24 00:00:00-05:00,267.61343657617186,274.6369951599546,267.46358073991865,271.8895263671875,47014600,0.0,0.0
2026-02-25 00:00:00-05:00,271.5298429675081,274.6869380517792,270.8005039088116,273.97760009765625,33714300,0.0,0.0
2026-02-26 00:00:00-05:00,274.6969199809464,275.8558253670768,270.55071567552415,272.6987609863281,32345100,0.0,0.0
2026-02-27 00:00:00-05:00,272.5588900215503,272.5588900215503,262.6480379442022,263.93682861328125,72366500,0.0,0.0
2026-03-02 00:00:00-05:00,262.16844722421786,266.2846497598317,259.960490133898,264.476318359375,41827900,0.0,0.0
2026-03-03 00:00:00-05:00,263.23749216234586,265.31556422164516,259.8905695547566,263.5072326660156,38568900,0.0,0.0
2026-03-04 00:00:00-05:00,264.4063951364299,265.9050144519466,261.179387723623,262.2783508300781,39803100,0.0,0.0
2026-03-05 00:00:00-05:00,260.54995479568396,261.3192350446657,257.01320478174756,260.0504150390625,49658600,0.0,0.0
2026-03-06 00:00:00-05:00,258.39192833924307,258.53178361058343,254.13584003818684,257.2229919433594,41120000,0.0,0.0
2026-03-09 00:00:00-04:00,255.45463216869055,260.9095975388004,253.44647267699952,259.6407775878906,38218500,0.0,0.0
2026-03-10 00:00:00-04:00,257.4128391437035,262.2384104290217,256.71350175461305,260.58990478515625,30590800,0.0,0.0
2026-03-11 00:00:00-04:00,260.8496568052655,261.888707997661,259.3110658747261,260.5699157714844,26218900,0.0,0.0
2026-03-12 00:00:00-04:00,258.4219063383753,258.71164792954545,253.94601921584928,255.52456665039062,40794000,0.0,0.0
2026-03-13 00:00:00-04:00,255.24483747003174,256.0940459350445,249.29033192864068,249.8897705078125,36930000,0.0,0.0
2026-03-16 00:00:00-04:00,251.87794235419486,253.6563027081548,249.6499992581203,252.58729553222656,32074200,0.0,0.0
2026-03-17 00:00:00-04:00,252.72716690012706,254.89516767044782,251.94787083452104,253.99598693847656,32361600,0.0,0.0
2026-03-18 00:00:00-04:00,252.3974721128864,254.70534343896443,248.7708084606242,249.70994567871094,35757900,0.0,0.0
2026-03-19 00:00:00-04:00,249.17043241392184,251.5982036354298,247.0723745163624,248.73085021972656,34864100,0.0,0.0
2026-03-20 00:00:00-04:00,247.7517334570195,248.97061168291066,245.77356028907465,247.76173400878906,88331100,0.0,0.0
2026-03-23 00:00:00-04:00,253.73622734962268,254.3656523266213,250.0496214753341,251.25851440429688,40546100,0.0,0.0
2026-03-24 00:00:00-04:00,250.1195650925759,254.5954370944537,249.32029842391177,251.4083709716797,45152300,0.0,0.0
2026-03-25 00:00:00-04:00,253.86611511385965,254.76528059453105,251.3684162845015,252.38746643066406,28476700,0.0,0.0
2026-03-26 00:00:00-04:00,251.88793104116345,256.76344411909713,250.53918279672283,252.6572265625,41796700,0.0,0.0
2026-03-27 00:00:00-04:00,253.666280215245,255.2548282141602,247.8416601166152,248.57098388671875,47900000,0.0,0.0
2026-03-30 00:00:00-04:00,249.83982057534305,250.63907198816298,245.28400520065438,246.40298461914062,39446200,0.0,0.0
2026-03-31 00:00:00-04:00,247.6818040942864,255.24482803058763,246.87255213324852,253.55638122558594,49598100,0.0,0.0
2026-04-01 00:00:00-04:00,253.8461228128272,255.94418062939917,253.096813183035,255.3946990966797,40059400,0.0,0.0
2026-04-02 00:00:00-04:00,253.96601496217014,255.89424639361263,250.4192795609811,255.68443298339844,31289400,0.0,0.0
2026-04-06 00:00:00-04:00,256.27389167390277,261.9186847371787,256.2239194053331,258.6217041015625,29329900,0.0,0.0
2026-04-07 00:00:00-04:00,255.92421782448065,255.96418954301222,245.47383916108728,253.26666259765625,62148000,0.0,0.0
2026-04-08 00:00:00-04:00,258.2121146377317,259.51090582044134,256.29386854025813,258.66168212890625,41032800,0.0,0.0
2026-04-09 00:00:00-04:00,258.7615948993736,260.879638597066,255.8342992320816,260.2502136230469,28121600,0.0,0.0
2026-04-10 00:00:00-04:00,259.7406946341393,261.94865175168746,258.78155637925676,260.240234375,31291500,0.0,0.0
2026-04-13 00:00:00-04:00,259.49093671136296,259.9405042051452,256.4237552437805,258.96142578125,36234700,0.0,0.0
2026-04-14 00:00:00-04:00,259.01136264890187,261.68888841493145,256.9532612999924,258.59173583984375,48370700,0.0,0.0
2026-04-15 00:00:00-04:00,257.92237663273806,266.3146386359468,257.57269269729437,266.18475341796875,49913500,0.0,0.0
2026-04-16 00:00:00-04:00,266.55439590858066,266.91408037974617,261.0294875448873,263.15753173828125,43323100,0.0,0.0
2026-04-17 00:00:00-04:00,266.7142527536172,272.0493335842862,266.47448343207725,269.98126220703125,61436200,0.0,0.0
2026-04-20 00:00:00-04:00,270.08114756253855,274.0275237795767,270.04120633500696,272.79864501953125,36590200,0.0,0.0
2026-04-21 00:00:00-04:00,271.250098918132,272.5488901425708,265.1557075406741,265.9250183105469,50209800,0.0,0.0
2026-04-22 00:00:00-04:00,267.5734973129919,273.48803128351057,266.62435952726383,272.9185791015625,43249200,0.0,0.0
2026-04-23 00:00:00-04:00,274.79681820267325,275.5161566987003,271.39995382845746,273.1783142089844,33399600,0.0,0.0
2026-04-24 00:00:00-04:00,272.50893317942314,272.80864483253174,269.4017800912603,270.81048583984375,38157100,0.0,0.0
2026-04-27 00:00:00-04:00,265.84505761361925,268.1129570778125,264.8260075108844,267.3636474609375,41466800,0.0,0.0
2026-04-28 00:00:00-04:00,272.0893199684016,272.97851539952296,268.4127145556596,270.4608154296875,40018900,0.0,0.0
2026-04-29 00:00:00-04:00,267.3037117460274,270.7905199823619,266.7942019267937,269.92132568359375,30047900,0.0,0.0
2026-04-30 00:00:00-04:00,270.25102650288807,275.7459641951834,267.893213328058,271.1002502441406,91848200,0.0,0.0
2026-05-01 00:00:00-04:00,278.6032901046287,286.95561044034525,278.1137509144006,279.88214111328125,79915400,0.0,0.0
2026-05-04 00:00:00-04:00,279.4025768563376,280.3716851917065,274.60697695873915,276.5751647949219,46668400,0.0,0.0
2026-05-05 00:00:00-04:00,276.6750995896243,284.30808218316156,276.2455026895375,283.9184265136719,49311700,0.0,0.0
2026-05-06 00:00:00-04:00,281.66051049385584,287.76487170009636,280.8112868075762,287.245361328125,58336100,0.0,0.0
2026-05-07 00:00:00-04:00,289.00371711581823,291.8611003514943,285.5169394038565,287.1754150390625,45224300,0.0,0.0
2026-05-08 00:00:00-04:00,289.7430674686918,294.4886952888782,289.7330669166447,293.0500183105469,52692800,0.0,0.0
2026-05-11 00:00:00-04:00,291.9800109863281,293.8800048828125,290.2300109863281,292.67999267578125,42247300,0.27,0.0
2026-05-12 00:00:00-04:00,292.55999755859375,295.2699890136719,292.55999755859375,294.79998779296875,45748100,0.0,0.0
2026-05-13 00:00:00-04:00,293.5,300.9200134277344,293.5,298.8699951171875,52684300,0.0,0.0
2026-05-14 00:00:00-04:00,299.82000732421875,300.45001220703125,295.3800048828125,298.2099914550781,35324900,0.0,0.0
2026-05-15 00:00:00-04:00,297.8999938964844,303.20001220703125,296.5199890136719,300.2300109863281,54862800,0.0,0.0
2026-05-18 00:00:00-04:00,300.239990234375,300.6600036621094,294.9100036621094,297.8399963378906,34483000,0.0,0.0
2026-05-19 00:00:00-04:00,296.9700012207031,300.510009765625,296.3500061035156,298.9700012207031,42243600,0.0,0.0
2026-05-20 00:00:00-04:00,298.17999267578125,302.79998779296875,298.0799865722656,302.25,38229800,0.0,0.0
2026-05-21 00:00:00-04:00,301.05999755859375,305.5400085449219,300.3999938964844,304.989990234375,42965100,0.0,0.0
2026-05-22 00:00:00-04:00,306.1199951171875,311.3999938964844,305.8399963378906,308.82000732421875,43670200,0.0,0.0
2026-05-26 00:00:00-04:00,309.55999755859375,311.82000732421875,307.6700134277344,308.3299865722656,48000500,0.0,0.0
2026-05-27 00:00:00-04:00,308.3299865722656,313.260009765625,308.29998779296875,310.8500061035156,50430900,0.0,0.0
2026-05-28 00:00:00-04:00,310.67999267578125,312.79998779296875,309.57000732421875,312.510009765625,48220400,0.0,0.0
2026-05-29 00:00:00-04:00,311.7799987792969,315.0,309.5299987792969,312.05999755859375,70026800,0.0,0.0
2026-06-01 00:00:00-04:00,309.6300048828125,310.94000244140625,305.0199890136719,306.30999755859375,48849900,0.0,0.0
2026-06-02 00:00:00-04:00,307.4599914550781,315.45001220703125,306.69000244140625,315.20001220703125,44534700,0.0,0.0
2026-06-03 00:00:00-04:00,314.17999267578125,316.94000244140625,308.8500061035156,310.260009765625,50836700,0.0,0.0
2026-06-04 00:00:00-04:00,313.2300109863281,313.5400085449219,309.6499938964844,311.2300109863281,44869100,0.0,0.0
2026-06-05 00:00:00-04:00,312.8599853515625,315.1700134277344,307.1499938964844,307.3399963378906,65310500,0.0,0.0
2026-06-08 00:00:00-04:00,308.739990234375,317.3999938964844,301.1700134277344,301.5400085449219,77949100,0.0,0.0
2026-06-09 00:00:00-04:00,300.2799987792969,300.75,287.7799987792969,290.54998779296875,70108800,0.0,0.0
2026-06-10 00:00:00-04:00,290.739990234375,294.75,287.3800048828125,291.5799865722656,52793300,0.0,0.0
2026-06-11 00:00:00-04:00,293.7200012207031,297.0,289.5899963378906,295.6300048828125,42572500,0.0,0.0
2026-06-12 00:00:00-04:00,296.0299987792969,297.1400146484375,289.6199951171875,291.1300048828125,38742100,0.0,0.0
2026-06-15 00:00:00-04:00,294.1199951171875,297.7799987792969,291.70001220703125,296.4200134277344,45732600,0.0,0.0
2026-06-16 00:00:00-04:00,295.25,300.4800109863281,293.9700012207031,299.239990234375,39874400,0.0,0.0
2026-06-17 00:00:00-04:00,300.8500061035156,302.07000732421875,294.3599853515625,295.95001220703125,42745100,0.0,0.0
2026-06-18 00:00:00-04:00,298.1099853515625,300.57000732421875,295.6199951171875,298.010009765625,85962200,0.0,0.0
2026-06-22 00:00:00-04:00,297.30999755859375,302.4200134277344,296.760009765625,297.010009765625,44879900,0.0,0.0
2026-06-23 00:00:00-04:00,297.5400085449219,301.6400146484375,294.17999267578125,294.29998779296875,52010900,0.0,0.0
2026-06-24 00:00:00-04:00,295.3599853515625,299.70001220703125,292.94000244140625,293.0799865722656,53081900,0.0,0.0
2026-06-25 00:00:00-04:00,287.3999938964844,288.79998779296875,273.75,275.1499938964844,107013700,0.0,0.0
2026-06-26 00:00:00-04:00,275.0,285.95001220703125,274.2099914550781,283.7799987792969,261775500,0.0,0.0
2026-06-29 00:00:00-04:00,286.7300109863281,288.3699951171875,279.8500061035156,281.739990234375,66427000,0.0,0.0
2026-06-30 00:00:00-04:00,281.1700134277344,289.94000244140625,280.70001220703125,289.3599853515625,65100200,0.0,0.0
2026-07-01 00:00:00-04:00,293.44000244140625,296.5899963378906,289.20001220703125,294.3800048828125,50164200,0.0,0.0
2026-07-02 00:00:00-04:00,294.1199951171875,309.4200134277344,293.67999267578125,308.6300048828125,75400600,0.0,0.0
