Date,Open,High,Low,Close,Volume,Dividends,Stock Splits
2021-07-06 00:00:00-04:00,18.30408984366602,18.373720169067383,18.260569852716472,18.373720169067383,5728600,0.0,0.0
2021-07-07 00:00:00-04:00,18.452052693779404,18.478163025685742,18.243160077822214,18.43464469909668,4256200,0.0,0.0
2021-07-08 00:00:00-04:00,18.164828600210267,18.234458923339844,18.060382285456974,18.234458923339844,5439400,0.0,0.0
2021-07-09 00:00:00-04:00,18.338902989261737,18.57390594482422,18.269272668367424,18.57390594482422,4808400,0.0,0.0
2021-07-12 00:00:00-04:00,18.321496963500977,18.373720954873942,18.286682629370308,18.321496963500977,5247100,0.0,0.0
2021-07-13 00:00:00-04:00,18.190940305304512,18.356312957749623,18.173532308180192,18.321496963500977,8872500,0.0,0.0
2021-07-14 00:00:00-04:00,18.739278316171593,19.035207590843527,18.521683358919745,18.61742401123047,6837200,0.0,0.0
2021-07-15 00:00:00-04:00,18.573911128318212,18.62613346853339,18.338908107172518,18.391130447387695,5026900,0.0,0.0
2021-07-16 00:00:00-04:00,18.347610938356514,18.452057272251167,18.103903932681096,18.1561279296875,10653200,0.0,0.0
2021-07-19 00:00:00-04:00,17.947233328297724,18.077789974435014,17.842787015317192,17.96463966369629,6212800,0.0,0.0
2021-07-20 00:00:00-04:00,18.05168282459096,18.295389846855784,18.05168282459096,18.225759506225586,3727700,0.0,0.0
2021-07-21 00:00:00-04:00,18.260569054796342,18.55649833985059,18.225754723675873,18.547794342041016,4023500,0.0,0.0
2021-07-22 00:00:00-04:00,18.669649028721476,18.704463360545827,18.547794717041587,18.565202713012695,4106800,0.0,0.0
2021-07-23 00:00:00-04:00,18.60002111354026,18.922060780118528,18.60002111354026,18.91335678100586,4814800,0.0,0.0
2021-07-26 00:00:00-04:00,18.974280825129192,18.991688821253973,18.774093850047823,18.895946502685547,4878400,0.0,0.0
2021-07-27 00:00:00-04:00,18.800205844235,18.965578487184683,18.75668585392304,18.895946502685547,9226700,0.0,0.0
2021-07-28 00:00:00-04:00,19.02650719128882,19.087433525221783,18.904652863304808,19.017803192138672,3593400,0.0,0.0
2021-07-29 00:00:00-04:00,19.035211293647986,19.27021263150386,19.035211293647986,19.0787296295166,5947800,0.0,0.0
2021-07-30 00:00:00-04:00,19.04391305566858,19.261508048654417,19.00909872005223,19.252805709838867,4464000,0.0,0.0
2021-08-02 00:00:00-04:00,19.40076790471143,19.548730887415324,19.33113592209618,19.383359909057617,5538200,0.0,0.0
2021-08-03 00:00:00-04:00,19.609659744925864,19.95781137290731,19.609659744925864,19.914291381835938,6607800,0.0,0.0
2021-08-04 00:00:00-04:00,19.748920458126968,19.801142787458677,19.600955808255527,19.705400466918945,5665100,0.0,0.0
2021-08-05 00:00:00-04:00,19.792437906773454,19.835957896041144,19.609658932202695,19.65317726135254,5253200,0.0,0.0
2021-08-06 00:00:00-04:00,19.55743752620204,19.85336685180664,19.522623190311062,19.85336685180664,4067000,0.0,0.0
2021-08-09 00:00:00-04:00,19.818550721714733,19.95781137290731,19.80984672350046,19.914291381835938,4917800,0.0,0.0
2021-08-10 00:00:00-04:00,19.992622392639802,20.088364697013322,19.79243544723848,19.827251434326172,4794100,0.0,0.0
2021-08-11 00:00:00-04:00,19.87947790257379,20.010034561157227,19.86206990539787,20.010034561157227,2829800,0.0,0.0
2021-08-12 00:00:00-04:00,20.105775402616736,20.41040869025536,20.062255412886728,20.297258377075195,4147900,0.0,0.0
2021-08-13 00:00:00-04:00,20.358182870469903,20.662816130693432,20.340776536262222,20.567073822021484,3686500,0.0,0.0
2021-08-16 00:00:00-04:00,20.497444691024985,20.549668677023366,20.29725772505128,20.36688804626465,3635400,0.0,0.0
2021-08-17 00:00:00-04:00,20.54967119300113,20.671523855013977,20.35818654113179,20.50615119934082,4824700,0.0,0.0
2021-08-18 00:00:00-04:00,20.46263161740587,20.775968912171844,20.42781562460169,20.436519622802734,5935700,0.0,0.0
2021-08-19 00:00:00-04:00,20.288555082587397,20.61059637728405,20.218924756722974,20.497446060180664,4911400,0.0,0.0
2021-08-20 00:00:00-04:00,20.54096646803784,20.810783778720253,20.51485447276485,20.784671783447266,3372800,0.0,0.0
2021-08-23 00:00:00-04:00,20.86300401932836,21.01096865748464,20.802077696578916,20.976154327392578,4528000,0.0,0.0
2021-08-24 00:00:00-04:00,20.836895773993245,20.91523009969426,20.66281912574255,20.784671783447266,6427200,0.0,0.0
2021-08-25 00:00:00-04:00,20.79337359878304,20.95004223373649,20.671520953871592,20.871707916259766,4122800,0.0,0.0
2021-08-26 00:00:00-04:00,20.775969890091513,20.793376227195008,20.575781242280474,20.593189239501953,4142700,0.0,0.0
2021-08-27 00:00:00-04:00,20.67152176523552,20.793374414929726,20.619299438240553,20.65411376953125,4616100,0.0,0.0
2021-08-30 00:00:00-04:00,20.64541244506836,20.749858772700968,20.601894110290306,20.64541244506836,3412000,0.0,0.0
2021-08-31 00:00:00-04:00,20.819486898332226,20.889117222669746,20.71504058176701,20.73244857788086,5439400,0.0,0.0
2021-09-01 00:00:00-04:00,20.540966051419627,20.619300375531843,20.453927729059618,20.497446060180664,9368800,0.0,0.0
2021-09-02 00:00:00-04:00,20.523557756758482,20.62800407409668,20.37559310893147,20.62800407409668,6195300,0.0,0.0
2021-09-03 00:00:00-04:00,20.767261358814203,20.95874430610341,20.7063350419548,20.915225982666016,3781200,0.0,0.0
2021-09-07 00:00:00-04:00,20.871705938593028,20.9500402486473,20.36688575164192,20.39299774169922,8424800,0.0,0.0
2021-09-08 00:00:00-04:00,20.314669216054153,20.37559555008509,20.123186214797187,20.184112548828125,4351700,0.0,0.0
2021-09-09 00:00:00-04:00,20.253738718517457,20.262442715892348,19.940401453492406,19.957809448242188,8297800,0.0,0.0
2021-09-10 00:00:00-04:00,20.079664889742926,20.114480884094768,19.96651622833541,20.010034561157227,4201300,0.0,0.0
2021-09-13 00:00:00-04:00,20.079663368119682,20.1667016872856,19.862068400263826,19.98392105102539,5872800,0.0,0.0
2021-09-14 00:00:00-04:00,20.053553018544694,20.140589677523707,19.983921035172912,20.027441024780273,3970300,0.0,0.0
2021-09-15 00:00:00-04:00,20.305962359073412,20.349480688651383,20.20151604392128,20.340778350830078,4835500,0.0,0.0
2021-09-16 00:00:00-04:00,20.323373509861373,20.323373509861373,19.99262817730108,20.097074508666992,6554000,0.0,0.0
2021-09-17 00:00:00-04:00,19.97521809552719,20.010032426046287,19.7750294696006,19.888179779052734,8070400,0.0,0.0
2021-09-20 00:00:00-04:00,19.8011390667484,19.97521567863499,19.644470448073992,19.809843063354492,7148800,0.0,0.0
2021-09-21 00:00:00-04:00,20.131884634104612,20.21892294868137,20.105774301814023,20.12318229675293,4785000,0.0,0.0
2021-09-22 00:00:00-04:00,20.123183660018,20.349480969083434,20.079663669722432,20.253740310668945,6613800,0.0,0.0
2021-09-23 00:00:00-04:00,20.61059544038842,20.70633775664406,20.540965117689183,20.65411376953125,5323800,0.0,0.0
2021-09-24 00:00:00-04:00,20.62800560801079,20.715042275460522,20.52355928290588,20.610597610473633,5455200,0.0,0.0
2021-09-27 00:00:00-04:00,20.21892312396996,20.21892312396996,19.90558751294203,19.931697845458984,7458800,0.0,0.0
2021-09-28 00:00:00-04:00,19.574843829057784,19.58354782730629,19.209284203210014,19.22669219970703,8522600,0.0,0.0
2021-09-29 00:00:00-04:00,19.444290360685017,19.653181372513366,19.32243768548136,19.566143035888672,9652300,0.0,0.0
2021-09-30 00:00:00-04:00,19.50521218038185,19.592250496846248,19.339839545111275,19.365951538085938,7337900,0.0,0.0
2021-10-01 00:00:00-04:00,19.444287112844457,19.496509442049135,19.200580143026098,19.435583114624023,7195200,0.0,0.0
2021-10-04 00:00:00-04:00,19.400767806768485,19.452990133348447,19.174468844764885,19.278913497924805,8654400,0.0,0.0
2021-10-05 00:00:00-04:00,19.400769670469593,19.827255642097533,19.400769670469593,19.801143646240234,9498900,0.0,0.0
2021-10-06 00:00:00-04:00,19.42687731216912,19.583545945350767,19.278912676399536,19.540027618408203,7134600,0.0,0.0
2021-10-07 00:00:00-04:00,19.714103794634426,19.87947643536434,19.63576947324225,19.81855010986328,9589800,0.0,0.0
2021-10-08 00:00:00-04:00,19.94040283437443,20.018737156055384,18.9133543146623,19.087430953979492,15739900,0.0,0.0
2021-10-11 00:00:00-04:00,19.1744703293654,19.217988661531837,18.982985683549956,18.991689682006836,11872400,0.0,0.0
2021-10-12 00:00:00-04:00,19.191873703566138,19.209281697792676,19.026502738767142,19.043909072875977,14046800,0.0,0.0
2021-10-13 00:00:00-04:00,19.9142906701509,20.010032986968433,19.600955046224353,19.71410369873047,13099100,0.0,0.0
2021-10-14 00:00:00-04:00,19.740218474374053,19.79244080903505,19.34854681412136,19.766328811645508,11343900,0.0,0.0
2021-10-15 00:00:00-04:00,19.931697755724763,20.366887670304422,19.809845110880147,20.34947967529297,22295600,0.0,0.0
2021-10-18 00:00:00-04:00,20.523558997916478,20.70633964928248,20.44522467020505,20.697635650634766,12618300,0.0,0.0
2021-10-19 00:00:00-04:00,20.932634194049534,21.132822816128325,20.836893541873877,21.080598831176758,7759900,0.0,0.0
2021-10-20 00:00:00-04:00,20.82819284049141,21.05449183074055,20.74985851078525,21.002267837524414,8434600,0.0,0.0
2021-10-21 00:00:00-04:00,20.462629591350833,20.506147917929294,20.30596095947999,20.375591278076172,6244600,0.0,0.0
2021-10-22 00:00:00-04:00,20.06225535634831,20.210220000777632,20.01003302893733,20.027441024780273,7696800,0.0,0.0
2021-10-25 00:00:00-04:00,19.905587124110596,20.001327774998888,19.783732820979882,19.957809448242188,10860000,0.0,0.0
2021-10-26 00:00:00-04:00,20.106195025816188,20.106195025816188,19.83401555752079,19.921815872192383,5844600,0.199,0.0
2021-10-27 00:00:00-04:00,20.114973409282907,20.15009420184242,19.798892974853516,19.798892974853516,17484500,0.0,0.0
2021-10-28 00:00:00-04:00,19.851571578243494,19.93937019890435,19.737430691942226,19.80767059326172,6915000,0.0,0.0
2021-10-29 00:00:00-04:00,19.535491836111504,19.596951542483136,19.447691537872856,19.561832427978516,5688100,0.0,0.0
2021-11-01 00:00:00-04:00,19.79011434073714,19.913033764705194,19.649632845935944,19.728652954101562,4766500,0.0,0.0
2021-11-02 00:00:00-04:00,19.728651173510162,19.92181216477102,19.711092453564866,19.895471572875977,3786300,0.0,0.0
2021-11-03 00:00:00-04:00,19.877913303349963,19.956933412831432,19.81645359034251,19.939373016357422,7089200,0.0,0.0
2021-11-04 00:00:00-04:00,20.027173324075893,20.062294117023914,19.913034096297984,19.939373016357422,4077600,0.0,0.0
2021-11-05 00:00:00-04:00,20.123754174187926,20.123754174187926,19.939373357360694,20.009614944458008,4723100,0.0,0.0
2021-11-08 00:00:00-05:00,20.378373420727083,20.606653556988405,20.378373420727083,20.58031463623047,6848800,0.0,0.0
2021-11-09 00:00:00-05:00,20.48373042218749,20.52762973194371,20.255450327222256,20.45738983154297,5532100,0.0,0.0
2021-11-10 00:00:00-05:00,20.316912820636514,20.378372532595325,20.150094080934476,20.158872604370117,6060200,0.0,0.0
2021-11-11 00:00:00-05:00,20.22033265828431,20.439832572042558,20.22033265828431,20.369592666625977,3639400,0.0,0.0
2021-11-12 00:00:00-05:00,20.712013246229002,20.80859375,20.65933373265007,20.80859375,5304700,0.0,0.0
2021-11-15 00:00:00-05:00,20.89639327876686,20.94907446926046,20.720794334409696,20.747133255004883,3667100,0.0,0.0
2021-11-16 00:00:00-05:00,20.852492840299202,21.151012871774554,20.808593525232865,21.09833335876465,8389100,0.0,0.0
2021-11-17 00:00:00-05:00,20.966631270279482,21.080772164572004,20.834931655416266,20.843711853027344,5177900,0.0,0.0
2021-11-18 00:00:00-05:00,20.82615010380021,20.843710497880675,20.659331383989816,20.764690399169922,6453500,0.0,0.0
2021-11-19 00:00:00-05:00,20.79103143769146,20.80859183214981,20.659331828556613,20.712011337280273,3084000,0.0,0.0
2021-11-22 00:00:00-05:00,20.59787062026566,20.68567091864052,19.983271880944443,19.99205207824707,12581200,0.0,0.0
2021-11-23 00:00:00-05:00,20.1061923071201,20.36081301777354,19.956932294756374,20.097412109375,8496200,0.0,0.0
2021-11-24 00:00:00-05:00,19.62329193351953,19.869130756490073,19.5793909475238,19.851572036743164,3992100,0.0,0.0
2021-11-26 00:00:00-05:00,19.588173144321985,19.75499355883234,19.438913126002525,19.491594314575195,3527600,0.0,0.0
2021-11-29 00:00:00-05:00,19.719875768285693,19.886696208190095,19.5969563255413,19.8603572845459,9943000,0.0,0.0
2021-11-30 00:00:00-05:00,19.930594161916108,20.26423331612586,19.772553945576707,19.825233459472656,8744700,0.0,0.0
2021-12-01 00:00:00-05:00,20.062294131551027,20.079854528037753,19.69353417858769,19.702314376831055,6696100,0.0,0.0
2021-12-02 00:00:00-05:00,20.141314760647536,20.64177435086782,20.04473425213077,20.58031463623047,9337500,0.0,0.0
2021-12-03 00:00:00-05:00,20.299353987246466,20.31691270867254,19.93059404287425,20.088632583618164,6754900,0.0,0.0
2021-12-06 00:00:00-05:00,19.632074356195517,19.64085455438998,19.219413414313667,19.535493850708008,6857200,0.0,0.0
2021-12-07 00:00:00-05:00,19.816455778131836,20.25545569053937,19.763776257545423,20.246675491333008,8397300,0.0,0.0
2021-12-08 00:00:00-05:00,20.369594896908854,20.650554549337674,20.29935498380165,20.58031463623047,5193700,0.0,0.0
2021-12-09 00:00:00-05:00,20.39593371325761,20.58031453087742,20.3871535148327,20.413494110107422,4480800,0.0,0.0
2021-12-10 00:00:00-05:00,20.47495428098342,20.66811530133527,20.246674140800472,20.360815048217773,4001300,0.0,0.0
2021-12-13 00:00:00-05:00,20.229112143049505,20.229112143049505,19.82523144514573,19.851572036743164,4551600,0.0,0.0
2021-12-14 00:00:00-05:00,19.974492690246574,20.167652016684315,19.85157327111815,20.097412109375,5253200,0.0,0.0
2021-12-15 00:00:00-05:00,19.974495444380658,20.439835941124365,19.94815484751345,20.42227554321289,6836200,0.0,0.0
2021-12-16 00:00:00-05:00,20.90517058015674,21.510990789666046,20.870051466012736,21.16857147216797,11307500,0.0,0.0
2021-12-17 00:00:00-05:00,21.001752187205508,21.30905240683801,20.95785287353721,21.107112884521484,6517000,0.0,0.0
2021-12-20 00:00:00-05:00,20.922733651450798,20.957854444739606,20.545193496854093,20.799814224243164,4031000,0.0,0.0
2021-12-21 00:00:00-05:00,21.054432252019158,21.29149257122337,20.931512830795427,21.265151977539062,3750300,0.0,0.0
2021-12-22 00:00:00-05:00,21.265153314246337,21.546114640585355,21.203693599771174,21.537334442138672,6968800,0.0,0.0
2021-12-23 00:00:00-05:00,21.677813468829473,21.774392298879373,21.510993053795563,21.712932586669922,2488600,0.0,0.0
2021-12-27 00:00:00-05:00,21.827075350565867,22.248514848530597,21.827075350565867,22.239734649658203,3527200,0.0,0.0
2021-12-28 00:00:00-05:00,22.266075358539045,22.292414280637324,22.108035127342518,22.213394165039062,3405800,0.0,0.0
2021-12-29 00:00:00-05:00,22.116811643410603,22.28363037109375,22.072910656137594,22.28363037109375,2330400,0.0,0.0
2021-12-30 00:00:00-05:00,22.424111747420053,22.47679125724182,22.292410460888494,22.30997085571289,2293900,0.0,0.0
2021-12-31 00:00:00-05:00,22.415334711807795,22.44167363310821,22.2221736907959,22.2221736907959,3009700,0.0,0.0
2022-01-03 00:00:00-05:00,22.292409552369858,22.42411083353398,22.08168984701916,22.17827033996582,4526700,0.0,0.0
2022-01-04 00:00:00-05:00,22.169489228607766,22.27484991426356,21.932428941870704,22.04656982421875,8180900,0.0,0.0
2022-01-05 00:00:00-05:00,21.809510689459554,21.87975059205639,21.29149077981363,21.335390090942383,8881400,0.0,0.0
2022-01-06 00:00:00-05:00,21.2475915723062,21.5022105924672,21.045650386035508,21.16857147216797,11523300,0.0,0.0
2022-01-07 00:00:00-05:00,21.265149737965555,21.396851017865238,21.045649837667867,21.247591018676758,6596500,0.0,0.0
2022-01-10 00:00:00-05:00,21.651472095817724,21.756832794853143,21.44953257020563,21.7480525970459,10032000,0.0,0.0
2022-01-11 00:00:00-05:00,21.844631092273215,22.002671301103366,21.65147176739829,21.967552185058594,9883900,0.0,0.0
2022-01-12 00:00:00-05:00,22.95969143678992,23.170411160314067,22.39777217405886,22.608491897583008,15578800,0.0,0.0
2022-01-13 00:00:00-05:00,22.599714632544046,22.634835428348122,22.362654284821666,22.476795196533203,20147500,0.0,0.0
2022-01-14 00:00:00-05:00,22.582152304456102,23.082613553977517,22.45923287895167,23.00359344482422,11294700,0.0,0.0
2022-01-18 00:00:00-05:00,22.57337268725147,22.626053877810634,22.318753631488654,22.39777374267578,6915000,0.0,0.0
2022-01-19 00:00:00-05:00,21.932431603285472,21.993891312937876,21.467092844687848,21.484651565551758,13756100,0.0,0.0
2022-01-20 00:00:00-05:00,21.361730291270074,21.40562960159502,20.773470489798544,20.791030883789062,19417500,0.0,0.0
2022-01-21 00:00:00-05:00,20.58031283736991,20.870052662943333,20.510072930402153,20.553972244262695,13813600,0.0,0.0
2022-01-24 00:00:00-05:00,20.08862856047677,20.167648652349175,19.289649120123507,20.14130973815918,18128000,0.0,0.0
2022-01-25 00:00:00-05:00,19.895474613427197,20.062295038287555,19.684754870017528,19.73743438720703,9588100,0.0,0.0
2022-01-26 00:00:00-05:00,19.94815277010846,20.053513471953288,19.465253600394224,19.65841293334961,11662800,0.0,0.0
2022-01-27 00:00:00-05:00,19.54427234017346,19.649631359992465,19.070151727033668,19.149171829223633,17086900,0.0,0.0
2022-01-28 00:00:00-05:00,19.44769155856862,19.93059236206937,19.35989126023654,19.895471572875977,15420200,0.0,0.0
2022-01-31 00:00:00-05:00,20.255450576840495,20.72957116637681,20.21155126654328,20.69445037841797,5686800,0.0,0.0
2022-02-01 00:00:00-05:00,20.641776365004464,20.747135407619947,20.40471600714195,20.650556564331055,10309700,0.0,0.0
2022-02-02 00:00:00-05:00,20.834933451523174,20.9402941572874,20.720794222042567,20.870054244995117,9033400,0.0,0.0
2022-02-03 00:00:00-05:00,20.264234111175885,20.422274333715862,19.956933864531667,19.983274459838867,12135000,0.0,0.0
2022-02-04 00:00:00-05:00,20.167652016684315,20.378371738612252,19.895472585192163,20.097412109375,18253100,0.0,0.0
2022-02-07 00:00:00-05:00,19.913033764705194,20.114973296838865,19.675973440208335,19.728652954101562,15889900,0.0,0.0
2022-02-08 00:00:00-05:00,19.719871979593137,20.167652016684315,19.640853549190208,20.097412109375,21190900,0.0,0.0
2022-02-09 00:00:00-05:00,20.343252523359432,20.597871558123238,20.281792814094082,20.553972244262695,7472800,0.0,0.0
2022-02-10 00:00:00-05:00,20.237888547941182,20.4310495168076,20.079850038847574,20.14130973815918,10600800,0.0,0.0
2022-02-11 00:00:00-05:00,19.948151745887806,19.99205273384057,19.500371716678366,19.55305290222168,7761500,0.0,0.0
2022-02-14 00:00:00-05:00,19.315992477534074,19.544272589590378,19.219411979257938,19.482812881469727,6502900,0.0,0.0
2022-02-15 00:00:00-05:00,20.000833283481875,20.1500932958456,19.886692387447063,20.097412109375,9976200,0.0,0.0
2022-02-16 00:00:00-05:00,19.772551066490355,20.06229086270632,19.746210476052063,20.053510665893555,6605000,0.0,0.0
2022-02-17 00:00:00-05:00,19.886692269012975,19.9744925712896,19.640853432220204,19.693532943725586,8470200,0.0,0.0
2022-02-18 00:00:00-05:00,19.78133335996433,19.974492686364524,19.58817235891264,19.76377296447754,8932700,0.0,0.0
2022-02-22 00:00:00-05:00,19.86913034211367,20.474950539009093,19.851571622732955,20.237890243530273,17268300,0.0,0.0
2022-02-23 00:00:00-05:00,20.22033365433107,20.40471278713776,19.895473029119707,19.948152542114258,8420000,0.0,0.0
2022-02-24 00:00:00-05:00,18.797972760064972,19.535492615241722,18.473113820672516,19.52671241760254,21155100,0.0,0.0
2022-02-25 00:00:00-05:00,19.5267105796869,20.079851256331846,19.5267105796869,20.053510665893555,8269300,0.0,0.0
2022-02-28 00:00:00-05:00,19.851574729545383,20.00083475287473,19.570615079666986,19.719873428344727,6965700,0.0,0.0
2022-03-01 00:00:00-05:00,19.658411917411186,19.75499241622341,19.35111337510221,19.456472396850586,6930300,0.0,0.0
2022-03-02 00:00:00-05:00,19.500374042941843,20.000835317396266,19.465254923041616,19.834014892578125,8749500,0.0,0.0
2022-03-03 00:00:00-05:00,20.062294242611596,20.14131435258772,19.693534287606884,19.772554397583008,7023600,0.0,0.0
2022-03-04 00:00:00-05:00,19.561834881276834,19.798893539204474,19.44769397685648,19.719873428344727,13424500,0.0,0.0
2022-03-07 00:00:00-05:00,19.561834215341353,19.825233459472656,19.482814107171652,19.825233459472656,14195100,0.0,0.0
2022-03-08 00:00:00-05:00,19.91303462744424,20.729574664098156,19.790115198150662,20.483734130859375,20426800,0.0,0.0
2022-03-09 00:00:00-05:00,20.85249417360847,21.203693740549447,20.668115028958823,20.984193801879883,10599200,0.0,0.0
2022-03-10 00:00:00-05:00,20.668113594381367,21.010532939049977,20.668113594381367,20.9315128326416,7789000,0.0,0.0
2022-03-11 00:00:00-05:00,21.23881260936303,21.326612911802464,21.028092888299277,21.080772399902344,7892800,0.0,0.0
2022-03-14 00:00:00-04:00,21.475871377082505,21.985112799340364,21.449532458449504,21.677812576293945,13945300,0.0,0.0
2022-03-15 00:00:00-04:00,21.21247471114351,21.34417434420851,20.7120151007055,21.238815307617188,9186200,0.0,0.0
2022-03-16 00:00:00-04:00,21.484648958473343,22.055350020911007,21.42318925627883,22.04656982421875,12327300,0.0,0.0
2022-03-17 00:00:00-04:00,21.78317409368656,21.993893840129463,21.475873835462952,21.502214431762695,14814900,0.0,0.0
2022-03-18 00:00:00-04:00,21.41441200303925,21.9851131439209,21.256371790158273,21.9851131439209,29035600,0.0,0.0
2022-03-21 00:00:00-04:00,21.423192867754754,21.563672689210073,21.133453026671717,21.256372451782227,8200800,0.0,0.0
2022-03-22 00:00:00-04:00,21.607575234090447,21.906095294815472,21.58123463767882,21.765615463256836,5367300,0.0,0.0
2022-03-23 00:00:00-04:00,21.37929231470565,21.642691546033262,21.317832605705973,21.34417152404785,9022300,0.0,0.0
2022-03-24 00:00:00-04:00,21.625128923043093,21.677810103602965,21.414409224757502,21.660249710083008,3594400,0.0,0.0
2022-03-25 00:00:00-04:00,21.598793360374017,21.730492982915923,21.51977325191856,21.712932586669922,3365400,0.0,0.0
2022-03-28 00:00:00-04:00,21.712933259308087,21.74805405288809,21.528554116967907,21.704153060913086,2834400,0.0,0.0
2022-03-29 00:00:00-04:00,21.870969239676192,22.055350020911007,21.783168947404917,22.04656982421875,3817200,0.0,0.0
2022-03-30 00:00:00-04:00,21.791951128503122,22.099251342110144,21.791951128503122,21.92365074157715,6945500,0.0,0.0
2022-03-31 00:00:00-04:00,21.92365253921609,22.134372272342873,21.853412628173828,21.853412628173828,7849500,0.0,0.0
2022-04-01 00:00:00-04:00,22.055354537996365,22.064133061835236,21.546114748108753,21.607574462890625,14712000,0.0,0.0
2022-04-04 00:00:00-04:00,21.563668113465017,21.721708297729492,21.546109395497684,21.721708297729492,12357900,0.0,0.0
2022-04-05 00:00:00-04:00,21.510992720233645,21.546113512181048,21.309053190490676,21.40563201904297,6293000,0.0,0.0
2022-04-06 00:00:00-04:00,20.992972875969723,21.177353685395293,20.843712858682945,21.045652389526367,12373700,0.0,0.0
2022-04-07 00:00:00-04:00,20.852494066560222,21.07199400410296,20.782254153532612,20.91395378112793,8337400,0.0,0.0
2022-04-08 00:00:00-04:00,20.878833659655758,20.984192686813625,20.755912561769524,20.80859375,5583400,0.0,0.0
2022-04-11 00:00:00-04:00,20.43105122858028,20.58909142556616,20.158870145037334,20.237890243530273,6641500,0.0,0.0
2022-04-12 00:00:00-04:00,20.32569371772501,20.43105442374315,19.737433822865118,19.81645393371582,11642600,0.0,0.0
2022-04-13 00:00:00-04:00,19.219415298777175,19.228195497832537,18.36775608622806,18.604816436767578,20145500,0.0,0.0
2022-04-14 00:00:00-04:00,18.6223726790979,18.648713272754527,17.928753792655247,17.9638729095459,17199800,0.0,0.0
2022-04-18 00:00:00-04:00,18.03411326189025,18.192151789090104,17.884853257325336,18.051671981811523,11998300,0.0,0.0
2022-04-19 00:00:00-04:00,17.612672489648446,17.9638720143104,17.34049306736686,17.928752899169922,16645300,0.0,0.0
2022-04-20 00:00:00-04:00,18.157033917023984,18.200933231808158,17.963872912809997,18.060453414916992,10019600,0.0,0.0
2022-04-21 00:00:00-04:00,18.30629393509322,18.376533843551428,18.113132930844507,18.157033920288086,21840600,0.0,0.0
2022-04-22 00:00:00-04:00,18.00777469793736,18.09557500603676,17.66535533846644,17.78827476501465,11983400,0.0,0.0
2022-04-25 00:00:00-04:00,17.709255535637798,17.91997528076172,17.586336102978425,17.91997528076172,8778400,0.0,0.0
2022-04-26 00:00:00-04:00,17.779492993195827,17.89363221136724,17.61267259003628,17.665353775024414,13027100,0.0,0.0
2022-04-27 00:00:00-04:00,17.55121288220156,17.840952701030545,17.55121288220156,17.665353775024414,9754100,0.0,0.0
2022-04-28 00:00:00-04:00,17.91997281703303,18.139472730690613,17.86729330665761,17.998992919921875,24229100,0.0,0.0
2022-04-29 00:00:00-04:00,17.77071312724218,17.823392638561703,17.44585418701172,17.44585418701172,12325100,0.0,0.0
2022-05-02 00:00:00-04:00,17.4546339301572,17.753153972921144,17.419514811706403,17.691694259643555,15073900,0.0,0.0
2022-05-03 00:00:00-04:00,17.726815833303696,17.814616145274154,17.674134641330426,17.753154754638672,7716800,0.0,0.0
2022-05-04 00:00:00-04:00,17.647793400288396,18.13947273818204,17.595113889891223,18.09557342529297,7519400,0.0,0.0
2022-05-05 00:00:00-04:00,18.08679503030345,18.253615450279728,17.656575357439657,17.83217430114746,9577100,0.0,0.0
2022-05-06 00:00:00-04:00,17.524873967921984,17.559994761277306,17.305374033406018,17.428295135498047,6615300,0.0,0.0
2022-05-09 00:00:00-04:00,17.595113737735257,17.68291236275415,17.34927323358865,17.401952743530273,14538200,0.0,0.0
2022-05-10 00:00:00-04:00,17.577553796818307,17.665354098756104,17.138553961780794,17.349273681640625,18342600,0.0,0.0
2022-05-11 00:00:00-04:00,17.200015244379216,17.35805546739613,17.015634425975612,17.041975021362305,8503200,0.0,0.0
2022-05-12 00:00:00-04:00,16.822476292010187,17.252695999649646,16.787357170290505,17.147336959838867,13434100,0.0,0.0
2022-05-13 00:00:00-04:00,16.94539373549871,17.129774545443183,16.848814906148313,17.07709503173828,14033500,0.0,0.0
2022-05-16 00:00:00-04:00,16.796133156203858,16.840034145033044,16.594193631544073,16.629314422607422,11057600,0.0,0.0
2022-05-17 00:00:00-04:00,17.05075465726697,17.226355271414732,17.033194260921878,17.217575073242188,7184600,0.0,0.0
2022-05-18 00:00:00-04:00,16.96295529357641,17.024415009550697,16.47127589113045,16.48883628845215,10672000,0.0,0.0
2022-05-19 00:00:00-04:00,16.12007709602661,16.53273640509451,15.997155983493307,16.357135772705078,9392800,0.0,0.0
2022-05-20 00:00:00-04:00,16.52395530164611,16.532735500250215,16.146415134928,16.418596267700195,6019100,0.0,0.0
2022-05-23 00:00:00-04:00,16.49761435317739,16.62053376922657,16.36591306495162,16.585412979125977,7451600,0.0,0.0
2022-05-24 00:00:00-04:00,16.234215348515267,16.304455262273272,16.023495607241248,16.155195236206055,9904800,0.0,0.0
2022-05-25 00:00:00-04:00,15.891794145909719,16.041054154766854,15.71619354443611,15.926913261413574,19046500,0.0,0.0
2022-05-26 00:00:00-04:00,15.997155456694212,16.2956755171347,15.926915540981845,16.1990966796875,9116900,0.0,0.0
2022-05-27 00:00:00-04:00,16.506392883220734,16.717114274612914,16.46249357022737,16.68199348449707,14402900,0.0,0.0
2022-05-31 00:00:00-04:00,16.903947110942102,16.992726986805415,16.575455812798047,16.744140625,14970000,0.21,0.0
2022-06-01 00:00:00-04:00,16.797407328548626,17.00160373345055,16.735260743871297,16.89506721496582,11631300,0.0,0.0
2022-06-02 00:00:00-04:00,17.090387085206668,17.330096816965845,17.090387085206668,17.321218490600586,9397700,0.0,0.0
2022-06-03 00:00:00-04:00,17.223557661901456,17.40112079286264,17.170289399960108,17.205801010131836,9036000,0.0,0.0
2022-06-06 00:00:00-04:00,17.330095881819997,17.436632405719095,17.214679338667203,17.250192642211914,3917300,0.0,0.0
2022-06-07 00:00:00-04:00,17.001604594883737,17.214679336016648,16.903946396885853,17.205801010131836,11026400,0.0,0.0
2022-06-08 00:00:00-04:00,17.125901250610745,17.14365621086519,17.001606368623506,17.01048469543457,3191500,0.0,0.0
2022-06-09 00:00:00-04:00,17.01936252329262,17.12590074853437,16.76189613342285,16.76189613342285,5958200,0.0,0.0
2022-06-10 00:00:00-04:00,16.531066008142375,16.531066008142375,16.158184769060437,16.27359962463379,8787000,0.0,0.0
2022-06-13 00:00:00-04:00,15.891840195016504,16.016135071350984,15.767547012049638,15.847450256347656,9535700,0.0,0.0
2022-06-14 00:00:00-04:00,15.989502425986858,16.255845483611107,15.980624098283668,16.19369888305664,11567800,0.0,0.0
2022-06-15 00:00:00-04:00,16.033890481416773,16.273600221047666,15.891840641643132,16.238088607788086,16537200,0.0,0.0
2022-06-16 00:00:00-04:00,15.767547250327286,15.79418222995167,15.625497412399191,15.687644004821777,5810400,0.0,0.0
2022-06-17 00:00:00-04:00,15.554472845704135,15.936232428794632,15.554472845704135,15.767547607421875,13242000,0.0,0.0
2022-06-21 00:00:00-04:00,16.442288655657432,16.82404831899249,16.389018684005073,16.664241790771484,14786000,0.0,0.0
2022-06-22 00:00:00-04:00,16.291355895117498,16.40677074798333,16.149306063882214,16.264720916748047,12715900,0.0,0.0
2022-06-23 00:00:00-04:00,16.38014183251984,16.46892173069899,16.238091963391575,16.37126350402832,12097800,0.0,0.0
2022-06-24 00:00:00-04:00,16.309115468679256,16.602093509751683,16.25584550239855,16.575458526611328,6561500,0.0,0.0
2022-06-27 00:00:00-04:00,16.655359268188477,16.673115920934638,16.48667445383515,16.655359268188477,8163800,0.0,0.0
2022-06-28 00:00:00-04:00,16.655356042563568,16.72638094642529,16.37125642711667,16.38901138305664,5168800,0.0,0.0
2022-06-29 00:00:00-04:00,16.309115311034503,16.575458366392088,16.229212055753656,16.52219009399414,5126600,0.0,0.0
2022-06-30 00:00:00-04:00,16.335748825302865,16.48667701031345,16.282480552172036,16.433408737182617,10376700,0.0,0.0
2022-07-01 00:00:00-04:00,16.51331260988662,16.78853400693048,16.424531022443066,16.735265731811523,9066900,0.0,0.0
2022-07-05 00:00:00-04:00,16.43340866993184,16.59321518203823,16.300237140965805,16.575458526611328,10265200,0.0,0.0
2022-07-06 00:00:00-04:00,16.602091334946042,16.886191011089128,16.602091334946042,16.80628776550293,8860200,0.0,0.0
2022-07-07 00:00:00-04:00,16.859556526381823,17.028241349056703,16.779653278449914,17.01048469543457,9675500,0.0,0.0
2022-07-08 00:00:00-04:00,16.912823105349737,17.010482997153677,16.655358427004153,16.921701431274414,15835100,0.0,0.0
2022-07-11 00:00:00-04:00,16.42452468167114,16.504427910186493,16.18481499612509,16.38901138305664,7908800,0.0,0.0
2022-07-12 00:00:00-04:00,16.149307798613467,16.309114299261193,16.078282875366448,16.167062759399414,12463200,0.0,0.0
2022-07-13 00:00:00-04:00,16.016136712086627,16.220333160269938,15.962866748185753,16.078283309936523,8601800,0.0,0.0
2022-07-14 00:00:00-04:00,15.803059359915482,15.936232568856232,15.6521311907013,15.891840934753418,6778800,0.0,0.0
2022-07-15 00:00:00-04:00,16.08715989679133,16.167061447262554,15.936231735469947,16.131549835205078,4846900,0.0,0.0
2022-07-18 00:00:00-04:00,16.495556716173546,16.63760658530181,16.32687186157073,16.37126350402832,7496500,0.0,0.0
2022-07-19 00:00:00-04:00,16.513311328876046,16.673117835203954,16.460043057889347,16.61096954345703,5046400,0.0,0.0
2022-07-20 00:00:00-04:00,16.673116303454766,16.744141222701284,16.52218813838496,16.61984634399414,13431500,0.0,0.0
2022-07-21 00:00:00-04:00,16.957216213216256,17.117022707056535,16.824044699471916,17.054874420166016,15563600,0.0,0.0
2022-07-22 00:00:00-04:00,16.770774459973634,16.921702624601654,16.69087121438423,16.76189613342285,9935200,0.0,0.0
2022-07-25 00:00:00-04:00,16.602089511906577,16.63760112084119,16.202573327845595,16.477794647216797,15146700,0.0,0.0
2022-07-26 00:00:00-04:00,16.060524215985712,16.060524215985712,15.838571146879628,15.900717735290527,13040200,0.0,0.0
2022-07-27 00:00:00-04:00,16.19369831622024,16.68199616259637,16.158186700018373,16.61096954345703,9772700,0.0,0.0
2022-07-28 00:00:00-04:00,16.744141289269486,17.019362640772965,16.664238043128535,17.001605987548828,9660300,0.0,0.0
2022-07-29 00:00:00-04:00,17.19692454987921,17.40112096717278,17.152532920010476,17.3034610748291,7222000,0.0,0.0
2022-08-01 00:00:00-04:00,17.188047147677008,17.41887855529785,17.179168821226096,17.41887855529785,8471600,0.0,0.0
2022-08-02 00:00:00-04:00,17.294582748855355,17.41887761912027,17.2590711383279,17.3034610748291,6613000,0.0,0.0
2022-08-03 00:00:00-04:00,17.543171600111116,17.845027923583984,17.50765829458837,17.845027923583984,7339100,0.0,0.0
2022-08-04 00:00:00-04:00,17.907174300864583,17.99595587024276,17.82727105776098,17.88941764831543,8486500,0.0,0.0
2022-08-05 00:00:00-04:00,17.845029554165357,18.031469345092773,17.774004629997613,18.031469345092773,5790000,0.0,0.0
2022-08-08 00:00:00-04:00,18.031469944828192,18.093616543871025,17.933811729204237,17.99595832824707,9722500,0.0,0.0
2022-08-09 00:00:00-04:00,17.916053771972656,17.987078693340163,17.871662137763153,17.916053771972656,5140100,0.0,0.0
2022-08-10 00:00:00-04:00,18.15576477780619,18.288936302950177,18.031469886753033,18.093616485595703,5828100,0.0,0.0
2022-08-11 00:00:00-04:00,18.013712522791913,18.129127377626233,17.845027710310134,17.88941764831543,7446900,0.0,0.0
2022-08-12 00:00:00-04:00,17.80063857370509,17.880541828007168,17.711858685251958,17.85390853881836,4842800,0.0,0.0
2022-08-15 00:00:00-04:00,17.77400528451628,17.889420155526047,17.77400528451628,17.85390853881836,2987500,0.0,0.0
2022-08-16 00:00:00-04:00,17.800636078937252,17.898295974590006,17.74736781465738,17.88941764831543,7513200,0.0,0.0
2022-08-17 00:00:00-04:00,17.82727088950746,17.91605245804772,17.66746440480851,17.836149215698242,10568900,0.0,0.0
2022-08-18 00:00:00-04:00,17.65859122828985,17.80064110203241,17.65859122828985,17.729616165161133,5370900,0.0,0.0
2022-08-19 00:00:00-04:00,17.791763616568883,17.791763616568883,17.534297174356634,17.560932159423828,2868500,0.0,0.0
2022-08-22 00:00:00-04:00,17.29458389224347,17.41887877072583,17.26795060592897,17.330097198486328,9260400,0.0,0.0
2022-08-23 00:00:00-04:00,17.24131743231593,17.267952414788155,17.090389251708984,17.090389251708984,6669000,0.0,0.0
2022-08-24 00:00:00-04:00,17.081510924218243,17.21468244984371,17.045999307623102,17.090389251708984,5528700,0.0,0.0
2022-08-25 00:00:00-04:00,16.98385047516384,17.04599876562294,16.88619226260651,17.028242111206055,3818500,0.0,0.0
2022-08-26 00:00:00-04:00,17.010483291471363,17.054873228495275,16.53106553681644,16.54882049560547,5710800,0.0,0.0
2022-08-29 00:00:00-04:00,16.309113097773032,16.39789297526561,16.22033152691284,16.326868057250977,5544000,0.0,0.0
2022-08-30 00:00:00-04:00,16.673117569097954,16.673117569097954,16.300236291406698,16.362382888793945,6267500,0.0,0.0
2022-08-31 00:00:00-04:00,16.40677190305752,16.468918496927277,16.246965408325195,16.246965408325195,7419500,0.0,0.0
2022-09-01 00:00:00-04:00,16.27359903284998,16.35350227355957,16.14930585546508,16.35350227355957,4480300,0.0,0.0
2022-09-02 00:00:00-04:00,16.246963749388772,16.371258617804525,15.980620747608961,16.060523986816406,5248800,0.0,0.0
2022-09-06 00:00:00-04:00,16.10491567162573,16.17594059270471,15.918475888806295,15.962865829467773,7158700,0.0,0.0
2022-09-07 00:00:00-04:00,16.104916478626464,16.380139543295382,16.078283190242086,16.362382888793945,4769300,0.0,0.0
2022-09-08 00:00:00-04:00,16.291355855167136,16.451162338256836,16.22920926582504,16.451162338256836,3936900,0.0,0.0
2022-09-09 00:00:00-04:00,16.664236752928833,16.957214734973128,16.646480101079476,16.921701431274414,5513600,0.0,0.0
2022-09-12 00:00:00-04:00,17.07263031017295,17.232436796867596,17.037118698333916,17.08150863647461,3607400,0.0,0.0
2022-09-13 00:00:00-04:00,16.655357771992225,16.77965094331455,16.415648061555633,16.477794647216797,15227800,0.0,0.0
2022-09-14 00:00:00-04:00,16.30911358005065,16.371260173480238,15.953987286108417,16.051647186279297,16757300,0.0,0.0
2022-09-15 00:00:00-04:00,15.714278580280046,15.811936782989099,15.545593767066086,15.794181823730469,21950100,0.0,0.0
2022-09-16 00:00:00-04:00,15.27037383399278,15.501203565964499,15.172713928903992,15.43017864227295,42686600,0.0,0.0
2022-09-19 00:00:00-04:00,15.456811904907227,15.55447179913645,15.350275377900404,15.456811904907227,15219300,0.0,0.0
2022-09-20 00:00:00-04:00,15.32364186059367,15.368031802184555,15.048420497321176,15.110567092895508,18634300,0.0,0.0
2022-09-21 00:00:00-04:00,15.17271368846984,15.350276841568837,15.092810438912062,15.110567092895508,10736000,0.0,0.0
2022-09-22 00:00:00-04:00,15.004027237150458,15.075052152023208,14.737684229719536,14.808709144592285,17899000,0.0,0.0
2022-09-23 00:00:00-04:00,14.719927978947451,14.835342833749227,14.551243166513235,14.746562957763672,18057100,0.0,0.0
2022-09-26 00:00:00-04:00,14.853100420105658,15.030663569975317,14.773197172001082,14.817588806152344,10331500,0.0,0.0
2022-09-27 00:00:00-04:00,15.00402836993223,15.128323250369277,14.80871026262783,14.906370162963867,12443100,0.0,0.0
2022-09-28 00:00:00-04:00,14.96851853538716,15.270374905601146,14.906371934466847,15.190471649169922,8791800,0.0,0.0
2022-09-29 00:00:00-04:00,14.950761003942834,15.004029273986816,14.826467809384281,15.004029273986816,6037800,0.0,0.0
2022-09-30 00:00:00-04:00,15.181592018362148,15.297006882541137,15.06617546081543,15.06617546081543,6245800,0.0,0.0
2022-10-03 00:00:00-04:00,14.977393662833023,15.243736665114081,14.933002033541174,15.137198448181152,9703100,0.0,0.0
2022-10-04 00:00:00-04:00,15.430175929274007,15.723153899659986,15.368029343641746,15.714277267456055,8648900,0.0,0.0
2022-10-05 00:00:00-04:00,15.581107487921823,15.758670651482845,15.44793596193497,15.6610107421875,6090900,0.0,0.0
2022-10-06 00:00:00-04:00,15.678766498455158,15.740913094128706,15.510081672078577,15.518959999084473,10827300,0.0,0.0
2022-10-07 00:00:00-04:00,15.385788817721846,15.43017876035586,15.092810793581156,15.146079063415527,14041700,0.0,0.0
2022-10-10 00:00:00-04:00,15.589985847473145,15.705402412035331,15.385789394315836,15.589985847473145,23349600,0.0,0.0
2022-10-11 00:00:00-04:00,15.11944347115649,15.33251821139165,15.083930167766876,15.208223342895508,12839500,0.0,0.0
2022-10-12 00:00:00-04:00,15.2171026462388,15.368030808604765,15.119444442379141,15.181591033935547,11642700,0.0,0.0
2022-10-13 00:00:00-04:00,15.092810637363026,16.184819471187502,15.012907386754627,16.025012969970703,16478500,0.0,0.0
2022-10-14 00:00:00-04:00,15.918474598143243,16.15818432236212,15.794181419674592,15.811936378479004,13607400,0.0,0.0
2022-10-17 00:00:00-04:00,16.087161419249743,16.317991152887636,16.078283092053244,16.12267303466797,9800800,0.0,0.0
2022-10-18 00:00:00-04:00,16.202576894545047,16.317991765698316,15.882963876939328,16.042770385742188,7630100,0.0,0.0
2022-10-19 00:00:00-04:00,15.847453311511254,15.962868190321174,15.740915067452299,15.829696655273438,6284000,0.0,0.0
2022-10-20 00:00:00-04:00,16.007258067143233,16.184819529852817,15.856329892487821,15.882963180541992,8674600,0.0,0.0
2022-10-21 00:00:00-04:00,15.918475785480018,16.300235368814423,15.856329191610264,16.246965408325195,7393300,0.0,0.0
2022-10-24 00:00:00-04:00,16.238091963391575,16.460045095575488,16.17594366395095,16.37126350402832,9595200,0.0,0.0
2022-10-25 00:00:00-04:00,16.42452866620919,16.584335162008436,16.40677201259423,16.53106689453125,5701200,0.0,0.0
2022-10-26 00:00:00-04:00,16.513312304529183,16.76189871273284,16.468920664944314,16.58433723449707,7555000,0.0,0.0
2022-10-27 00:00:00-04:00,16.58523122073944,16.719851265001967,16.522408647536047,16.61215591430664,7597000,0.201,0.0
2022-10-28 00:00:00-04:00,16.52241167026521,16.881399091236602,16.486513784061597,16.86345100402832,8698000,0.0,0.0
2022-10-31 00:00:00-04:00,16.746778248285263,16.899348109119487,16.70190546465807,16.809600830078125,8585500,0.0,0.0
2022-11-01 00:00:00-04:00,17.222433798250293,17.249356777723474,16.90831924736601,16.971141815185547,5474700,0.0,0.0
2022-11-02 00:00:00-04:00,16.791647602080904,16.94421743175149,16.52240753173828,16.52240753173828,6370600,0.0,0.0
2022-11-03 00:00:00-04:00,16.333937511945575,16.396760072010643,16.226240471986618,16.324962615966797,11328700,0.0,0.0
2022-11-04 00:00:00-04:00,16.396765340462473,16.567283283489317,16.244195483373716,16.450613021850586,10899800,0.0,0.0
2022-11-07 00:00:00-05:00,16.378813478241188,16.746775726288874,16.378813478241188,16.674978256225586,6280400,0.0,0.0
2022-11-08 00:00:00-05:00,16.782677022609406,17.007044353329924,16.710879545250314,16.818574905395508,6187600,0.0,0.0
2022-11-09 00:00:00-05:00,16.612156475482603,16.82754889593617,16.576256882846945,16.58523178100586,10196200,0.0,0.0
2022-11-10 00:00:00-05:00,17.132688810968137,17.312183352927757,16.980118963838503,17.23141098022461,9282800,0.0,0.0
2022-11-11 00:00:00-05:00,17.509623250551044,17.76091522777002,17.37500322095702,17.72501564025879,6249900,0.0,0.0
2022-11-14 00:00:00-05:00,17.608346973562487,17.769889996399055,17.545522689819336,17.545522689819336,5670300,0.0,0.0
2022-11-15 00:00:00-05:00,17.93143808813409,18.00323557121001,17.716045638906337,17.73399543762207,5136400,0.0,0.0
2022-11-16 00:00:00-05:00,17.635271594306644,17.787841445436282,17.599373712045654,17.671171188354492,4740800,0.0,0.0
2022-11-17 00:00:00-05:00,17.40192797952595,17.536549734674498,17.35705520233425,17.48270034790039,4115500,0.0,0.0
2022-11-18 00:00:00-05:00,17.66219378366903,17.66219378366903,17.37500391918443,17.473724365234375,2744300,0.0,0.0
2022-11-21 00:00:00-05:00,17.285259572226046,17.35705705044953,17.267309774723447,17.321157455444336,7430300,0.0,0.0
2022-11-22 00:00:00-05:00,17.30320553095946,17.419875765268884,17.28525573743908,17.38397789001465,4605400,0.0,0.0
2022-11-23 00:00:00-05:00,17.330132100469182,17.54552453198612,17.32115720184928,17.527576446533203,3328100,0.0,0.0
2022-11-25 00:00:00-05:00,17.796815899292035,17.967335543185136,17.751943119640238,17.877588272094727,3161100,0.0,0.0
2022-11-28 00:00:00-05:00,17.85963812809861,17.91348580499064,17.599372929964808,17.617321014404297,4043200,0.0,0.0
2022-11-29 00:00:00-05:00,17.698094237534402,17.850664089228097,17.653221456595553,17.689119338989258,5516500,0.0,0.0
2022-11-30 00:00:00-05:00,17.80579067482556,18.272475111848898,17.74296809903142,18.263500213623047,6994600,0.0,0.0
2022-12-01 00:00:00-05:00,18.308372787852804,18.46094263240936,18.173752739546853,18.407094955444336,5586800,0.0,0.0
2022-12-02 00:00:00-05:00,18.039131199790344,18.209650826499175,17.823738797951812,18.119903564453125,5674600,0.0,0.0
2022-12-05 00:00:00-05:00,17.985282514355575,18.084002956438365,17.581420713786958,17.72501564025879,7650000,0.0,0.0
2022-12-06 00:00:00-05:00,17.491677392721655,17.572449771010543,17.213462374052668,17.419879913330078,11673400,0.0,0.0
2022-12-07 00:00:00-05:00,17.366030068667072,17.437827539115744,17.2583330071007,17.401927947998047,8087400,0.0,0.0
2022-12-08 00:00:00-05:00,17.536548945339895,17.787839225161388,17.49167445838131,17.572446823120117,6872000,0.0,0.0
2022-12-09 00:00:00-05:00,16.980117899086736,17.06986516443887,16.522408386398872,16.594205856323242,12510700,0.0,0.0
2022-12-12 00:00:00-05:00,16.594204997948754,16.630104586947304,16.477534757276718,16.52240753173828,6741000,0.0,0.0
2022-12-13 00:00:00-05:00,17.06089286903654,17.186538032622263,16.719853551036763,16.809600830078125,13184600,0.0,0.0
2022-12-14 00:00:00-05:00,16.827549542924057,17.024992174651096,16.692929488938034,16.80062484741211,7721700,0.0,0.0
2022-12-15 00:00:00-05:00,16.450611316016946,16.477536009812532,16.163421429344382,16.307016372680664,6568600,0.0,0.0
2022-12-16 00:00:00-05:00,16.25316867598604,16.35188912953613,15.876231522266089,15.912129402160645,15368300,0.0,0.0
2022-12-19 00:00:00-05:00,16.028801031308117,16.145471278282084,15.965978458953927,16.046749114990234,10765900,0.0,0.0
2022-12-20 00:00:00-05:00,16.109575358630487,16.342915880960952,16.06470086450007,16.208295822143555,6483900,0.0,0.0
2022-12-21 00:00:00-05:00,16.172395838761123,16.396763144920005,16.172395838761123,16.35188865661621,4228200,0.0,0.0
2022-12-22 00:00:00-05:00,16.19034546774179,16.226243346229307,15.912128778476768,16.091623306274414,7911000,0.0,0.0
2022-12-23 00:00:00-05:00,15.99290385917464,16.10957583558106,15.912131479135418,16.082651138305664,3685100,0.0,0.0
2022-12-27 00:00:00-05:00,16.16341998723191,16.23521745249423,16.01085015957616,16.18136978149414,4943200,0.0,0.0
2022-12-28 00:00:00-05:00,16.199317894773586,16.324964743061514,16.08264765542044,16.118545532226562,5872100,0.0,0.0
2022-12-29 00:00:00-05:00,16.235220562764816,16.495485782281182,16.235220562764816,16.369840621948242,4971600,0.0,0.0
2022-12-30 00:00:00-05:00,16.235222935064684,16.315995324734633,16.01983046654055,16.16342544555664,4468300,0.0,0.0
2023-01-03 00:00:00-05:00,16.315991859789296,16.468561706566796,16.208294792504727,16.360864639282227,11041400,0.0,0.0
2023-01-04 00:00:00-05:00,16.100599085376224,16.307016605394526,16.028801612683477,16.24419403076172,10440400,0.0,0.0
2023-01-05 00:00:00-05:00,15.983927371247281,16.037776760445336,15.867257118225098,15.867257118225098,6420300,0.0,0.0
2023-01-06 00:00:00-05:00,15.732638357394126,16.01085337722423,15.678788963785507,15.983928680419922,8915600,0.0,0.0
2023-01-09 00:00:00-05:00,16.235218013377256,16.36983805142154,16.145470750752185,16.15444564819336,10778100,0.0,0.0
2023-01-10 00:00:00-05:00,16.091627935469027,16.10060283561945,15.876235467220356,16.001880645751953,9517600,0.0,0.0
2023-01-11 00:00:00-05:00,15.992904153741621,16.28906898207806,15.921106671471788,16.26214599609375,9032200,0.0,0.0
2023-01-12 00:00:00-05:00,16.621132436778336,16.70190481358821,16.20829565399597,16.51343536376953,10853600,0.0,0.0
2023-01-13 00:00:00-05:00,16.50445992902004,16.674979575834794,16.369839875971277,16.621131896972656,10388700,0.0,0.0
2023-01-17 00:00:00-05:00,16.71087978141306,16.94422030228757,16.71087978141306,16.755752563476562,7344100,0.0,0.0
2023-01-18 00:00:00-05:00,16.890371556355,17.0429414022516,16.82754898071289,16.82754898071289,6338300,0.0,0.0
2023-01-19 00:00:00-05:00,16.85447616785598,16.98012133772128,16.827551469261824,16.881399154663086,4594600,0.0,0.0
2023-01-20 00:00:00-05:00,16.764727743940387,16.899347804179794,16.683955365439353,16.854475021362305,6126200,0.0,0.0
2023-01-23 00:00:00-05:00,16.9711432600361,17.150637793476115,16.890370891166768,17.09678840637207,4319100,0.0,0.0
2023-01-24 00:00:00-05:00,17.024994139556995,17.0519188381764,16.90832386911367,16.96217155456543,7045800,0.0,0.0
2023-01-25 00:00:00-05:00,16.809600745380823,16.818575644418434,16.63908279902708,16.710880279541016,8245400,0.0,0.0
2023-01-26 00:00:00-05:00,16.77370054621861,17.01601593964636,16.683953280014727,16.99806785583496,6245500,0.0,0.0
2023-01-27 00:00:00-05:00,16.710876796580436,16.83652193334552,16.603179742362787,16.746774673461914,5411100,0.0,0.0
2023-01-30 00:00:00-05:00,16.800627516811392,16.944222492116754,16.73780492908869,16.773704528808594,8848300,0.0,0.0
2023-01-31 00:00:00-05:00,16.71087634798974,16.872419357299805,16.63907888436752,16.872419357299805,7983100,0.0,0.0
2023-02-01 00:00:00-05:00,16.94421742342474,17.177559616440767,16.84549697730049,17.06986427307129,7845700,0.0,0.0
2023-02-02 00:00:00-05:00,17.41090421698791,17.536551084008558,17.30320885872662,17.509626388549805,10416900,0.0,0.0
2023-02-03 00:00:00-05:00,17.321155481130855,17.49167511439542,17.23140992742113,17.303207397460938,5482200,0.0,0.0
2023-02-06 00:00:00-05:00,16.971143693564503,17.04294116641723,16.827548747859048,16.890371322631836,7774000,0.0,0.0
2023-02-07 00:00:00-05:00,16.764725679337765,17.114738135213027,16.764725679337765,17.078840255737305,6590600,0.0,0.0
2023-02-08 00:00:00-05:00,17.276285150812942,17.357057530019443,17.16858807460863,17.195512771606445,5737300,0.0,0.0
2023-02-09 00:00:00-05:00,17.518602330209365,17.581424911567133,17.321157975328433,17.357057571411133,4725100,0.0,0.0
2023-02-10 00:00:00-05:00,17.312184746810033,17.392955414229576,17.078842508189812,17.195512771606445,11739400,0.0,0.0
2023-02-13 00:00:00-05:00,16.953192320669967,17.09678725302035,16.926269340720907,17.06986427307129,5610000,0.0,0.0
2023-02-14 00:00:00-05:00,17.105763268647593,17.267308006050293,17.007042816068957,17.15961265563965,6225500,0.0,0.0
2023-02-15 00:00:00-05:00,17.159614649476076,17.294234709024728,17.12371505397674,17.25833511352539,8592700,0.0,0.0
2023-02-16 00:00:00-05:00,17.15063775780764,17.312182495210337,17.114738166479604,17.15961265563965,6542000,0.0,0.0
2023-02-17 00:00:00-05:00,17.060889968560286,17.15961212990099,17.00704229500476,17.12371253967285,5695200,0.0,0.0
2023-02-21 00:00:00-05:00,16.881399091236602,17.060893657615825,16.854476104530654,16.86345100402832,11326500,0.0,0.0
2023-02-22 00:00:00-05:00,16.78267776005495,16.83652544249366,16.68395558242818,16.710880279541016,7887000,0.0,0.0
2023-02-23 00:00:00-05:00,16.719852407494333,16.8544741727425,16.63908174484703,16.782676696777344,7433600,0.0,0.0
2023-02-24 00:00:00-05:00,16.576258182351822,16.603182878939343,16.387790441599968,16.450613021850586,11821700,0.0,0.0
2023-02-27 00:00:00-05:00,16.32496699251784,16.405739366194684,16.25316951722585,16.29804229736328,6270100,0.0,0.0
2023-02-28 00:00:00-05:00,16.15444505246644,16.199317826230875,16.09162248448159,16.100597381591797,7969800,0.0,0.0
2023-03-01 00:00:00-05:00,16.235220192258176,16.253169989549512,16.0557256429186,16.17239761352539,4293700,0.0,0.0
2023-03-02 00:00:00-05:00,16.010852627936025,16.235219955444336,15.965979847149107,16.235219955444336,6263000,0.0,0.0
2023-03-03 00:00:00-05:00,16.280090858080577,16.315990447998047,16.082648248894476,16.315990447998047,6765200,0.0,0.0
2023-03-06 00:00:00-05:00,16.459588160088934,16.459588160088934,16.35189108395952,16.38779067993164,7383700,0.0,0.0
2023-03-07 00:00:00-05:00,16.378813349598488,16.441635921437104,16.262143103582016,16.35188865661621,5435600,0.0,0.0
2023-03-08 00:00:00-05:00,16.36086487427042,16.36086487427042,16.217269923686437,16.29804229736328,4737800,0.0,0.0
2023-03-09 00:00:00-05:00,16.12752168396765,16.23521874633719,15.903154373168945,15.903154373168945,6733900,0.0,0.0
2023-03-10 00:00:00-05:00,15.957004388435054,16.10957423425594,15.822382627226718,15.867257118225098,6763900,0.0,0.0
2023-03-13 00:00:00-04:00,15.481343532696727,15.71468572758945,15.230051543169186,15.499293327331543,13321500,0.0,0.0
2023-03-14 00:00:00-04:00,15.445446427935638,15.678788660363098,15.436473240961462,15.553143501281738,7397600,0.0,0.0
2023-03-15 00:00:00-04:00,15.158257050415502,15.265954127567575,15.023636987815637,15.194156646728516,14925800,0.0,0.0
2023-03-16 00:00:00-04:00,15.050560686427955,15.43647276225229,15.050560686427955,15.427497863769531,7402800,0.0,0.0
2023-03-17 00:00:00-04:00,15.319801285058283,15.364675778911169,15.131333546236897,15.158256530761719,15611100,0.0,0.0
2023-03-20 00:00:00-04:00,15.167231949493756,15.292878824802337,15.113384266811204,15.194156646728516,9583200,0.0,0.0
2023-03-21 00:00:00-04:00,15.113383748695744,15.176206328302872,14.969788791940333,15.158256530761719,13141400,0.0,0.0
2023-03-22 00:00:00-04:00,15.05055910770067,15.17620424970604,14.889014375529952,14.897989273071289,8451200,0.0,0.0
2023-03-23 00:00:00-04:00,15.131333245097087,15.310826081575676,14.951838696831622,15.203130722045898,14192500,0.0,0.0
2023-03-24 00:00:00-04:00,15.032610398025076,15.086458075374415,14.942863127918313,15.077483177185059,6230000,0.0,0.0
2023-03-27 00:00:00-04:00,15.16723196933788,15.292878844810852,15.104409387494881,15.27492904663086,11983600,0.0,0.0
2023-03-28 00:00:00-04:00,15.095431819614022,15.176204185356895,14.969786678141405,15.050559043884277,9638200,0.0,0.0
2023-03-29 00:00:00-04:00,15.104408614058874,15.239028669941519,15.08645881679802,15.221078872680664,7848700,0.0,0.0
2023-03-30 00:00:00-04:00,15.355699736291712,15.382622718811033,15.274927365160178,15.382622718811035,6290700,0.0,0.0
2023-03-31 00:00:00-04:00,15.642892013371423,15.669814999995504,15.48134724647876,15.651866912841797,8384400,0.0,0.0
2023-04-03 00:00:00-04:00,15.445445508322186,15.651864743963213,15.445445508322186,15.633914947509766,8446400,0.0,0.0
2023-04-04 00:00:00-04:00,15.642890342859003,15.669813326607965,15.562117968038395,15.589042663574219,7522300,0.0,0.0
2023-04-05 00:00:00-04:00,15.606991182061334,15.651865675866754,15.47237112421889,15.553143501281738,5559700,0.0,0.0
2023-04-06 00:00:00-04:00,15.52621795626233,15.589042244155648,15.391597905778852,15.481345176696777,6830800,0.0,0.0
2023-04-10 00:00:00-04:00,15.580066878318036,15.6159647585358,15.436471933873452,15.606989860534668,9204200,0.0,0.0
2023-04-11 00:00:00-04:00,15.463394750473846,15.660839080810549,15.418521972735547,15.660839080810547,11708400,0.0,0.0
2023-04-12 00:00:00-04:00,15.894180169864184,15.974952542224235,15.265952699247658,15.31980037689209,16959200,0.0,0.0
2023-04-13 00:00:00-04:00,14.242837610406493,14.332584882273084,13.758204225292426,13.821026802062988,40415000,0.0,0.0
2023-04-14 00:00:00-04:00,13.865900051496103,13.955647320861063,13.51588758393822,13.623583793640137,26028600,0.0,0.0
2023-04-17 00:00:00-04:00,13.52486165899415,13.722305138540358,13.506912718613618,13.63255786895752,17173000,0.0,0.0
2023-04-18 00:00:00-04:00,13.614608405714167,13.632557345405376,13.408190035958397,13.426139831542969,20768400,0.0,0.0
2023-04-19 00:00:00-04:00,13.3094690920686,13.390241462622372,13.246646517590504,13.300494194030762,19107300,0.0,0.0
2023-04-20 00:00:00-04:00,13.300494586098667,13.45306443366578,13.273570747084886,13.32741928100586,16901400,0.0,0.0
2023-04-21 00:00:00-04:00,13.381268079310873,13.426141718686262,13.318445497721417,13.345369338989258,6908400,0.0,0.0
2023-04-24 00:00:00-04:00,13.300494194030762,13.336392930288728,13.2017728832947,13.300494194030762,11751900,0.0,0.0
2023-04-25 00:00:00-04:00,13.354342429488126,13.354342429488126,13.26459516289166,13.27357006072998,14700200,0.0,0.0
2023-04-26 00:00:00-04:00,13.309469484401065,13.4171656963496,13.26459584878249,13.32741928100586,11181600,0.0,0.0
2023-04-27 00:00:00-04:00,13.533835093132101,13.767177284091384,13.533835093132101,13.740253448486328,11606400,0.0,0.0
2023-04-28 00:00:00-04:00,13.695380346809813,13.955646383413178,13.695380346809813,13.946671485900879,11666900,0.0,0.0
2023-05-01 00:00:00-04:00,13.91077410034772,13.93769793960146,13.847951523457848,13.901799201965332,7691400,0.0,0.0
2023-05-02 00:00:00-04:00,13.892822956720412,13.973595322544444,13.785126754252811,13.946671485900879,10433300,0.0,0.0
2023-05-03 00:00:00-04:00,13.928723705700405,13.982571383467901,13.77615385887016,13.803077697753906,9372300,0.0,0.0
2023-05-04 00:00:00-04:00,13.803078760330225,13.865901341192922,13.722306381567629,13.731281280517578,12316300,0.0,0.0
2023-05-05 00:00:00-04:00,13.677431237596764,13.713329973552659,13.61460866364729,13.686406135559082,11268800,0.0,0.0
2023-05-08 00:00:00-04:00,13.776155453795432,13.794104396498156,13.6864081726013,13.695383071899414,12112600,0.0,0.0
2023-05-09 00:00:00-04:00,13.686406397274602,13.722305133916965,13.650507660632242,13.70435619354248,12613800,0.0,0.0
2023-05-10 00:00:00-04:00,13.704357439561203,13.7671800204239,13.623585060798607,13.731281280517578,15541600,0.0,0.0
2023-05-11 00:00:00-04:00,13.641533938668474,13.641533938668474,13.471015138888509,13.488964080810547,15960000,0.0,0.0
2023-05-12 00:00:00-04:00,13.46203889245779,13.56076020288086,13.444089096439022,13.533836364746094,10854900,0.0,0.0
2023-05-15 00:00:00-04:00,13.578710897927353,13.8030782276567,13.533837260802795,13.767179489135742,8921200,0.0,0.0
2023-05-16 00:00:00-04:00,13.686407467743434,13.713331308357677,13.551787408778752,13.560761451721191,13214600,0.0,0.0
2023-05-17 00:00:00-04:00,13.462039083822198,13.659482563368407,13.462039083822198,13.63255786895752,7723900,0.0,0.0
2023-05-18 00:00:00-04:00,13.54281103131573,13.614608502377054,13.524861235603717,13.596658706665039,9384700,0.0,0.0
2023-05-19 00:00:00-04:00,13.722304871514977,13.821026181420345,13.677431237596764,13.686406135559082,7375200,0.0,0.0
2023-05-22 00:00:00-04:00,13.901799939300318,14.117192376541247,13.883850997476973,14.045394897460938,10336400,0.0,0.0
2023-05-23 00:00:00-04:00,13.964622104708706,14.036419577255824,13.91974847039341,13.937697410583496,7113800,0.0,0.0
2023-05-24 00:00:00-04:00,14.000522190967967,14.036420930703025,13.901800014776457,13.96462345123291,6913200,0.0,0.0
2023-05-25 00:00:00-04:00,14.126167406197741,14.144117204080752,13.928724764845443,14.054369926452637,9303400,0.0,0.0
2023-05-26 00:00:00-04:00,14.188990226361462,14.305660483957649,14.171040429258397,14.242837905883789,6331800,0.0,0.0
2023-05-30 00:00:00-04:00,14.260787043267305,14.31463472029858,14.206938510342635,14.269761085510254,6573500,0.0,0.0
2023-05-31 00:00:00-04:00,14.180014408173793,14.368482986065793,14.180014408173793,14.323609352111816,9041000,0.0,0.0
2023-06-01 00:00:00-04:00,14.362723613978401,14.462780274542343,14.253570656780301,14.399107933044434,7995900,0.213,0.0
2023-06-02 00:00:00-04:00,14.289953615507418,14.435490877917061,14.280857319739187,14.371818542480469,7581500,0.0,0.0
2023-06-05 00:00:00-04:00,14.253569407405218,14.289953723282038,13.953398584553815,14.007974624633789,14055500,0.0,0.0
2023-06-06 00:00:00-04:00,13.926111281446428,14.253570141195784,13.880630667391378,14.226282119750977,12480900,0.0,0.0
2023-06-07 00:00:00-04:00,14.226282119750977,14.28085816264059,14.126224595335753,14.226282119750977,7357300,0.0,0.0
2023-06-08 00:00:00-04:00,14.162608452865667,14.235377086000877,13.998879462046714,14.04435920715332,10270800,0.0,0.0
2023-06-09 00:00:00-04:00,13.935206108336187,14.117128556698072,13.917014383982313,14.053455352783203,8376100,0.0,0.0
2023-06-12 00:00:00-04:00,14.226283018386368,14.408204618627499,14.208090424626947,14.380916595458984,9468800,0.0,0.0
2023-06-13 00:00:00-04:00,14.490067902424125,14.499163330795517,14.280857435412793,14.417299270629883,5843500,0.0,0.0
2023-06-14 00:00:00-04:00,14.371819821427723,14.45368475568593,14.089840699812854,14.15351390838623,15595900,0.0,0.0
2023-06-15 00:00:00-04:00,14.071648850902736,14.244474147012843,14.017071939385,14.208089828491211,9532800,0.0,0.0
2023-06-16 00:00:00-04:00,14.31724299827821,14.42639595547631,14.226282634348426,14.399107933044434,18245800,0.0,0.0
2023-06-20 00:00:00-04:00,14.380915687055813,14.408203708500618,14.162608913085682,14.226282119750977,7622000,0.0,0.0
2023-06-21 00:00:00-04:00,13.971591496522128,14.044360134462043,13.753285582702391,13.998880386352539,15032000,0.0,0.0
2023-06-22 00:00:00-04:00,13.835150097846611,14.10803291558427,13.807862076314013,14.071648597717285,11712900,0.0,0.0
2023-06-23 00:00:00-04:00,13.862437936772466,13.889726825416156,13.7805730057825,13.826053619384766,8482700,0.0,0.0
2023-06-26 00:00:00-04:00,13.926108910562517,14.135318485139578,13.917012615806016,14.098934173583984,8509100,0.0,0.0
2023-06-27 00:00:00-04:00,14.198993531993159,14.226282421487317,14.062552554404684,14.208089828491211,7913600,0.0,0.0
2023-06-28 00:00:00-04:00,14.262666428849261,14.34453136060458,14.144417179366082,14.326338768005371,7520300,0.0,0.0
2023-06-29 00:00:00-04:00,14.353625150708863,14.480970681952861,14.271760228299899,14.462778091430664,7992900,0.0,0.0
2023-06-30 00:00:00-04:00,14.708373790571988,14.79023871816787,14.57193282289253,14.617412567138672,12763900,0.0,0.0
2023-07-03 00:00:00-04:00,14.726566111223685,14.826621893712007,14.59921970678427,14.681084632873535,7111800,0.0,0.0
2023-07-05 00:00:00-04:00,14.690181810668804,14.890296857544087,14.671989218236305,14.790239334106445,13415500,0.0,0.0
2023-07-06 00:00:00-04:00,14.681084903059684,14.717470086409424,14.55374023121766,14.617412567138672,6464100,0.0,0.0
2023-07-07 00:00:00-04:00,14.55374148140032,14.717471350656663,14.55374148140032,14.599221229553223,5208600,0.0,0.0
2023-07-10 00:00:00-04:00,14.590124579309443,14.617411730318574,14.53554680740931,14.562835693359375,6775000,0.0,0.0
2023-07-11 00:00:00-04:00,14.79023963565009,14.808432228453501,14.690182110172474,14.77204704284668,7631500,0.0,0.0
2023-07-12 00:00:00-04:00,14.79023871816787,14.817527605680176,14.581029118729965,14.617412567138672,7102600,0.0,0.0
2023-07-13 00:00:00-04:00,15.0813143879634,15.326909189360588,15.0813143879634,15.272333145141602,13295300,0.0,0.0
2023-07-14 00:00:00-04:00,15.608885042852812,15.645270223367213,15.454251495548407,15.499732971191406,11539700,0.0,0.0
2023-07-17 00:00:00-04:00,15.508831799674814,15.745330333284164,15.490640939352076,15.727139472961426,12658400,0.0,0.0
2023-07-18 00:00:00-04:00,16.191034852368606,16.500301962273845,16.15465140499557,16.263803482055664,25345300,0.0,0.0
2023-07-19 00:00:00-04:00,16.200130221992634,16.327476617871955,16.04549667587844,16.109169006347656,21117700,0.0,0.0
2023-07-20 00:00:00-04:00,14.553739550004464,14.753852844238283,13.944301636950389,14.753852844238281,39518000,0.0,0.0
2023-07-21 00:00:00-04:00,14.726566226009142,14.981255566991129,14.635605003540855,14.826622009277344,15268200,0.0,0.0
2023-07-24 00:00:00-04:00,14.826621472590666,14.863006654237335,14.708373102120898,14.753852844238281,10331400,0.0,0.0
2023-07-25 00:00:00-04:00,14.76295114813496,14.953969907885979,14.76295114813496,14.899392127990723,7717900,0.0,0.0
2023-07-26 00:00:00-04:00,14.917583627703499,15.1631784144044,14.917583627703499,15.117698669433594,10006100,0.0,0.0
2023-07-27 00:00:00-04:00,15.135889203503131,15.26323560959811,15.108602051079297,15.126792907714844,11839800,0.0,0.0
2023-07-28 00:00:00-04:00,14.881199897458686,14.990351977302058,14.72656633856305,14.972159385681152,9072200,0.0,0.0
2023-07-31 00:00:00-04:00,15.117698848858558,15.235947228150726,15.099506256677891,15.154082298278809,6604000,0.0,0.0
2023-08-01 00:00:00-04:00,15.20865779855701,15.317811612814808,15.144985463132052,15.281426429748535,7462200,0.0,0.0
2023-08-02 00:00:00-04:00,15.04492980481934,15.099505844932034,14.944872285495208,15.026737213134766,11896400,0.0,0.0
2023-08-03 00:00:00-04:00,15.026737363438155,15.063120812230194,14.953968730913026,15.017641067504883,10134400,0.0,0.0
2023-08-04 00:00:00-04:00,15.172275871334213,15.354196600078653,15.135890684620609,15.199563026428223,7013000,0.0,0.0
2023-08-07 00:00:00-04:00,15.354194577080303,15.363290872560219,15.199561023803682,15.263235092163086,5533700,0.0,0.0
2023-08-08 00:00:00-04:00,15.190465662795694,15.254137992858887,15.081311857729593,15.254137992858887,6330600,0.0,0.0
2023-08-09 00:00:00-04:00,15.29052425827104,15.326909444984643,15.126794387942208,15.199563026428223,7998100,0.0,0.0
2023-08-10 00:00:00-04:00,15.26323642497947,15.463349738188995,15.26323642497947,15.345101356506348,9033300,0.0,0.0
2023-08-11 00:00:00-04:00,15.108601303438071,15.190466226540579,15.063119826747268,15.172273635864258,6831100,0.0,0.0
2023-08-14 00:00:00-04:00,15.28142553213426,15.41786822567727,15.22684949568161,15.336003303527832,5407200,0.0,0.0
2023-08-15 00:00:00-04:00,15.254139353657456,15.627078807246274,15.254139353657456,15.581597328186035,13343900,0.0,0.0
2023-08-16 00:00:00-04:00,15.654365959741389,15.745327182920839,15.527021288254776,15.581597328186035,8748900,0.0,0.0
2023-08-17 00:00:00-04:00,15.617982396805905,15.617982396805905,15.417869095232673,15.436059951782227,6166600,0.0,0.0
2023-08-18 00:00:00-04:00,15.199562875470047,15.245044358410341,15.09950708288375,15.208659172058105,5445600,0.0,0.0
2023-08-21 00:00:00-04:00,15.381484483036106,15.41786966736745,15.226850919510056,15.354195594787598,6993300,0.0,0.0
2023-08-22 00:00:00-04:00,15.426964308326612,15.55431071920411,15.408773451007903,15.454253196716309,4037600,0.0,0.0
2023-08-23 00:00:00-04:00,15.536117220501895,15.72713595820276,15.536117220501895,15.708943367004395,6097000,0.0,0.0
2023-08-24 00:00:00-04:00,15.73623088710879,15.772616070356982,15.545213879878872,15.581597328186035,4708800,0.0,0.0
2023-08-25 00:00:00-04:00,15.6270787402742,15.745327115441993,15.517924925938448,15.690751075744629,4662000,0.0,0.0
2023-08-28 00:00:00-04:00,15.699847903157144,15.827192578410239,15.690751607076054,15.763520240783691,5356600,0.0,0.0
2023-08-29 00:00:00-04:00,15.718039927128602,15.854480893530589,15.699847335624066,15.84538459777832,7928100,0.0,0.0
2023-08-30 00:00:00-04:00,15.890864903641605,16.000018721588457,15.872674046434694,15.96363353729248,4613400,0.0,0.0
2023-08-31 00:00:00-04:00,15.918154158782977,15.98182649782753,15.790809480693872,15.799905776977539,6511500,0.0,0.0
2023-09-01 00:00:00-04:00,15.93634605407715,15.990922094450134,15.872673717818493,15.936346054077148,5315100,0.0,0.0
2023-09-05 00:00:00-04:00,16.20922753067164,16.327477638886975,16.154651491848178,16.163747787475586,5746400,0.0,0.0
2023-09-06 00:00:00-04:00,16.090978533589343,16.145554570297026,15.963632134683508,15.990921020507812,5049300,0.0,0.0
2023-09-07 00:00:00-04:00,15.963633206793121,16.009114686221476,15.899960870534464,15.936346054077148,5920700,0.0,0.0
2023-09-08 00:00:00-04:00,16.027307120744346,16.154651792012245,15.990921937558646,16.14555549621582,5796800,0.0,0.0
2023-09-11 00:00:00-04:00,16.227420887134723,16.327478408813477,16.13645966151232,16.327478408813477,5196600,0.0,0.0
2023-09-12 00:00:00-04:00,16.40934324632398,16.536687920516307,16.38205435830803,16.427534103393555,6680000,0.0,0.0
2023-09-13 00:00:00-04:00,16.40934241178507,16.418436972386797,16.309284895756313,16.372957229614258,4102400,0.0,0.0
2023-09-14 00:00:00-04:00,16.47301483154297,16.536687165732936,16.40024620176286,16.47301483154297,2914100,0.0,0.0
2023-09-15 00:00:00-04:00,16.44572631773374,16.49120606177484,16.10007575217472,16.14555549621582,16969900,0.0,0.0
2023-09-18 00:00:00-04:00,16.145557252408484,16.26380564074213,16.109172065265078,16.154653549194336,3944300,0.0,0.0
2023-09-19 00:00:00-04:00,16.136460503429255,16.209229140735655,16.090980755715695,16.181941986083984,3171400,0.0,0.0
2023-09-20 00:00:00-04:00,16.33657387601906,16.47301658949085,16.263805238473317,16.27290153503418,4888100,0.0,0.0
2023-09-21 00:00:00-04:00,16.291092910682135,16.345668951027548,16.136459350585938,16.136459350585938,5630200,0.0,0.0
2023-09-22 00:00:00-04:00,16.272901633345747,16.327479413040656,16.136460653990827,16.1728458404541,5319300,0.0,0.0
2023-09-25 00:00:00-04:00,15.972727982298306,16.081881787595403,15.836287026882594,16.01820945739746,4992900,0.0,0.0
2023-09-26 00:00:00-04:00,15.854480626709346,15.918152960962638,15.690750775806029,15.708943367004395,5946500,0.0,0.0
2023-09-27 00:00:00-04:00,15.845387155619761,15.927252095664203,15.76352221557532,15.863579750061035,10292100,0.0,0.0
2023-09-28 00:00:00-04:00,15.499734172822736,15.599789957112458,15.208657910964268,15.426963806152344,18047500,0.0,0.0
2023-09-29 00:00:00-04:00,15.581597801510556,15.727136803983353,15.508829167744699,15.563406944274902,9559900,0.0,0.0
2023-10-02 00:00:00-04:00,15.490637095593037,15.636174351710402,15.490637095593037,15.62707805633545,4529900,0.0,0.0
2023-10-03 00:00:00-04:00,15.545215230500617,15.681656209653738,15.445157702815777,15.463350296020508,6775000,0.0,0.0
2023-10-04 00:00:00-04:00,15.636177524368986,15.872676047281674,15.608888632707073,15.863579750061035,7318800,0.0,0.0
2023-10-05 00:00:00-04:00,15.936344537159858,16.05459290253591,15.881766767040872,16.01820945739746,5069500,0.0,0.0
2023-10-06 00:00:00-04:00,16.000019525347405,16.24561432685944,15.95453977763384,16.181941986083984,5476600,0.0,0.0
2023-10-09 00:00:00-04:00,15.990921937558646,16.19103524025692,15.945442193517547,16.14555549621582,8642700,0.0,0.0
2023-10-10 00:00:00-04:00,16.23651695251465,16.372957921539264,16.172844615965897,16.23651695251465,11060900,0.0,0.0
2023-10-11 00:00:00-04:00,16.245611628070606,16.309283958268548,15.963631687278475,16.01820945739746,15897100,0.0,0.0
2023-10-12 00:00:00-04:00,14.917583345759466,15.363291430825468,14.744757195242926,14.972159385681152,26816400,0.0,0.0
2023-10-13 00:00:00-04:00,15.317813746136766,15.63617720254126,15.25414140184412,15.372389793395996,13208800,0.0,0.0
2023-10-16 00:00:00-04:00,15.436058710369455,15.736229506059203,15.436058710369455,15.654364585876465,7474100,0.0,0.0
2023-10-17 00:00:00-04:00,15.545214982650503,15.827193233063301,15.545214982650503,15.781713485717773,7210500,0.0,0.0
2023-10-18 00:00:00-04:00,15.627078656713618,15.718039879016855,15.55431002585923,15.590693473815918,6115500,0.0,0.0
2023-10-19 00:00:00-04:00,15.545212745666504,15.69984629330686,15.52702015536978,15.545212745666504,4830900,0.0,0.0
2023-10-20 00:00:00-04:00,15.463348839018083,15.62707869255119,15.399676503742102,15.436059951782227,5910200,0.0,0.0
2023-10-23 00:00:00-04:00,15.245042501203256,15.472444683378232,15.199561023803682,15.263235092163086,8505800,0.0,0.0
2023-10-24 00:00:00-04:00,15.360910346148628,15.499130543008535,15.342480517883264,15.462272644042969,5602500,0.216,0.0
2023-10-25 00:00:00-04:00,15.167402715611757,15.231907123263595,15.084471992333048,15.093685150146484,4727100,0.0,0.0
2023-10-26 00:00:00-04:00,15.102899482925373,15.176617045546964,14.992324017775653,15.038396835327148,6991300,0.0,0.0
2023-10-27 00:00:00-04:00,15.213475152303836,15.305622535563662,15.112112854961513,15.148972511291504,5591700,0.0,0.0
2023-10-30 00:00:00-04:00,15.20426082611084,15.259548555178437,15.102898524849232,15.20426082611084,5559700,0.0,0.0
2023-10-31 00:00:00-04:00,15.121327841000605,15.213475224698925,15.038395371428633,15.130542755126953,4663500,0.0,0.0
2023-11-01 00:00:00-04:00,15.019967510542932,15.121329821644384,14.992324522108273,15.112114906311035,5943300,0.0,0.0
2023-11-02 00:00:00-04:00,15.314837530461256,15.425412984904424,15.250333131543389,15.379340171813965,9262500,0.0,0.0
2023-11-03 00:00:00-04:00,15.48070026816659,15.52677483750087,15.360909903027675,15.370124816894531,8674200,0.0,0.0
2023-11-06 00:00:00-05:00,15.480700278115867,15.545204675225317,15.406982724698748,15.535989761352539,3979000,0.0,0.0
2023-11-07 00:00:00-05:00,15.480702110034631,15.52677668485079,15.397769632930867,15.471488952636719,2875500,0.0,0.0
2023-11-08 00:00:00-05:00,15.370127238316629,15.416200057344149,15.314839503970525,15.360912322998047,3314000,0.0,0.0
2023-11-09 00:00:00-05:00,15.241121301320389,15.277979203487247,15.056826517790165,15.07525634765625,7329500,0.0,0.0
2023-11-10 00:00:00-05:00,15.11211314800852,15.370125474626258,15.093683319486143,15.324050903320312,5099500,0.0,0.0
2023-11-13 00:00:00-05:00,15.158189103787418,15.305624230302056,15.13054435847892,15.250334739685059,4579800,0.0,0.0
2023-11-14 00:00:00-05:00,15.43462993773048,15.655782633393098,15.416200107033912,15.591279983520508,6902000,0.0,0.0
2023-11-15 00:00:00-05:00,15.637353264486174,15.99672794342041,15.637353264486174,15.99672794342041,10004100,0.0,0.0
2023-11-16 00:00:00-05:00,16.079657546497785,16.134945272752518,15.913792610168457,15.913792610168457,5859600,0.0,0.0
2023-11-17 00:00:00-05:00,15.950652041142401,16.144161737975534,15.913794139286038,16.134946823120117,4249400,0.0,0.0
2023-11-20 00:00:00-05:00,16.04279979593248,16.19944983689629,16.005941893240294,16.1625919342041,5052400,0.0,0.0
2023-11-21 00:00:00-05:00,16.09808900456631,16.171806574274175,16.042801266676786,16.070446014404297,4702200,0.0,0.0
2023-11-22 00:00:00-05:00,16.254735357131153,16.29159501237136,16.12573007892062,16.199447631835938,5435700,0.0,0.0
2023-11-24 00:00:00-05:00,16.024369748839412,16.098087310791016,15.932224114573891,16.098087310791016,2743400,0.0,0.0
2023-11-27 00:00:00-05:00,15.978296646665529,16.052014207302065,15.91379400080422,16.00594139099121,3757400,0.0,0.0
2023-11-28 00:00:00-05:00,16.005942679576158,16.282383114827145,15.97829793302489,16.24552345275879,6783900,0.0,0.0
2023-11-29 00:00:00-05:00,16.346882593782187,16.35609750751113,16.217877316707153,16.23630714416504,6039100,0.0,0.0
2023-11-30 00:00:00-05:00,16.227093916218095,16.300811476142844,16.098086868175837,16.171804428100586,5541400,0.0,0.0
2023-12-01 00:00:00-05:00,16.09808686348171,16.356099201925723,16.061228962312715,16.337669372558594,4766000,0.0,0.0
2023-12-04 00:00:00-05:00,16.43903005169085,16.475887949216837,16.254735291365648,16.300809860229492,5588600,0.0,0.0
2023-12-05 00:00:00-05:00,16.20866312847028,16.319238583036736,16.02436836077264,16.088871002197266,5016100,0.0,0.0
2023-12-06 00:00:00-05:00,16.40217039659977,16.45745987923639,16.273165118911184,16.300809860229492,6891300,0.0,0.0
2023-12-07 00:00:00-05:00,16.282382599680542,16.319240503017355,16.199450120216003,16.254737854003906,3340000,0.0,0.0
2023-12-08 00:00:00-05:00,16.485105514526367,16.521965175546114,16.346885300833065,16.485105514526367,4581100,0.0,0.0
2023-12-11 00:00:00-05:00,16.411386792340924,16.485104351614773,15.959866522092943,16.04279899597168,8516800,0.0,0.0
2023-12-12 00:00:00-05:00,16.125731612234592,16.181019342786836,15.978296492385098,16.171804428100586,5521000,0.0,0.0
2023-12-13 00:00:00-05:00,16.024369748839412,16.098087310791016,15.932224114573891,16.098087310791016,9025600,0.0,0.0
2023-12-14 00:00:00-05:00,16.586465342583992,17.019555749361356,16.54960568708033,16.927410125732422,14029200,0.0,0.0
2023-12-15 00:00:00-05:00,17.443434204452885,17.48950701944909,17.16699204177995,17.2038516998291,8262300,0.0,0.0
2023-12-18 00:00:00-05:00,17.222280286173266,17.369715392601165,17.093273249875025,17.323640823364258,4898200,0.0,0.0
2023-12-19 00:00:00-05:00,17.213067927016546,17.461865365126002,17.213067927016546,17.314430236816406,5257800,0.0,0.0
2023-12-20 00:00:00-05:00,17.07484442221715,17.21306460866551,16.973482131958008,16.973482131958008,6181000,0.0,0.0
2023-12-21 00:00:00-05:00,17.047200196598848,17.10248792133446,16.752329987922145,16.96426773071289,7763900,0.0,0.0
2023-12-22 00:00:00-05:00,17.231495491928012,17.406573585298833,17.176206007907098,17.28678321838379,7018100,0.0,0.0
2023-12-26 00:00:00-05:00,17.17620725648831,17.203852000508334,16.92741159056916,17.001129150390625,3866200,0.0,0.0
2023-12-27 00:00:00-05:00,17.176204972643283,17.213064626435578,17.001126889824963,17.139347076416016,4338000,0.0,0.0
2023-12-28 00:00:00-05:00,17.14856213170839,17.21306476881341,17.07484458107907,17.102487564086914,3308700,0.0,0.0
2023-12-29 00:00:00-05:00,17.047199824249958,17.07484456479648,16.881334896100903,16.936622619628906,2864800,0.0,0.0
2024-01-02 00:00:00-05:00,16.80761998449623,16.844479644345576,16.604897128020795,16.660184860229492,8963600,0.0,0.0
2024-01-03 00:00:00-05:00,16.181016403775686,16.641751509011844,16.17180149076317,16.623323440551758,12408800,0.0,0.0
2024-01-04 00:00:00-05:00,16.770760678554584,16.83526332032696,16.595680824054444,16.650968551635742,6707600,0.0,0.0
2024-01-05 00:00:00-05:00,16.8168338635095,16.88133650670705,16.65096891953569,16.678613662719727,10479200,0.0,0.0
2024-01-08 00:00:00-05:00,16.678614816119776,16.97348506688027,16.669399901087843,16.955055236816406,7538600,0.0,0.0
2024-01-09 00:00:00-05:00,16.90898279826199,16.973485447366105,16.779975742488393,16.816835403442383,6106100,0.0,0.0
2024-01-10 00:00:00-05:00,16.844478606693542,16.87212159231237,16.56803644754878,16.678613662719727,13572600,0.0,0.0
2024-01-11 00:00:00-05:00,17.17620659064336,17.636941761058175,17.166991676327243,17.342071533203125,17927300,0.0,0.0
2024-01-12 00:00:00-05:00,17.8857435409376,18.484699057173206,17.8857435409376,18.060823440551758,21182400,0.0,0.0
2024-01-16 00:00:00-05:00,17.867307232032648,18.03317215496567,17.70144230909963,17.941024780273438,13410000,0.0,0.0
2024-01-17 00:00:00-05:00,18.02395938210997,18.162179581779665,17.941026910795117,18.005531311035156,11273100,0.0,0.0
2024-01-18 00:00:00-05:00,18.26354356871554,18.39254886598129,18.106893525936268,18.27275848388672,9891800,0.0,0.0
2024-01-19 00:00:00-05:00,18.24511096465219,18.457050466238325,18.180608325825357,18.420190811157227,7921000,0.0,0.0
2024-01-22 00:00:00-05:00,18.364905729229545,18.429408377339776,18.28197325092629,18.30961799621582,5823300,0.0,0.0
2024-01-23 00:00:00-05:00,18.15296839857516,18.38333600892477,18.07003591824407,18.23590087890625,8984900,0.0,0.0
2024-01-24 00:00:00-05:00,18.521553105065156,18.59527065766226,18.392546069846404,18.420190811157227,10476100,0.0,0.0
2024-01-25 00:00:00-05:00,18.429406169935742,18.57684127869002,18.300400889167037,18.512338638305664,7290500,0.0,0.0
2024-01-26 00:00:00-05:00,18.576843842516148,18.770353547940992,18.539985939023317,18.632131576538086,5696300,0.0,0.0
2024-01-29 00:00:00-05:00,18.567627833520376,18.586057662963867,18.493910273311688,18.586057662963867,5283800,0.0,0.0
2024-01-30 00:00:00-05:00,18.45705267494408,18.493910576870775,18.300402637233706,18.38333511352539,6409700,0.0,0.0
2024-01-31 00:00:00-05:00,18.46626663159868,18.56762717481144,18.291186773227235,18.30040168762207,6594300,0.0,0.0
2024-02-01 00:00:00-05:00,18.30040132668287,18.632129450528193,18.272756584043602,18.6044864654541,8251300,0.0,0.0
2024-02-02 00:00:00-05:00,18.73349087250965,18.880925977888207,18.61370050847648,18.751920700073242,6117900,0.0,0.0
2024-02-05 00:00:00-05:00,18.724278523936118,18.75192326906881,18.613703058536014,18.705848693847656,3604800,0.0,0.0
2024-02-06 00:00:00-05:00,19.02836256963063,19.111295042579815,18.890142367237065,18.991504669189453,7549400,0.0,0.0
2024-02-07 00:00:00-05:00,18.71506061212366,18.87171062766118,18.549195683017462,18.825637817382812,5739100,0.0,0.0
2024-02-08 00:00:00-05:00,18.82563913387271,18.899356690012247,18.586056637027923,18.6044864654541,6885700,0.0,0.0
2024-02-09 00:00:00-05:00,18.567627762767305,18.65977515206835,18.475480373466258,18.521554946899414,5895300,0.0,0.0
2024-02-12 00:00:00-05:00,18.512341639360816,18.650561856529333,18.512341639360816,18.558414459228516,4253200,0.0,0.0
2024-02-13 00:00:00-05:00,18.355689416425868,18.438621888414172,18.254327115647897,18.30040168762207,6914100,0.0,0.0
2024-02-14 00:00:00-05:00,18.484694848166715,18.613701893143567,18.420192204460903,18.595272064208984,7591100,0.0,0.0
2024-02-15 00:00:00-05:00,18.67820519349307,18.733492924675268,18.604487632728382,18.715063095092773,5247500,0.0,0.0
2024-02-16 00:00:00-05:00,18.75191997637935,18.963857712486067,18.668987513108895,18.86249542236328,5516600,0.0,0.0
2024-02-20 00:00:00-05:00,18.68742034449475,18.79799580825682,18.42019308486667,18.447837829589844,7587200,0.0,0.0
2024-02-21 00:00:00-05:00,18.23589948492993,18.374119689060883,18.13453718170345,18.2266845703125,6191500,0.0,0.0
2024-02-22 00:00:00-05:00,18.613702547519626,18.761137669049006,18.558413058772146,18.715063095092773,6590200,0.0,0.0
2024-02-23 00:00:00-05:00,18.62291689416025,18.66899147105919,18.521556340113374,18.530771255493164,4228200,0.0,0.0
2024-02-26 00:00:00-05:00,18.364903086100668,18.457050466238325,18.272755705963014,18.420190811157227,5145700,0.0,0.0
2024-02-27 00:00:00-05:00,18.410975385374332,18.484692935921338,18.364902575369342,18.429405212402344,2751500,0.0,0.0
2024-02-28 00:00:00-05:00,18.38333511352539,18.39254827083309,18.254328062868712,18.38333511352539,4344500,0.0,0.0
2024-02-29 00:00:00-05:00,18.457052009206222,18.51233973888471,18.364904621365252,18.392547607421875,6256900,0.0,0.0
2024-03-01 00:00:00-05:00,18.355690962861942,18.355690962861942,18.208255835253844,18.27275848388672,6151800,0.0,0.0
2024-03-04 00:00:00-05:00,18.097676356213007,18.254326379477313,17.968671075018335,18.2451114654541,6821800,0.0,0.0
2024-03-05 00:00:00-05:00,17.867309278192433,17.95945666343736,17.710659250545614,17.775163650512695,7522600,0.0,0.0
2024-03-06 00:00:00-05:00,17.987101108806506,18.07924849252748,17.784376513107325,17.812021255493164,9226500,0.0,0.0
2024-03-07 00:00:00-05:00,17.96867187149565,17.98710170035899,17.82123675571937,17.8673095703125,11084100,0.0,0.0
2024-03-08 00:00:00-05:00,17.876527663981772,17.92260224433422,17.738307438055486,17.747522354125977,8183300,0.0,0.0
2024-03-11 00:00:00-04:00,17.701447925647322,17.78438041342774,17.66459001861466,17.710662841796875,8544100,0.0,0.0
2024-03-12 00:00:00-04:00,17.904169596017546,18.033174885581893,17.83045203661431,17.894954681396484,11415900,0.0,0.0
2024-03-13 00:00:00-04:00,17.83045167015104,17.92259905690252,17.775163941126234,17.8673095703125,7171000,0.0,0.0
2024-03-14 00:00:00-04:00,18.24511131344506,18.34647360929074,18.03317356537239,18.116106033325195,8476900,0.0,0.0
2024-03-15 00:00:00-04:00,18.07924998613826,18.11610788813256,17.71066042080346,17.71987533569336,13296100,0.0,0.0
2024-03-18 00:00:00-04:00,17.68301875938413,17.719876664141644,17.572441529980722,17.664588928222656,6324200,0.0,0.0
2024-03-19 00:00:00-04:00,17.222281527234827,17.36971664428711,17.1669920401663,17.36971664428711,9561000,0.0,0.0
2024-03-20 00:00:00-04:00,17.203851263055448,17.44343376159668,17.176206520220433,17.44343376159668,9677300,0.0,0.0
2024-03-21 00:00:00-04:00,16.908982948029532,17.037988247380394,16.70625832611773,16.77997589111328,22905000,0.0,0.0
2024-03-22 00:00:00-04:00,16.68782767568409,16.697042589581006,16.300810079839213,16.328453063964844,15028500,0.0,0.0
2024-03-25 00:00:00-04:00,16.392960343466797,16.392960343466797,16.208665548255855,16.24552345275879,12454500,0.0,0.0
2024-03-26 00:00:00-04:00,16.319238518628712,16.42060081621888,16.25473587745866,16.356098175048828,10500900,0.0,0.0
2024-03-27 00:00:00-04:00,16.42981749754603,16.439032412642234,16.291597286233674,16.392959594726562,6074600,0.0,0.0
2024-03-28 00:00:00-04:00,16.392957837122246,16.57725084659092,16.392957837122246,16.521963119506836,7019600,0.0,0.0
2024-04-01 00:00:00-04:00,16.485102929687162,16.512747671117317,16.12573007892062,16.199447631835938,14601600,0.0,0.0
2024-04-02 00:00:00-04:00,16.06122743981535,16.227092373266093,16.024367784575144,16.199447631835938,12687000,0.0,0.0
2024-04-03 00:00:00-04:00,16.171803042847507,16.420600445368883,16.144160058721877,16.328453063964844,8871400,0.0,0.0
2024-04-04 00:00:00-04:00,16.346883260943798,16.60489558318915,16.26395079156369,16.356098175048828,12716500,0.0,0.0
2024-04-05 00:00:00-04:00,16.310028714200723,16.448248939053506,16.263954134206116,16.429819107055664,5967200,0.0,0.0
2024-04-08 00:00:00-04:00,16.346885086745328,16.549607947002844,16.337670171611077,16.457462310791016,8716600,0.0,0.0
2024-04-09 00:00:00-04:00,16.614108183904847,16.83526081893625,16.595678358261004,16.76154327392578,13467900,0.0,0.0
2024-04-10 00:00:00-04:00,16.58646583557129,16.660183391204555,16.457460552604363,16.58646583557129,11553000,0.0,0.0
2024-04-11 00:00:00-04:00,16.715470524503125,16.715470524503125,16.44824505391614,16.531177520751953,13389200,0.0,0.0
2024-04-12 00:00:00-04:00,16.383742547346337,16.457460100956546,16.153374972618792,16.328453063964844,17657700,0.0,0.0
2024-04-15 00:00:00-04:00,16.300810209081842,16.31923827945667,15.90457769619848,15.913792610168457,11374300,0.0,0.0
2024-04-16 00:00:00-04:00,15.646565512600656,15.840075192507877,15.646565512600656,15.711068153381348,13033300,0.0,0.0
2024-04-17 00:00:00-04:00,15.794001288888763,15.830860946642145,15.545205629314315,15.61892318725586,17034100,0.0,0.0
2024-04-18 00:00:00-04:00,14.98310858608596,15.572849066722515,14.780385735258461,15.213476181030273,31702900,0.0,0.0
2024-04-19 00:00:00-04:00,15.443843984866705,15.618923851510774,15.370126423790039,15.489916801452637,16182300,0.0,0.0
2024-04-22 00:00:00-04:00,15.71106823417939,16.024368283209814,15.628135764873386,15.941435813903809,19944700,0.0,0.0
2024-04-23 00:00:00-04:00,15.94143566277674,16.005940060842796,15.784785639746593,15.812430381774902,8832400,0.0,0.0
2024-04-24 00:00:00-04:00,15.812430157223234,15.876932796808154,15.600492410711324,15.701854705810547,10685000,0.0,0.0
2024-04-25 00:00:00-04:00,15.683425462622923,15.757143018834098,15.508345607534439,15.674210548400879,10657300,0.0,0.0
2024-04-26 00:00:00-04:00,15.766358821482287,15.784786893399609,15.554419297562944,15.609708786010742,8845000,0.0,0.0
2024-04-29 00:00:00-04:00,15.61892296502251,15.747928250193358,15.600493136408046,15.637351036071777,7426500,0.0,0.0
2024-04-30 00:00:00-04:00,15.600494545923523,15.618924376203132,15.397769927978516,15.397769927978516,11349100,0.0,0.0
2024-05-01 00:00:00-04:00,15.40698271977437,15.563632740431316,15.370124821860145,15.453057289123535,6966200,0.0,0.0
2024-05-02 00:00:00-04:00,15.526776240547202,15.582063971179196,15.324051632287773,15.545206069946289,8716700,0.0,0.0
2024-05-03 00:00:00-04:00,15.591279469721012,15.655782117467965,15.535991737018675,15.600494384765625,4035300,0.0,0.0
2024-05-06 00:00:00-04:00,15.664995778993472,15.701855436222395,15.61892296502251,15.637351036071777,4209700,0.0,0.0
2024-05-07 00:00:00-04:00,15.720283581475341,15.8400757104696,15.655780938585448,15.784786224365234,8843200,0.0,0.0
2024-05-08 00:00:00-04:00,15.655780283623372,15.794000477971423,15.572847815501516,15.74792766571045,4739100,0.0,0.0
2024-05-09 00:00:00-04:00,15.701855436222395,15.720283507271665,15.563633479179122,15.637351036071777,12308400,0.0,0.0
2024-05-10 00:00:00-04:00,15.609708715277828,15.628136787111647,15.471488509915206,15.545206069946289,10340700,0.0,0.0
2024-05-13 00:00:00-04:00,15.609709814217075,15.701857210134515,15.563635237475658,15.591279983520508,5923300,0.0,0.0
2024-05-14 00:00:00-04:00,15.664996001882367,15.674210916320712,15.53599071487597,15.61892318725586,9395500,0.0,0.0
2024-05-15 00:00:00-04:00,15.683425168798276,15.784785708211446,15.535990059138081,15.711068153381348,4019700,0.0,0.0
2024-05-16 00:00:00-04:00,15.85850180580222,15.932221111423386,15.803214084151326,15.886146545410156,10753400,0.0,0.0
2024-05-17 00:00:00-04:00,15.80321605306669,15.821645881768145,15.68342568163763,15.784786224365234,7986000,0.0,0.0
2024-05-20 00:00:00-04:00,15.812430967417416,15.867718695956583,15.76635815322898,15.784786224365234,6096100,0.0,0.0
2024-05-21 00:00:00-04:00,15.720283361945922,15.766357933056144,15.664995634178835,15.674210548400879,7889700,0.0,0.0
2024-05-22 00:00:00-04:00,15.90457769619848,15.950650508483236,15.84007505597377,15.913792610168457,8385600,0.0,0.0
2024-05-23 00:00:00-04:00,16.070444254326276,16.1441618159604,16.00594160759208,16.033584594726562,9249300,0.0,0.0
2024-05-24 00:00:00-04:00,16.03358584833661,16.10730341573445,15.969083196559179,15.99672794342041,9241000,0.0,0.0
2024-05-28 00:00:00-04:00,15.950652562260519,16.024370125946945,15.913794659199983,15.959867477416992,11508000,0.0,0.0
2024-05-29 00:00:00-04:00,15.775572774616666,15.8032157595903,15.664995562026627,15.69264030456543,8563800,0.0,0.0
2024-05-30 00:00:00-04:00,15.582063971179196,15.628136787111647,15.453058680516119,15.545206069946289,11351200,0.0,0.0
2024-05-31 00:00:00-04:00,15.72853412009157,15.813146822394302,15.446492974531711,15.747337341308594,14253800,0.335,0.0
2024-06-03 00:00:00-04:00,15.8601528205264,15.888355855523956,15.681525828456117,15.841349601745605,8585300,0.0,0.0
2024-06-04 00:00:00-04:00,15.690926973454873,15.794341087341309,15.568707848170558,15.794341087341309,8822800,0.0,0.0
2024-06-05 00:00:00-04:00,16.066982336379926,16.15159502502769,15.982369647732163,16.123390197753906,7513200,0.0,0.0
2024-06-06 00:00:00-04:00,16.386629642110872,16.499445363270706,16.349023206275223,16.49004554748535,7386000,0.0,0.0
2024-06-07 00:00:00-04:00,16.978917723066832,17.08233363490938,16.837897166210244,16.93191146850586,11158200,0.0,0.0
2024-06-10 00:00:00-04:00,16.649867970570188,16.800291924807517,16.59346010846469,16.77208709716797,6404300,0.0,0.0
2024-06-11 00:00:00-04:00,16.743883824459704,16.753285434545976,16.54645539216935,16.725082397460938,5756500,0.0,0.0
2024-06-12 00:00:00-04:00,16.734481987585717,16.83789790395941,16.687475730965172,16.790891647338867,6033900,0.0,0.0
2024-06-13 00:00:00-04:00,16.7814895717265,16.828495827042712,16.678073658222395,16.74388313293457,6851000,0.0,0.0
2024-06-14 00:00:00-04:00,16.62166647968574,16.743883824459704,16.56525861234189,16.725082397460938,6694600,0.0,0.0
2024-06-17 00:00:00-04:00,16.706278440556964,16.913108473812574,16.66867200187029,16.86610221862793,6348700,0.0,0.0
2024-06-18 00:00:00-04:00,16.903705817499095,16.98831850613137,16.809691519777278,16.8378963470459,10828100,0.0,0.0
2024-06-20 00:00:00-04:00,17.317370210728505,17.373778080428107,17.07293371779844,17.176349639892578,17345600,0.0,0.0
2024-06-21 00:00:00-04:00,17.119936712155447,17.14814153821336,16.82849401558437,16.97891616821289,22822100,0.0,0.0
2024-06-24 00:00:00-04:00,16.913108091312225,17.101136694145808,16.88490326293509,17.054128646850586,5758800,0.0,0.0
2024-06-25 00:00:00-04:00,17.166945901088983,17.260960201048505,17.072931601129458,17.242156982421875,8733100,0.0,0.0
2024-06-26 00:00:00-04:00,17.195150482388883,17.251558344286057,17.072931356242478,17.12933921813965,8693400,0.0,0.0
2024-06-27 00:00:00-04:00,17.50539739416142,17.58060847863282,17.43958612622196,17.51479721069336,8949300,0.0,0.0
2024-06-28 00:00:00-04:00,17.571207272909657,17.61821352934487,17.43018671043027,17.50539779663086,9520300,0.0,0.0
2024-07-01 00:00:00-04:00,17.74983394575342,17.815645220633495,17.590010150249583,17.63701820373535,8064200,0.0,0.0
2024-07-02 00:00:00-04:00,17.95666297652484,18.107085137723434,17.90025511436877,18.078880310058594,10531700,0.0,0.0
2024-07-03 00:00:00-04:00,18.13529153739297,18.26691049155734,18.125889927356404,18.21050262451172,7252400,0.0,0.0
2024-07-05 00:00:00-04:00,18.285713773114868,18.398529507585447,18.191699465606874,18.266910552978516,7709600,0.0,0.0
2024-07-08 00:00:00-04:00,18.4361338010416,18.454935225814832,18.304513068587628,18.332717895507812,10910900,0.0,0.0
2024-07-09 00:00:00-04:00,18.40793117042747,18.417332780522603,18.1352916503638,18.144691467285156,12586700,0.0,0.0
2024-07-10 00:00:00-04:00,18.285713711630468,18.342121578676092,18.0130724000914,18.21050262451172,16768700,0.0,0.0
2024-07-11 00:00:00-04:00,18.46433649737144,18.8685967099722,18.417330246537016,18.699371337890625,14459300,0.0,0.0
2024-07-12 00:00:00-04:00,18.9532093138166,19.235250403947052,18.925004487534146,19.178842544555664,10583500,0.0,0.0
2024-07-15 00:00:00-04:00,18.962613604286034,19.188246866934342,18.962613604286034,19.0942325592041,11641700,0.0,0.0
2024-07-16 00:00:00-04:00,19.282260158366594,19.423280715942383,19.244653719987088,19.423280715942383,7137500,0.0,0.0
2024-07-17 00:00:00-04:00,19.310465147270488,19.442084096342764,19.235252269887827,19.301063537597656,14389200,0.0,0.0
2024-07-18 00:00:00-04:00,20.3634180018866,21.256551093951632,20.2317990678375,20.918100357055664,42176100,0.0,0.0
2024-07-19 00:00:00-04:00,20.03436887637971,20.560848198996403,20.03436887637971,20.382221221923828,16443500,0.0,0.0
2024-07-22 00:00:00-04:00,20.382223658343747,20.485639572143555,20.17539183074413,20.485639572143555,8459600,0.0,0.0
2024-07-23 00:00:00-04:00,20.551447870481432,20.77708111143966,20.429228744228894,20.758277893066406,9992300,0.0,0.0
2024-07-24 00:00:00-04:00,20.56085043164341,20.78648368304854,20.523243993155713,20.551448822021484,7859100,0.0,0.0
2024-07-25 00:00:00-04:00,20.48564050667584,20.805286286034608,20.48564050667584,20.69247055053711,11403500,0.0,0.0
2024-07-26 00:00:00-04:00,21.1155334764047,21.566801824159935,21.09673204817756,21.42578125,15980100,0.0,0.0
2024-07-29 00:00:00-04:00,21.275355364890807,21.359968060437055,21.162539632944963,21.24715232849121,8940800,0.0,0.0
2024-07-30 00:00:00-04:00,21.20014399152116,21.32236312484002,21.153137736043877,21.256553649902344,6682900,0.0,0.0
2024-07-31 00:00:00-04:00,21.218946345509924,21.29415742711011,20.44803231081458,20.80528450012207,18250700,0.0,0.0
2024-08-01 00:00:00-04:00,20.955709055018396,21.096729612899775,20.84289153280908,20.96510887145996,10759600,0.0,0.0
2024-08-02 00:00:00-04:00,20.523244796085994,20.54204801606548,20.194195619139997,20.46683692932129,10940900,0.0,0.0
2024-08-05 00:00:00-04:00,19.310464544528948,19.771132645076676,19.160040587632526,19.554899215698242,14844400,0.0,0.0
2024-08-06 00:00:00-04:00,19.714723011078394,19.827540530584784,19.639511929132013,19.7335262298584,9996700,0.0,0.0
2024-08-07 00:00:00-04:00,20.0155697167844,20.14718866574235,19.69592216088049,19.714723587036133,8944600,0.0,0.0
2024-08-08 00:00:00-04:00,19.648912813511714,19.90275087815469,19.630109595425516,19.87454605102539,8243300,0.0,0.0
2024-08-09 00:00:00-04:00,19.959159627893946,20.137786621318817,19.874546935912356,20.02496910095215,7794500,0.0,0.0
2024-08-12 00:00:00-04:00,20.03437042236328,20.165991159760917,19.94035612227172,20.03437042236328,11669500,0.0,0.0
2024-08-13 00:00:00-04:00,20.100181016046204,20.372822322207497,20.100181016046204,20.297611236572266,7691800,0.0,0.0
2024-08-14 00:00:00-04:00,20.316413434203607,20.466835597906684,20.269405387312872,20.44803237915039,5350300,0.0,0.0
2024-08-15 00:00:00-04:00,20.579650812131423,20.683066719544698,20.50443973215093,20.523242950439453,6838200,0.0,0.0
2024-08-16 00:00:00-04:00,20.683068940383354,20.74887841828586,20.589054632019582,20.69247055053711,5219100,0.0,0.0
2024-08-19 00:00:00-04:00,20.767681706376145,20.97451175091248,20.73007526563838,20.927505493164062,5276900,0.0,0.0
2024-08-20 00:00:00-04:00,20.93690554810049,21.049721275585956,20.86169446538563,20.974510192871094,5588900,0.0,0.0
2024-08-21 00:00:00-04:00,21.040321356022872,21.228349974499,21.030921538955486,21.218948364257812,7843700,0.0,0.0
2024-08-22 00:00:00-04:00,21.068525540950425,21.162539847306746,20.974511234594104,21.002716064453125,4273000,0.0,0.0
2024-08-23 00:00:00-04:00,21.01211767440613,21.068525540950425,20.82408906169349,21.002716064453125,4428500,0.0,0.0
2024-08-26 00:00:00-04:00,20.974510148676785,21.15313714218833,20.974510148676785,21.096729278564453,4569000,0.0,0.0
2024-08-27 00:00:00-04:00,21.209543616476218,21.53859275354611,21.181340583098553,21.435176849365234,8258200,0.0,0.0
2024-08-28 00:00:00-04:00,21.642010311422737,22.07447359254508,21.595002263578785,21.623207092285156,7492200,0.0,0.0
2024-08-29 00:00:00-04:00,21.63260654287547,21.924049237726717,21.63260654287547,21.811233520507812,5756200,0.0,0.0
2024-08-30 00:00:00-04:00,21.895849516546537,21.971060603791926,21.745425548881986,21.88644790649414,6375000,0.0,0.0
2024-09-03 00:00:00-04:00,21.79243113555841,21.93345168405474,21.51978985438175,21.604402542114258,5793200,0.0,0.0
2024-09-04 00:00:00-04:00,21.491588208340108,21.71722145913853,21.463383379550176,21.679615020751953,5558000,0.0,0.0
2024-09-05 00:00:00-04:00,21.65141109739673,21.811234867639314,21.48218571794298,21.529191970825195,6270100,0.0,0.0
2024-09-06 00:00:00-04:00,21.453980371528584,21.54799466819325,21.143734447756664,21.19074249267578,7517300,0.0,0.0
2024-09-09 00:00:00-04:00,21.397575838557938,21.397575838557938,21.20954721598632,21.26595687866211,4585000,0.0,0.0
2024-09-10 00:00:00-04:00,21.40697567409139,21.557397842407227,21.29415815126767,21.557397842407227,6484400,0.0,0.0
2024-09-11 00:00:00-04:00,21.51979169161943,21.576201350372752,21.20954574117104,21.547996520996094,5590600,0.0,0.0
2024-09-12 00:00:00-04:00,21.858240127563477,21.93345120466256,21.698416364581234,21.858240127563477,5643300,0.0,0.0
2024-09-13 00:00:00-04:00,21.877042987747753,21.933450846357207,21.764225477355357,21.811233520507812,5273400,0.0,0.0
2024-09-16 00:00:00-04:00,21.811235716022168,21.895848409040187,21.670213365543017,21.801834106445312,6747300,0.0,0.0
2024-09-17 00:00:00-04:00,21.88644572374005,22.018064664999574,21.453980670328836,21.595001220703125,10352700,0.0,0.0
2024-09-18 00:00:00-04:00,21.134334564208984,21.341166392392005,21.04972186962024,21.134334564208984,7051700,0.0,0.0
2024-09-19 00:00:00-04:00,21.369366955322484,21.44457803145541,21.26595284637315,21.331762313842773,6281100,0.0,0.0
2024-09-20 00:00:00-04:00,21.284757049756596,21.529193527398963,21.25655401325761,21.482187271118164,21841100,0.0,0.0
2024-09-23 00:00:00-04:00,21.35996534665918,21.369366955322484,21.14373372692371,21.331762313842773,4900300,0.0,0.0
2024-09-24 00:00:00-04:00,21.265952304666946,21.359964802558203,21.115528363059337,21.22834587097168,7015300,0.0,0.0
2024-09-25 00:00:00-04:00,21.162538881053003,21.256553183116754,21.10613101708422,21.209545135498047,9151500,0.0,0.0
2024-09-26 00:00:00-04:00,21.67021450410423,21.867644729243896,21.491589292279972,21.585601806640625,10927900,0.0,0.0
2024-09-27 00:00:00-04:00,21.265954190738714,21.34116527162624,21.002714511045557,21.049720764160156,9702000,0.0,0.0
2024-09-30 00:00:00-04:00,20.946306516424848,21.077925458853617,20.75827791880637,20.936904907226562,11576900,0.0,0.0
2024-10-01 00:00:00-04:00,21.077925591933084,21.1719398913359,20.93690503941567,21.049720764160156,8366500,0.0,0.0
2024-10-02 00:00:00-04:00,21.021517951710212,21.09672903339255,20.84289096027455,20.983911514282227,5273100,0.0,0.0
2024-10-03 00:00:00-04:00,20.86169338848671,21.087326624983916,20.86169338848671,21.068523406982422,7816800,0.0,0.0
2024-10-04 00:00:00-04:00,21.256555843738525,21.510392159956847,21.237752622337496,21.42578125,9261000,0.0,0.0
2024-10-07 00:00:00-04:00,21.369367915043778,21.6890154512578,21.35996630595824,21.538593292236328,7549400,0.0,0.0
2024-10-08 00:00:00-04:00,21.7548258999875,21.961657722823343,21.69841803611121,21.92405128479004,7722500,0.0,0.0
2024-10-09 00:00:00-04:00,21.924050931344535,21.980458794311456,21.82063502159382,21.877044677734375,4269500,0.0,0.0
2024-10-10 00:00:00-04:00,21.275353809857034,21.369368108389473,21.106130224306966,21.294157028198242,7665900,0.0,0.0
2024-10-11 00:00:00-04:00,21.463383538916407,21.613805707232242,21.416377283757843,21.557397842407227,5065600,0.0,0.0
2024-10-14 00:00:00-04:00,21.88644549148816,22.046269258395977,21.81123441254175,21.96165657043457,7100000,0.0,0.0
2024-10-15 00:00:00-04:00,21.79243381846067,21.886448126757,21.595003591720996,21.642011642456055,10562700,0.0,0.0
2024-10-16 00:00:00-04:00,21.397573028216105,21.55739679845869,21.34116516612272,21.529191970825195,13868500,0.0,0.0
2024-10-17 00:00:00-04:00,20.852291874557512,21.369367819741075,20.701869716206893,21.303558349609375,16539000,0.0,0.0
2024-10-18 00:00:00-04:00,21.049721009210916,21.19074335654366,20.889897236317623,21.162538528442383,11307600,0.0,0.0
2024-10-21 00:00:00-04:00,20.67366355913208,20.946304824336956,20.664261950693277,20.87109375,10411900,0.0,0.0
2024-10-22 00:00:00-04:00,20.730074456883663,20.918103066889238,20.730074456883663,20.8334903717041,5733800,0.0,0.0
2024-10-23 00:00:00-04:00,20.852292037233852,21.03091902410884,20.78648256658875,20.880495071411133,4532000,0.0,0.0
2024-10-24 00:00:00-04:00,20.88049417454753,20.983910077218514,20.701868988518477,20.730072021484375,7199600,0.0,0.0
2024-10-25 00:00:00-04:00,20.73007496064526,20.767681400829737,20.56085135933641,20.579652786254883,6572800,0.0,0.0
2024-10-28 00:00:00-04:00,20.880495515746322,20.889897125063342,20.73007335302123,20.748876571655273,3887200,0.0,0.0
2024-10-29 00:00:00-04:00,20.61575186001213,20.891515121456116,20.568205219267377,20.70133399963379,8789300,0.25,0.0
2024-10-30 00:00:00-04:00,20.463604534755305,20.501640030468145,20.073731181675306,20.083240509033203,8486700,0.0,0.0
2024-10-31 00:00:00-04:00,20.007166262249992,20.045201755222145,19.845511336251484,19.883546829223633,8615100,0.0,0.0
2024-11-01 00:00:00-04:00,19.855021700132834,20.00716913502369,19.74091339111328,19.74091339111328,9285500,0.0,0.0
2024-11-04 00:00:00-05:00,19.74091244766367,19.855020751229805,19.63631165796239,19.7028751373291,11936900,0.0,0.0
2024-11-05 00:00:00-05:00,19.759930387722406,19.788456555722192,19.64582027456711,19.6933650970459,9558400,0.0,0.0
2024-11-06 00:00:00-05:00,20.454093806788894,20.53967593343091,20.159311933754502,20.3494930267334,17779900,0.0,0.0
2024-11-07 00:00:00-05:00,20.387532610986103,20.596732380747508,20.292441147014983,20.587223052978516,12341100,0.0,0.0
2024-11-08 00:00:00-05:00,20.5967336847954,20.92004359453574,20.5967336847954,20.682315826416016,7743000,0.0,0.0
2024-11-11 00:00:00-05:00,20.805932856003896,21.04366061713324,20.70133387443582,20.958080291748047,6092100,0.0,0.0
2024-11-12 00:00:00-05:00,20.93906021118164,21.08169649541261,20.91053222884794,20.93906021118164,3848800,0.0,0.0
2024-11-13 00:00:00-05:00,20.901024323199408,20.977097134212045,20.72986004499126,20.958080291748047,5432100,0.0,0.0
2024-11-14 00:00:00-05:00,20.86298668332221,20.948568813642733,20.739367244539807,20.748876571655273,6169200,0.0,0.0
2024-11-15 00:00:00-05:00,20.64427646622485,20.682313775938013,20.320968402256728,20.473114013671875,7650200,0.0,0.0
2024-11-18 00:00:00-05:00,20.282932160680065,20.606242055393036,20.225878006824498,20.5396785736084,4816400,0.0,0.0
2024-11-19 00:00:00-05:00,20.378023169250493,20.87249732815985,20.378023169250493,20.66329574584961,6033100,0.0,0.0
2024-11-20 00:00:00-05:00,20.92004323323613,20.948571217856617,20.72986029653733,20.910533905029297,7812600,0.0,0.0
2024-11-21 00:00:00-05:00,20.74887872552966,20.958080316349136,20.701333898735538,20.88200569152832,6121500,0.0,0.0
2024-11-22 00:00:00-05:00,21.309915542396617,21.690279582820978,21.20531475113536,21.671262741088867,8678600,0.0,0.0
2024-11-25 00:00:00-05:00,21.376478682663976,21.756842717036886,21.34795251366025,21.718807220458984,11805800,0.0,0.0
2024-11-26 00:00:00-05:00,21.813897754248625,22.061134819500186,21.775860445570522,22.042116165161133,7339500,0.0,0.0
2024-11-27 00:00:00-05:00,21.88046083479683,21.985061618050192,21.462059515502048,21.623714447021484,9141100,0.0,0.0
2024-11-29 00:00:00-05:00,21.053168167853467,21.148259627021076,20.92004121325005,20.986604690551758,5620900,0.0,0.0
2024-12-02 00:00:00-05:00,21.024641639727943,21.186296573429445,20.92955018218846,21.1102237701416,5836200,0.0,0.0
2024-12-03 00:00:00-05:00,21.195806011820604,21.300404983316284,20.94856894640759,21.034151077270508,8215700,0.0,0.0
2024-12-04 00:00:00-05:00,21.24335217643223,21.5000985852458,21.17678869571437,21.41451644897461,5866400,0.0,0.0
2024-12-05 00:00:00-05:00,21.642733933762027,21.956534481877522,21.63322460639868,21.737825393676758,5984600,0.0,0.0
2024-12-06 00:00:00-05:00,21.75684223468471,21.851933694599442,21.680769429496674,21.737825393676758,4709600,0.0,0.0
2024-12-09 00:00:00-05:00,21.880461708721818,22.260825735218845,21.880461708721818,22.02309799194336,6292000,0.0,0.0
2024-12-10 00:00:00-05:00,21.994569897915394,22.23229763998145,21.832914960761723,22.099170684814453,6600900,0.0,0.0
2024-12-11 00:00:00-05:00,22.099169615415036,22.35591599971468,22.051624794790058,22.213279724121094,6193400,0.0,0.0
2024-12-12 00:00:00-05:00,22.2227908430054,22.317880491923255,22.013589262461004,22.108680725097656,5750900,0.0,0.0
2024-12-13 00:00:00-05:00,22.365426183635442,22.4700251557624,22.137207771196557,22.25131607055664,4443500,0.0,0.0
2024-12-16 00:00:00-05:00,22.203771591186523,22.42248067977162,22.165734281666293,22.203771591186523,9862100,0.0,0.0
2024-12-17 00:00:00-05:00,22.184752696549662,22.23229751921712,21.985062264883872,21.994569778442383,3890600,0.0,0.0
2024-12-18 00:00:00-05:00,21.994570462404575,22.146717889852944,21.50960745221576,21.53813362121582,6071000,0.0,0.0
2024-12-19 00:00:00-05:00,22.04211772407,22.460519080526673,21.966044915052315,22.270336151123047,9178400,0.0,0.0
2024-12-20 00:00:00-05:00,21.51911485257774,21.842424733477664,21.338443070800963,21.614206314086914,12356700,0.0,0.0
2024-12-23 00:00:00-05:00,21.614207966904477,21.718808763935165,21.405008186562014,21.661754608154297,3622600,0.0,0.0
2024-12-24 00:00:00-05:00,21.47157096450105,21.69978939383849,21.443042980689302,21.652244567871094,2051600,0.0,0.0
2024-12-26 00:00:00-05:00,21.528623580932617,21.642733694311556,21.490588085618786,21.528623580932617,3440300,0.0,0.0
2024-12-27 00:00:00-05:00,21.481078982402185,21.58567976961394,21.20531393019619,21.37647819519043,4339900,0.0,0.0
2024-12-30 00:00:00-05:00,21.12924120533662,21.12924120533662,20.815440656227814,21.015132904052734,4830800,0.0,0.0
2024-12-31 00:00:00-05:00,21.062678441400855,21.10071575226425,20.81544136194523,20.843969345092773,2304300,0.0,0.0
2025-01-02 00:00:00-05:00,21.633224945285995,21.69978842415341,21.38598787112219,21.509607315063477,6556200,0.0,0.0
2025-01-03 00:00:00-05:00,21.414516469790666,21.54764343135578,21.347952989008107,21.519115447998047,3810700,0.0,0.0
2025-01-06 00:00:00-05:00,21.471571443551113,21.6902805498309,21.471571443551113,21.63322639465332,4862600,0.0,0.0
2025-01-07 00:00:00-05:00,21.55715142424392,21.75684185422603,21.42402447092251,21.500097274780273,5150400,0.0,0.0
2025-01-08 00:00:00-05:00,21.48108099884281,21.690280779185276,21.443043685842955,21.661754608154297,6199700,0.0,0.0
2025-01-10 00:00:00-05:00,21.728316292431657,22.05162617127506,21.58568000793457,21.58568000793457,7409000,0.0,0.0
2025-01-13 00:00:00-05:00,21.414515033570325,21.66175209826596,21.376477724977754,21.576169967651367,11561800,0.0,0.0
2025-01-14 00:00:00-05:00,21.471569887193567,21.58568000299639,21.385987753771143,21.405006408691406,13923400,0.0,0.0
2025-01-15 00:00:00-05:00,21.604696761066403,21.84242450549868,21.528623955396828,21.7663516998291,9229900,0.0,0.0
2025-01-16 00:00:00-05:00,21.49058736277875,21.49058736277875,20.263911393519226,20.51114845275879,22922700,0.0,0.0
2025-01-17 00:00:00-05:00,20.19734989459387,20.444586978020848,20.0737322597398,20.149805068969727,13512700,0.0,0.0
2025-01-21 00:00:00-05:00,20.064221991789054,20.130785470031643,19.902567053034726,20.111766815185547,18004300,0.0,0.0
2025-01-22 00:00:00-05:00,20.387531768587184,20.625259511832823,20.282930981169105,20.54918670654297,9311600,0.0,0.0
2025-01-23 00:00:00-05:00,20.520661097836406,20.729860883149886,20.463606940699812,20.710844039916992,10751800,0.0,0.0
2025-01-24 00:00:00-05:00,20.6728054200117,20.777406212919775,20.606241938604317,20.615751266479492,7612600,0.0,0.0
2025-01-27 00:00:00-05:00,20.18784033457499,20.568204376350632,20.18784033457499,20.482624053955078,9588900,0.0,0.0
2025-01-28 00:00:00-05:00,20.359003898251135,20.501640182237992,20.273421765115273,20.473114013671875,14719300,0.0,0.0
2025-01-29 00:00:00-05:00,20.672804936589685,20.748877744093317,20.53016864923522,20.634769439697266,8351400,0.0,0.0
2025-01-30 00:00:00-05:00,20.66329444133475,20.986604308385914,20.634768273707035,20.748876571655273,6800600,0.0,0.0
2025-01-31 00:00:00-05:00,20.843969575131364,20.967587209364048,20.74887811064224,20.87249755859375,9751700,0.0,0.0
2025-02-03 00:00:00-05:00,20.520660517143774,21.0056253733787,20.520660517143774,20.910533905029297,10983000,0.0,0.0
2025-02-04 00:00:00-05:00,20.92004007307242,21.30040407529365,20.92004007307242,21.28138542175293,9778200,0.0,0.0
2025-02-05 00:00:00-05:00,21.034152885796566,21.233843332500378,20.939061419581908,21.214824676513672,9910900,0.0,0.0
2025-02-06 00:00:00-05:00,21.28138707426229,21.300405729279817,21.005623831383243,21.14826011657715,9375200,0.0,0.0
2025-02-07 00:00:00-05:00,21.100715144981496,21.100715144981496,20.587222345416965,20.758386611938477,9618000,0.0,0.0
2025-02-10 00:00:00-05:00,20.72985766936229,20.805930471657028,20.644275540065873,20.796422958374023,9249900,0.0,0.0
2025-02-11 00:00:00-05:00,20.682314059330263,20.91053247958007,20.57771326990456,20.89151382446289,8557800,0.0,0.0
2025-02-12 00:00:00-05:00,20.530170199916906,20.682315826416016,20.454097386667353,20.682315826416016,5914200,0.0,0.0
2025-02-13 00:00:00-05:00,20.52065827156204,20.69182253311662,20.444585467950972,20.67280387878418,9916700,0.0,0.0
2025-02-14 00:00:00-05:00,20.66329405633411,20.68231271021069,20.48262228566258,20.51114845275879,7038100,0.0,0.0
2025-02-18 00:00:00-05:00,20.41605721553814,20.41605721553814,20.130784659211773,20.3590030670166,10779700,0.0,0.0
2025-02-19 00:00:00-05:00,20.149804493363753,20.168821334838867,19.96913089645929,20.168821334838867,11414600,0.0,0.0
2025-02-20 00:00:00-05:00,20.22587574615233,20.32096720109568,20.092746983744178,20.30194854736328,10776600,0.0,0.0
2025-02-21 00:00:00-05:00,20.149803642794396,20.235385773835535,20.064221511753257,20.13078498840332,13778200,0.0,0.0
2025-02-24 00:00:00-05:00,19.64582110126464,19.826494698980483,19.607785604424816,19.807476043701172,12509400,0.0,0.0
2025-02-25 00:00:00-05:00,19.731404774634413,19.797968259582728,19.598277804737783,19.750423431396484,9215000,0.0,0.0
2025-02-26 00:00:00-05:00,19.75993275977752,19.940604557860397,19.702876789491306,19.750423431396484,9233300,0.0,0.0
2025-02-27 00:00:00-05:00,19.74091230617998,19.77894780252316,19.484165904418106,19.493675231933594,10206600,0.0,0.0
2025-02-28 00:00:00-05:00,18.866074685988735,19.113311767578125,18.732947724255535,19.113311767578125,17385600,0.0,0.0
2025-03-03 00:00:00-05:00,19.08478197244375,19.198892081467335,18.81852807425314,18.856563568115234,9916000,0.0,0.0
2025-03-04 00:00:00-05:00,18.694909705337714,18.951656105005473,18.599818244677202,18.742454528808594,13778200,0.0,0.0
2025-03-05 00:00:00-05:00,19.094290259199667,19.19889103563006,18.942144664601944,19.075271606445312,12466000,0.0,0.0
2025-03-06 00:00:00-05:00,18.999201883502597,19.04674852308224,18.71392930090012,18.780492782592773,11306000,0.0,0.0
2025-03-07 00:00:00-05:00,18.637854720449383,18.894601108628628,18.5522725910563,18.88509178161621,15923200,0.0,0.0
2025-03-10 00:00:00-04:00,18.780492042951842,18.818529353117516,18.409637337430397,18.48571014404297,14185200,0.0,0.0
2025-03-11 00:00:00-04:00,18.190927743953957,18.257493041546805,17.886636495547993,18.038782119750977,17695000,0.0,0.0
2025-03-12 00:00:00-04:00,17.582344767490852,17.73449038754326,17.43970847540658,17.591854095458984,15292400,0.0,0.0
2025-03-13 00:00:00-04:00,17.591852753944323,17.67743488541236,17.36363434126913,17.392162322998047,10913500,0.0,0.0
2025-03-14 00:00:00-04:00,17.47774266750642,17.553815471847955,17.36363436785348,17.496761322021484,7767300,0.0,0.0
2025-03-17 00:00:00-04:00,17.67743349368687,17.782034271405745,17.487250591237746,17.658414840698242,10044500,0.0,0.0
2025-03-18 00:00:00-04:00,17.772528050678066,17.772528050678066,17.4872536471524,17.544309616088867,13070400,0.0,0.0
2025-03-19 00:00:00-04:00,17.629888674933877,17.753506291922804,17.534797223709315,17.658414840698242,9710800,0.0,0.0
2025-03-20 00:00:00-04:00,17.430196850114182,17.487250996684303,17.0213048699713,17.173450469970703,19376100,0.0,0.0
2025-03-21 00:00:00-04:00,17.506270761297078,17.525289415933834,17.27805234681216,17.42068862915039,18677600,0.0,0.0
2025-03-24 00:00:00-04:00,17.71547041659496,17.71547041659496,17.59185278962304,17.67743492126465,7515800,0.0,0.0
2025-03-25 00:00:00-04:00,17.96270714866684,18.08632658704795,17.86761750525822,17.90565299987793,11605900,0.0,0.0
2025-03-26 00:00:00-04:00,17.705963983549758,17.867618929435636,17.686945327864635,17.743999481201172,7391100,0.0,0.0
2025-03-27 00:00:00-04:00,17.782035595743338,17.85810839964488,17.68694413743673,17.753507614135742,6249500,0.0,0.0
2025-03-28 00:00:00-04:00,17.46823621293395,17.5728351916704,17.220999130406177,17.278053283691406,7866100,0.0,0.0
2025-03-31 00:00:00-04:00,17.116398223458905,17.39216328764411,16.992780589881317,17.3541259765625,12408200,0.0,0.0
2025-04-01 00:00:00-04:00,17.297072169231996,17.316089011433913,17.068853739339296,17.306581497192383,13574900,0.0,0.0
2025-04-02 00:00:00-04:00,17.25903287801906,17.525288589217475,17.230506711128314,17.48725128173828,9782300,0.0,0.0
2025-04-03 00:00:00-04:00,16.697996714575478,16.878670313092094,16.431742794360257,16.498306274414062,16271300,0.0,0.0
2025-04-04 00:00:00-04:00,15.975303504098385,16.07039496344681,15.690030939771843,15.766103744506836,19389000,0.0,0.0
2025-04-07 00:00:00-04:00,15.60444858001959,16.574378186525937,15.5473944307306,15.956286430358887,23309900,0.0,0.0
2025-04-08 00:00:00-04:00,16.203524953881598,16.327142590753073,15.433285707424774,15.613959312438965,12944700,0.0,0.0
2025-04-09 00:00:00-04:00,15.357213017080191,16.897689708324847,15.357213017080191,16.793088912963867,20797800,0.0,0.0
2025-04-10 00:00:00-04:00,16.41272486187182,16.460269688656066,15.690032249694184,16.146469116210938,25884800,0.0,0.0
2025-04-11 00:00:00-04:00,15.937268042289036,16.117941634061197,15.671012318294206,16.051376342773438,15133500,0.0,0.0
2025-04-14 00:00:00-04:00,16.327142954040063,16.327142954040063,16.051377876370974,16.174997329711914,20142000,0.0,0.0
2025-04-15 00:00:00-04:00,16.06088483365755,16.22253976235716,16.032358666881446,16.194013595581055,16826200,0.0,0.0
2025-04-16 00:00:00-04:00,15.785122399120267,16.022850140631963,15.71855892169199,15.766103744506836,21244700,0.0,0.0
2025-04-17 00:00:00-04:00,15.423775787594023,15.642486696311465,15.043411749831424,15.347702980041504,20714100,0.0,0.0
2025-04-21 00:00:00-04:00,16.032359467938676,16.051376308833376,15.585430153116704,15.766103744506836,20614300,0.0,0.0
2025-04-22 00:00:00-04:00,15.84217715098363,16.09892355686089,15.84217715098363,16.032360076904297,10459300,0.0,0.0
2025-04-23 00:00:00-04:00,16.507814767654654,16.688486543319826,16.336650505471894,16.38419532775879,12569300,0.0,0.0
2025-04-24 00:00:00-04:00,16.4222322781252,16.59339653657206,16.3937042971445,16.507814407348633,10165700,0.0,0.0
2025-04-25 00:00:00-04:00,16.54585075378418,16.583888063717527,16.412723796454994,16.54585075378418,7574000,0.0,0.0
2025-04-28 00:00:00-04:00,16.50781417442583,16.59339630244171,16.308121937815894,16.479286193847656,7546900,0.0,0.0
2025-04-29 00:00:00-04:00,16.574377326455227,16.78357707213829,16.507813853452372,16.707504272460938,7769600,0.0,0.0
2025-04-30 00:00:00-04:00,16.68848775385604,16.75505304909235,16.441252483567975,16.736034393310547,7085500,0.0,0.0
2025-05-01 00:00:00-04:00,16.85014270056368,16.888180012127282,16.726525065419647,16.736034393310547,7752700,0.0,0.0
2025-05-02 00:00:00-04:00,16.99277939762623,17.135415676736912,16.99277939762623,17.002286911010742,8940500,0.0,0.0
2025-05-05 00:00:00-04:00,16.964251277832822,17.09737822875355,16.964251277832822,16.9737606048584,5659500,0.0,0.0
2025-05-06 00:00:00-04:00,16.973762630902176,17.106889597713373,16.86916183485401,16.897689819335938,8333400,0.0,0.0
2025-05-07 00:00:00-04:00,16.821616550248823,16.888180031844,16.764560582836804,16.840633392333984,5479000,0.0,0.0
2025-05-08 00:00:00-04:00,16.802597760371068,16.89768922491349,16.593397989352805,16.631433486938477,11433300,0.0,0.0
2025-05-09 00:00:00-04:00,16.850142585782862,16.888179897087362,16.555360678048306,16.631433486938477,8642400,0.0,0.0
2025-05-12 00:00:00-04:00,17.934181690151934,17.99123584119646,17.591853156447282,17.73448944091797,16249500,0.0,0.0
2025-05-13 00:00:00-04:00,17.382653501047283,17.544308441439494,17.373144173527884,17.47774314880371,8599700,0.0,0.0
2025-05-14 00:00:00-04:00,17.62038304846137,17.629892376952505,17.487254263304465,17.553817749023438,8648200,0.0,0.0
2025-05-15 00:00:00-04:00,17.743997945108486,17.867617382641253,17.696453123730453,17.80105209350586,8079100,0.0,0.0
2025-05-16 00:00:00-04:00,17.439706569654142,17.496760717509396,17.22099749144346,17.411178588867188,12914100,0.0,0.0
2025-05-19 00:00:00-04:00,17.211489573320982,17.487252821958883,17.201980245613633,17.430198669433594,9394400,0.0,0.0
2025-05-20 00:00:00-04:00,17.37314391841858,17.40167008683912,17.26854313095995,17.344615936279297,7065500,0.0,0.0
2025-05-21 00:00:00-04:00,17.268543243408203,17.449216837362677,17.192470437593492,17.268543243408203,7863200,0.0,0.0
2025-05-22 00:00:00-04:00,17.030814766392652,17.249523846993117,16.935723309782414,17.154434204101562,8345000,0.0,0.0
2025-05-23 00:00:00-04:00,17.068853149368408,17.31608841291754,17.068853149368408,17.220998764038086,10086500,0.0,0.0
2025-05-27 00:00:00-04:00,17.392162944674524,17.60136271034154,17.373144289508765,17.58234405517578,9014400,0.0,0.0
2025-05-28 00:00:00-04:00,17.468234302379884,17.54430710301282,17.420687668410153,17.458724975585938,6625900,0.0,0.0
2025-05-29 00:00:00-04:00,17.62038304846137,17.677437205689213,17.487254263304465,17.553817749023438,8526600,0.0,0.0
2025-05-30 00:00:00-04:00,17.618427589792695,17.618427589792695,17.435203147130267,17.54128074645996,12638500,0.257,0.0
2025-06-02 00:00:00-04:00,17.425559561797947,17.56056607779877,17.358056303797532,17.54128074645996,8475400,0.0,0.0
2025-06-03 00:00:00-04:00,17.377342164285622,17.47377617101229,17.29055174216419,17.396629333496094,11219600,0.0,0.0
2025-06-04 00:00:00-04:00,17.396630045477675,17.45448971615139,17.18447485413112,17.21340560913086,7541700,0.0,0.0
2025-06-05 00:00:00-04:00,17.35805730853858,17.35805730853858,17.213407198832613,17.29055404663086,9590900,0.0,0.0
2025-06-06 00:00:00-04:00,17.541280715831977,17.608783973714527,17.50270637457005,17.55092430114746,6425900,0.0,0.0
2025-06-09 00:00:00-04:00,17.579852875220876,17.70521764255356,17.570209290093302,17.637714385986328,5386700,0.0,0.0
2025-06-10 00:00:00-04:00,17.90772844920409,18.00416246673807,17.792009099624035,17.849868774414062,9545800,0.0,0.0
2025-06-11 00:00:00-04:00,18.206671864674277,18.25488979208859,17.936658828457567,17.94630241394043,15531200,0.0,0.0
2025-06-12 00:00:00-04:00,17.820935896174888,17.96558598559557,17.734145474657343,17.898082733154297,11362600,0.0,0.0
2025-06-13 00:00:00-04:00,17.820938365495536,17.898085213164634,17.714862599529233,17.763078689575195,10471900,0.0,0.0
2025-06-16 00:00:00-04:00,18.062023099821527,18.148813536274247,18.033094180554617,18.081310272216797,9604100,0.0,0.0
2025-06-17 00:00:00-04:00,18.081308678170625,18.18738627766683,18.004161834716797,18.004161834716797,10128900,0.0,0.0
2025-06-18 00:00:00-04:00,17.984875615148958,17.994519201006415,17.772722244262695,17.772722244262695,10915900,0.0,0.0
2025-06-20 00:00:00-04:00,17.67628732847577,17.714861669949116,17.049468994140625,17.049468994140625,37327100,0.0,0.0
2025-06-23 00:00:00-04:00,17.22305012706388,17.454490661621094,17.194119370497024,17.454490661621094,15272800,0.0,0.0
2025-06-24 00:00:00-04:00,17.502705935870225,17.656999618398967,17.502705935870225,17.647356033325195,8763700,0.0,0.0
2025-06-25 00:00:00-04:00,17.90772844920409,17.97523170968011,17.830581603042088,17.849868774414062,10846500,0.0,0.0
2025-06-26 00:00:00-04:00,17.965587776425327,18.004162118423004,17.859512014583437,17.93665885925293,14327700,0.0,0.0
2025-06-27 00:00:00-04:00,17.975231678480768,17.994518849819265,17.75343472606571,17.859512329101562,13502100,0.0,0.0
2025-06-30 00:00:00-04:00,17.88844121576823,17.898084801420758,17.801650784221355,17.869155883789062,12743100,0.0,0.0
2025-07-01 00:00:00-04:00,18.042733436673977,18.303104710088565,17.89808334233001,18.2259578704834,15010100,0.0,0.0
2025-07-02 00:00:00-04:00,18.081307836081564,18.216314346006733,18.004160996220644,18.2066707611084,9428300,0.0,0.0
2025-07-03 00:00:00-04:00,18.22595952348837,18.303106370090376,18.187387019850323,18.2838191986084,4267300,0.0,0.0
2025-07-07 00:00:00-04:00,18.187385680455215,18.28381785211162,18.090951669473032,18.14881134033203,8790400,0.0,0.0
2025-07-08 00:00:00-04:00,18.2163143157959,18.380251580144186,18.148811060945263,18.2163143157959,10832400,0.0,0.0
2025-07-09 00:00:00-04:00,18.312748607204007,18.3223921922348,18.052377329349852,18.14881134033203,13092800,0.0,0.0
2025-07-10 00:00:00-04:00,17.70521836722288,17.763078041030717,17.41591631953196,17.454490661621094,27407300,0.0,0.0
2025-07-11 00:00:00-04:00,17.647356506463826,17.69557443312543,17.53163716112764,17.54128074645996,16461200,0.0,0.0
2025-07-14 00:00:00-04:00,17.367700576782227,17.473778180311932,17.26162297325252,17.367700576782227,14495200,0.0,0.0
2025-07-15 00:00:00-04:00,17.599140258907408,17.666643516293277,17.55092417201059,17.570209503173828,14013600,0.0,0.0
2025-07-16 00:00:00-04:00,17.81129446261833,17.849868805429306,17.68593152713446,17.840225219726562,15715300,0.0,0.0
2025-07-17 00:00:00-04:00,17.705218791031545,17.859512484429672,17.62807194433248,17.811294555664062,13528000,0.0,0.0
2025-07-18 00:00:00-04:00,17.69557430281881,17.724503219276915,17.493062690982995,17.560565948486328,9706800,0.0,0.0
2025-07-21 00:00:00-04:00,17.54128074645996,17.68593084779311,17.52199357579532,17.54128074645996,11469300,0.0,0.0
2025-07-22 00:00:00-04:00,17.473779100814205,17.647358134835105,17.45449192836988,17.60878562927246,18870500,0.0,0.0
2025-07-23 00:00:00-04:00,17.801651100135437,18.15845641830745,17.743791424519355,17.792009353637695,24739700,0.0,0.0
2025-07-24 00:00:00-04:00,17.242335183529832,17.242335183529832,16.96267856515144,17.049468994140625,14675700,0.0,0.0
2025-07-25 00:00:00-04:00,16.837313106992617,16.837313106992617,16.6348033405063,16.750524520874023,19087800,0.0,0.0
2025-07-28 00:00:00-04:00,16.702307375272383,16.721594546121167,16.451579672215708,16.54801368713379,21715200,0.0,0.0
2025-07-29 00:00:00-04:00,16.663734650291616,16.67337823558718,16.49979737891865,16.596229553222656,11563700,0.0,0.0
2025-07-30 00:00:00-04:00,16.50944204282567,16.519083789425334,16.287643245188526,16.345504760742188,13278800,0.0,0.0
2025-07-31 00:00:00-04:00,16.403363365882367,16.413006951178282,16.114061324982405,16.12370491027832,15926400,0.0,0.0
2025-08-01 00:00:00-04:00,16.056200956097495,16.056200956097495,15.78618793682696,15.824760437011719,20078400,0.0,0.0
2025-08-04 00:00:00-04:00,15.95976762383175,16.085132393234456,15.853691864328486,15.892264366149902,18306000,0.0,0.0
2025-08-05 00:00:00-04:00,15.882620958980638,15.901908129770558,15.612607925225158,15.622251510620117,22539900,0.0,0.0
2025-08-06 00:00:00-04:00,15.564390467505294,15.612608395933824,15.400454109163036,15.49688720703125,16992500,0.0,0.0
2025-08-07 00:00:00-04:00,15.593320487060486,15.74761417208251,15.410096046349654,15.448670387268066,19616500,0.0,0.0
2025-08-08 00:00:00-04:00,15.516173736748808,15.545104492609527,15.390809887007757,15.419739723205566,13909900,0.0,0.0
2025-08-11 00:00:00-04:00,15.419739753824123,15.593320610681468,15.35223649600756,15.410096168518066,20161800,0.0,0.0
2025-08-12 00:00:00-04:00,15.410096775185794,15.54510513545978,15.34259351471175,15.49688720703125,18403100,0.0,0.0
2025-08-13 00:00:00-04:00,15.564389252536404,15.834404112680899,15.506529582264639,15.795829772949219,27608700,0.0,0.0
2025-08-14 00:00:00-04:00,15.747613815888426,15.82476065665446,15.535460463613276,15.776544570922852,18675100,0.0,0.0
2025-08-15 00:00:00-04:00,15.815117213386342,16.065844907954546,15.815117213386342,15.96941089630127,9000900,0.0,0.0
2025-08-18 00:00:00-04:00,15.776544351949335,15.844047606766969,15.680110342498825,15.824760437011719,11116100,0.0,0.0
2025-08-19 00:00:00-04:00,15.892264880861761,16.08513291419284,15.872977709663477,16.007986068725586,18923300,0.0,0.0
2025-08-20 00:00:00-04:00,16.461223856845216,16.576945046824452,16.364789838416836,16.403364181518555,22949600,0.0,0.0
2025-08-21 00:00:00-04:00,16.306928080608163,16.45157817011518,16.28764091152038,16.44193458557129,19974100,0.0,0.0
2025-08-22 00:00:00-04:00,16.39371932320143,16.76016635759318,16.374432153147715,16.721593856811523,33953400,0.0,0.0
2025-08-25 00:00:00-04:00,16.808384313241902,16.827671483330633,16.683019546990927,16.711950302124023,17187400,0.0,0.0
2025-08-26 00:00:00-04:00,16.557657020847024,16.71195070664003,16.519082679735863,16.605873107910156,14770200,0.0,0.0
2025-08-27 00:00:00-04:00,16.615516200617535,16.76980988183647,16.54801294499997,16.740880966186523,10264900,0.0,0.0
2025-08-28 00:00:00-04:00,16.384077041037337,16.43229497000592,16.28764302242609,16.393720626831055,28336300,0.0,0.0
2025-08-29 00:00:00-04:00,16.133348123469045,16.287641805993346,16.056201282206896,16.220138549804688,17333200,0.0,0.0
2025-09-02 00:00:00-04:00,16.171922185032695,16.297285110175835,16.104418930007487,16.287641525268555,13503100,0.0,0.0
2025-09-03 00:00:00-04:00,16.20085206921849,16.249069996638262,15.911551862003321,16.046558380126953,19263600,0.0,0.0
2025-09-04 00:00:00-04:00,15.979055342802535,16.00798609965586,15.699398717190592,15.998342514038086,15167700,0.0,0.0
2025-09-05 00:00:00-04:00,15.901907367885585,16.046557463227874,15.737970102677453,15.795829772949219,23404000,0.0,0.0
2025-09-08 00:00:00-04:00,16.01762893871301,16.21049512410162,15.911551341187504,16.19120979309082,25547900,0.0,0.0
2025-09-09 00:00:00-04:00,16.384077009967694,16.528727117947305,16.326217334641036,16.403364181518555,14879900,0.0,0.0
2025-09-10 00:00:00-04:00,16.58658872707204,16.634804816897894,16.306930255969487,16.374433517456055,17812800,0.0,0.0
2025-09-11 00:00:00-04:00,16.287640852437256,16.528724947182987,15.969409920945921,16.46122169494629,30237600,0.0,0.0
2025-09-12 00:00:00-04:00,16.43229509501771,16.461224013293027,16.297286732204494,16.355146408081055,12966900,0.0,0.0
2025-09-15 00:00:00-04:00,16.38407735922072,16.49015496568574,16.239427248157657,16.316574096679688,18852800,0.0,0.0
2025-09-16 00:00:00-04:00,16.38407488789973,16.47086530931157,16.27799729743511,16.45157814025879,17749400,0.0,0.0
2025-09-17 00:00:00-04:00,16.58658793241552,17.14590300849815,16.58658793241552,17.049468994140625,32050800,0.0,0.0
2025-09-18 00:00:00-04:00,16.904817393849626,16.972320646118757,16.81802697255341,16.943389892578125,13245800,0.0,0.0
2025-09-19 00:00:00-04:00,16.924105066712137,16.981966581804386,15.660824749746206,16.364789962768555,54720200,0.0,0.0
2025-09-22 00:00:00-04:00,16.268357097364852,16.567300888773236,16.191210253152175,16.53837013244629,14994200,0.0,0.0
2025-09-23 00:00:00-04:00,16.49979674520876,16.528725660658555,16.277997970581055,16.277997970581055,11524400,0.0,0.0
2025-09-24 00:00:00-04:00,16.297284622824918,16.43229296816382,16.220137785199412,16.422649383544922,17049600,0.0,0.0
2025-09-25 00:00:00-04:00,16.15263546498943,16.258713062597497,15.901907768395871,15.950125694274902,17831200,0.0,0.0
2025-09-26 00:00:00-04:00,15.882620658836313,16.007985427275838,15.776544900148032,15.930838584899902,19463500,0.0,0.0
2025-09-29 00:00:00-04:00,15.853692494563353,15.892264997918149,15.641537288471332,15.737971305847168,19370300,0.0,0.0
2025-09-30 00:00:00-04:00,15.728326987642298,15.853691756189887,15.6318929747578,15.689754486083984,13331200,0.0,0.0
2025-10-01 00:00:00-04:00,15.641536190041855,15.815117041263438,15.631892605048904,15.786188125610352,15899200,0.0,0.0
2025-10-02 00:00:00-04:00,15.737971011861418,15.844048612925896,15.458314389953971,15.574033737182617,13738800,0.0,0.0
2025-10-03 00:00:00-04:00,15.66082385263027,15.670467437926554,15.496886581245082,15.651180267333984,15110100,0.0,0.0
2025-10-06 00:00:00-04:00,15.901908124382311,16.123705070413685,15.80547410979124,16.094776153564453,21090500,0.0,0.0
2025-10-07 00:00:00-04:00,15.882620167626696,15.882620167626696,15.680110402400164,15.805473327636719,15178500,0.0,0.0
2025-10-08 00:00:00-04:00,16.085132347423073,16.191209945950042,15.99834191941479,16.14299201965332,13231300,0.0,0.0
2025-10-09 00:00:00-04:00,16.364787718846948,16.5672993152498,16.27799729743511,16.45157814025879,21105900,0.0,0.0
2025-10-10 00:00:00-04:00,16.393719381618705,16.46122263772148,15.98869800567627,15.98869800567627,15132700,0.0,0.0
2025-10-13 00:00:00-04:00,16.075488640678,16.258713080569244,16.046557885118602,16.18156623840332,9959800,0.0,0.0
2025-10-14 00:00:00-04:00,16.104419563808076,16.104419563808076,15.824761108468055,15.892264366149902,19181600,0.0,0.0
2025-10-15 00:00:00-04:00,15.959768775581159,16.075489968048167,15.853693008422852,15.853693008422852,23613300,0.0,0.0
2025-10-16 00:00:00-04:00,15.62225198161953,15.709042413464987,15.255803082866294,15.49688720703125,30758900,0.0,0.0
2025-10-17 00:00:00-04:00,15.564390411813653,15.805474535115975,15.564390411813653,15.747614860534668,12874600,0.0,0.0
2025-10-20 00:00:00-04:00,15.786187926860748,16.31657221951509,15.766900757117673,16.306928634643555,19872900,0.0,0.0
2025-10-21 00:00:00-04:00,16.162278530604414,16.78909683227539,16.12370419114122,16.78909683227539,24526800,0.0,0.0
2025-10-22 00:00:00-04:00,16.789098484836178,16.933748593409668,16.75052598090201,16.84695816040039,23013100,0.0,0.0
2025-10-23 00:00:00-04:00,16.875886827315536,17.020536917970247,16.73123673666083,16.904817581176758,14138800,0.0,0.0
2025-10-24 00:00:00-04:00,16.904819644073964,16.96267931953133,16.789098453833308,16.85660171508789,8492500,0.0,0.0
2025-10-27 00:00:00-04:00,16.836046141690563,16.904564632370175,16.532604444411064,16.679431915283203,11499700,0.259,0.0
2025-10-28 00:00:00-04:00,16.63048857443781,16.74795017612579,16.532604217529297,16.532604217529297,15833300,0.0,0.0
2025-10-29 00:00:00-04:00,16.73816166436551,16.826257399466552,16.424933213779063,16.522815704345703,13848200,0.0,0.0
2025-10-30 00:00:00-04:00,16.385779565217636,16.43472268000256,16.219376708926756,16.28789520263672,14127400,0.0,0.0
2025-10-31 00:00:00-04:00,16.199798365763606,16.297682721714594,16.052972765331525,16.219375610351562,13459400,0.0,0.0
2025-11-03 00:00:00-05:00,16.287894017424446,16.30747126191385,15.984454195793877,16.062761306762695,12273800,0.0,0.0
2025-11-04 00:00:00-05:00,16.013821307124644,16.052973932157606,15.925725567064312,15.955089569091797,10752700,0.0,0.0
2025-11-05 00:00:00-05:00,16.004033230904568,16.15085884702518,15.974667360884848,16.072551727294922,9322900,0.0,0.0
2025-11-06 00:00:00-05:00,16.101916529928367,16.101916529928367,15.82784069554628,15.837629318237305,10341600,0.0,0.0
2025-11-07 00:00:00-05:00,15.925725202410831,16.160646548196382,15.925725202410831,16.15085792541504,8094500,0.0,0.0
2025-11-10 00:00:00-05:00,16.415145984124823,16.532605729566605,16.268320368828103,16.405357360839844,9889900,0.0,0.0
2025-11-11 00:00:00-05:00,16.5521820155522,16.728373490478823,16.52281614740147,16.650066375732422,9370300,0.0,0.0
2025-11-12 00:00:00-05:00,16.787104353991975,16.9143545898592,16.689219988014642,16.728374481201172,10919500,0.0,0.0
2025-11-13 00:00:00-05:00,16.699008173223852,16.806681159673087,16.591337053763564,16.601123809814453,10304900,0.0,0.0
2025-11-14 00:00:00-05:00,16.307472338711367,16.385779454850876,16.229165222571858,16.297683715820312,11248600,0.0,0.0
2025-11-17 00:00:00-05:00,16.375991381146136,16.53260561867738,16.30747288559984,16.415145874023438,10426600,0.0,0.0
2025-11-18 00:00:00-05:00,16.287895487964136,16.630489829504366,16.25853148556772,16.591337203979492,14371300,0.0,0.0
2025-11-19 00:00:00-05:00,16.92414257767373,17.002449694117455,16.865410840099244,16.94371795654297,7807700,0.0,0.0
2025-11-20 00:00:00-05:00,16.904565481821162,16.914354104837102,16.640278261357548,16.767526626586914,12455000,0.0,0.0
2025-11-21 00:00:00-05:00,16.855621607353033,17.384196024466643,16.73816187043147,17.32546615600586,16657000,0.0,0.0
2025-11-24 00:00:00-05:00,17.149275790356413,17.208005662607306,16.89477718795058,16.904565811157227,12775000,0.0,0.0
2025-11-25 00:00:00-05:00,16.97308419620969,16.97308419620969,16.699008349173354,16.91435432434082,10433200,0.0,0.0
2025-11-26 00:00:00-05:00,17.012237108331128,17.32546745321512,16.982873105396592,17.0513916015625,8260000,0.0,0.0
2025-11-28 00:00:00-05:00,17.237371004114184,17.237371004114184,17.041602279957143,17.11012077331543,3688900,0.0,0.0
2025-12-01 00:00:00-05:00,17.1394870128354,17.208005507676035,17.031814025520713,17.08075714111328,5508400,0.0,0.0
2025-12-02 00:00:00-05:00,17.1296969145212,17.139485536796727,16.973082692090397,17.041601181030273,6642800,0.0,0.0
2025-12-03 00:00:00-05:00,17.247159478969518,17.345041973218883,17.139486494908528,17.286312103271484,7412700,0.0,0.0
2025-12-04 00:00:00-05:00,17.423349516645857,17.932346713992278,17.413562760571725,17.902982711791992,18299700,0.0,0.0
2025-12-05 00:00:00-05:00,17.765942533439603,17.844249645126276,17.648482799403997,17.68763542175293,9198300,0.0,0.0
2025-12-08 00:00:00-05:00,17.67784696964468,17.68763559207337,17.325465897155855,17.345041275024414,7209500,0.0,0.0
2025-12-09 00:00:00-05:00,17.36462009860519,17.638695950560027,17.354831475286556,17.374408721923828,16529000,0.0,0.0
2025-12-10 00:00:00-05:00,17.26673399631626,17.746365288770733,17.2471586186362,17.68763542175293,10143600,0.0,0.0
2025-12-11 00:00:00-05:00,17.570176858303036,17.609329483260453,17.393985378522338,17.423349380493164,12986500,0.0,0.0
2025-12-12 00:00:00-05:00,17.433138263884054,17.511445381957515,17.286312650869938,17.40377426147461,7955900,0.0,0.0
2025-12-15 00:00:00-05:00,17.3744083920762,17.540811251355926,17.315678520268346,17.40377426147461,8091200,0.0,0.0
2025-12-16 00:00:00-05:00,17.37440850190166,17.5114454926492,17.296101383333212,17.393985748291016,14058800,0.0,0.0
2025-12-17 00:00:00-05:00,17.521232762085653,17.89319294678843,17.49186876175937,17.834461212158203,15974900,0.0,0.0
2025-12-18 00:00:00-05:00,17.893193434454,18.90139730222926,17.82467307551793,18.77414894104004,29526500,0.0,0.0
2025-12-19 00:00:00-05:00,18.676264136695433,29.365195300904066,18.588168401433613,19.79214096069336,118705800,0.0,0.0
2025-12-22 00:00:00-05:00,19.361453460558188,19.38102883920824,18.382613582477187,18.75457191467285,23938800,0.0,0.0
2025-12-23 00:00:00-05:00,18.3924013165314,18.617534029533736,18.098748247103785,18.17705535888672,13291700,0.0,0.0
2025-12-24 00:00:00-05:00,18.128114883273813,18.333670360304417,18.059596390930277,18.274940490722656,13262500,0.0,0.0
2025-12-26 00:00:00-05:00,18.216211167903197,18.431555274159162,18.128115427391904,18.39240264892578,6204000,0.0,0.0
2025-12-29 00:00:00-05:00,18.167268356889494,18.167268356889494,17.89319437469881,18.040019989013672,6075600,0.0,0.0
2025-12-30 00:00:00-05:00,17.9519229977452,17.99107562090966,17.648483167012454,17.65827178955078,6867400,0.0,0.0
2025-12-31 00:00:00-05:00,17.746366247668515,17.756154870531866,17.44292640686035,17.44292640686035,4524100,0.0,0.0
2026-01-02 00:00:00-05:00,17.736579525564636,17.932346382237615,17.648483786615675,17.76594352722168,8327700,0.0,0.0
2026-01-05 00:00:00-05:00,17.52123322804318,17.71700194803919,17.296100506939986,17.305889129638672,16098800,0.0,0.0
2026-01-06 00:00:00-05:00,17.462504266228795,17.84425123636963,17.462504266228795,17.717002868652344,11906900,0.0,0.0
2026-01-07 00:00:00-05:00,18.000863949419173,18.14769141810693,17.775731235681548,17.844249725341797,8960000,0.0,0.0
2026-01-08 00:00:00-05:00,17.687635790176913,17.84425001681245,17.589751431782492,17.65827178955078,7461600,0.0,0.0
2026-01-09 00:00:00-05:00,17.697424889123074,17.71700213472674,17.325466557597913,17.452714920043945,6356300,0.0,0.0
2026-01-12 00:00:00-05:00,17.325466884605163,17.462503872439513,17.178639406795288,17.423349380493164,12811600,0.0,0.0
2026-01-13 00:00:00-05:00,17.364618923520222,17.423348792468722,17.09054309011243,17.149274826049805,19913500,0.0,0.0
2026-01-14 00:00:00-05:00,17.991075894056813,19.03843611769304,17.687636058717132,18.9405517578125,37606900,0.0,0.0
2026-01-15 00:00:00-05:00,18.509862019869942,18.695842120212955,18.10853781759585,18.42176628112793,19077800,0.0,0.0
2026-01-16 00:00:00-05:00,18.45113240994558,18.4804964119478,18.157479321000793,18.23578643798828,12792700,0.0,0.0
2026-01-20 00:00:00-05:00,18.11832577295917,18.167267018462177,17.814885943465082,17.82467269897461,8885400,0.0,0.0
2026-01-21 00:00:00-05:00,17.87361658319441,18.040019438873774,17.668059235830995,17.922557830810547,9311900,0.0,0.0
2026-01-22 00:00:00-05:00,18.000865208444885,18.137904064339043,17.824673727287358,17.902982711791992,7346300,0.0,0.0
2026-01-23 00:00:00-05:00,17.991075217007776,17.991075217007776,17.726789882361576,17.85403823852539,4347600,0.0,0.0
2026-01-26 00:00:00-05:00,17.86382712654986,18.3043058024932,17.84424988162153,18.15747833251953,5162400,0.0,0.0
2026-01-27 00:00:00-05:00,18.22599830732829,18.3238807959384,17.76594239611008,17.863826751708984,7960200,0.0,0.0
2026-01-28 00:00:00-05:00,17.814887278169934,17.814887278169934,17.50165693572118,17.550600051879883,8729200,0.0,0.0
2026-01-29 00:00:00-05:00,17.74636707308704,17.795310189680222,17.27652435572646,17.374408721923828,15133900,0.0,0.0
2026-01-30 00:00:00-05:00,17.32546559792956,17.37440684223894,17.12969688671445,17.208003997802734,17190500,0.0,0.0
2026-02-02 00:00:00-05:00,17.25694609162571,18.000864617079955,17.22758209039009,17.951923370361328,14203800,0.0,0.0
2026-02-03 00:00:00-05:00,17.746366251960445,17.844250613628695,16.806680860718647,16.953506469726562,29449200,0.0,0.0
2026-02-04 00:00:00-05:00,16.35641256029271,16.845832472215132,16.141068471162814,16.385778427124023,32385600,0.0,0.0
2026-02-05 00:00:00-05:00,16.15085828421721,16.571759738221104,16.141069661218406,16.444509506225586,13642800,0.0,0.0
2026-02-06 00:00:00-05:00,16.180223722038924,16.52281618292289,16.150857853825062,16.48366355895996,14622500,0.0,0.0
2026-02-09 00:00:00-05:00,16.24874254651465,16.24874254651465,15.886570965759205,15.96487808227539,10278200,0.0,0.0
2026-02-10 00:00:00-05:00,16.150858582448443,16.385779937790836,16.09212871036009,16.25853157043457,9978100,0.0,0.0
2026-02-11 00:00:00-05:00,15.857206597272736,15.876781975707454,15.40693928747435,15.42651653289795,12472900,0.0,0.0
2026-02-12 00:00:00-05:00,14.917519951609208,14.94688582092139,13.88973786304481,13.90931510925293,32387500,0.0,0.0
2026-02-13 00:00:00-05:00,14.310639196375025,14.604291352466415,14.154024962058141,14.408523559570312,19838300,0.0,0.0
2026-02-17 00:00:00-05:00,14.751116606494179,14.917519459799223,14.271485292141733,14.437888145446777,23069500,0.0,0.0
2026-02-18 00:00:00-05:00,14.369370028994425,14.80984779724269,14.369370028994425,14.73154067993164,14666600,0.0,0.0
2026-02-19 00:00:00-05:00,14.398734977560785,14.467253471895951,14.065929261942314,14.242120742797852,18068200,0.0,0.0
2026-02-20 00:00:00-05:00,14.300850409155492,14.604291184781227,14.291062719743922,14.340003967285156,15845900,0.0,0.0
2026-02-23 00:00:00-05:00,14.046352644513886,14.065928956687177,13.478625589071676,13.615662574768066,23772100,0.0,0.0
2026-02-24 00:00:00-05:00,13.566720248119882,13.860372395515261,13.37095246102111,13.547143936157227,25141200,0.0,0.0
2026-02-25 00:00:00-05:00,13.713546970355003,14.007199121643108,13.380741261128113,13.938679695129395,28804500,0.0,0.0
2026-02-26 00:00:00-05:00,14.075717126873359,14.447676381148916,13.938679212089388,14.388945579528809,19283300,0.0,0.0
2026-02-27 00:00:00-05:00,13.879949444892388,14.13444709777832,13.693969349655035,14.13444709777832,16921500,0.0,0.0
2026-03-02 00:00:00-05:00,13.791853703825709,14.026775044944745,13.684180722358661,13.889737129211426,10539300,0.0,0.0
2026-03-03 00:00:00-05:00,13.556932971896684,13.987622116634894,13.547144348869924,13.919103622436523,11463100,0.0,0.0
2026-03-04 00:00:00-05:00,13.928890999027947,14.183389591039024,13.860372506368984,14.026775360107422,20009500,0.0,0.0
2026-03-05 00:00:00-05:00,14.007199193027882,14.251909164766008,13.899526208026652,14.095293998718262,14782300,0.0,0.0
2026-03-06 00:00:00-05:00,13.821218642845217,14.212755145006026,13.762488774292475,14.13444709777832,15217400,0.0,0.0
2026-03-09 00:00:00-04:00,14.026775287270269,14.144235959859028,13.840796122378343,14.11487102508545,14572800,0.0,0.0
2026-03-10 00:00:00-04:00,13.938679120428436,14.046352100441505,13.53735493472915,13.742911338806152,17286900,0.0,0.0
2026-03-11 00:00:00-04:00,13.625450700924548,13.76248861512006,13.302433627137086,13.576508522033691,15353300,0.0,0.0
2026-03-12 00:00:00-04:00,13.547143725102883,13.596085904488705,13.155607223510742,13.155607223510742,16372600,0.0,0.0
2026-03-13 00:00:00-04:00,13.302433816174204,13.331798750528247,12.969628115180281,12.989205360412598,10456500,0.0,0.0
2026-03-16 00:00:00-04:00,13.047935339130944,13.087088896431258,12.871743864532311,12.979416847229004,22523200,0.0,0.0
2026-03-17 00:00:00-04:00,13.01857012603147,13.028358748520757,12.80322509873926,12.920685768127441,22008800,0.0,0.0
2026-03-18 00:00:00-04:00,13.224126887192782,13.31222262498149,12.607457656166261,12.646611213684082,25447600,0.0,0.0
2026-03-19 00:00:00-04:00,12.421477968589052,12.871744361680623,12.3040172921514,12.773860931396484,24317200,0.0,0.0
2026-03-20 00:00:00-04:00,12.95005066290602,13.047935020513789,12.783648748563879,12.842378616333008,100979500,0.0,0.0
2026-03-23 00:00:00-04:00,13.11645433019199,13.253492252705417,12.989205964244242,13.018570899963379,15983100,0.0,0.0
2026-03-24 00:00:00-04:00,12.97941699386208,13.096877667090016,12.773860582339577,12.80322551727295,11069900,0.0,0.0
2026-03-25 00:00:00-04:00,13.106666215358025,13.24370319993069,12.63682259162396,12.891321182250977,11348100,0.0,0.0
2026-03-26 00:00:00-04:00,12.822802799035099,13.07730045833242,12.803225553361367,12.881532669067383,8750500,0.0,0.0
2026-03-27 00:00:00-04:00,12.783649205859621,12.861956321349266,12.460631187596773,12.558515548706055,11866900,0.0,0.0
2026-03-30 00:00:00-04:00,12.627034004653979,12.989205579608097,12.627034004653979,12.96962833404541,10980700,0.0,0.0
2026-03-31 00:00:00-04:00,13.087088898476166,13.410105979627838,12.930474669250438,13.224126815795898,16621100,0.0,0.0
2026-04-01 00:00:00-04:00,13.184973758195941,13.361164306005232,12.940263782382699,13.018570899963379,14046400,0.0,0.0
2026-04-02 00:00:00-04:00,13.096877736445725,13.507990561667812,13.028359243406861,13.449259757995605,11172000,0.0,0.0
2026-04-06 00:00:00-04:00,13.537354997277262,13.556932242277155,13.361163526255922,13.41010570526123,9093000,0.0,0.0
2026-04-07 00:00:00-04:00,13.654816517576194,13.801643063740356,13.556933086961232,13.664605140686035,17202300,0.0,0.0
2026-04-08 00:00:00-04:00,13.89952602790072,14.114871061618032,13.6156625017029,13.703758239746094,13072700,0.0,0.0
2026-04-09 00:00:00-04:00,13.605873768208719,13.703758128236757,13.233915440488829,13.468836784362793,21081000,0.0,0.0
2026-04-10 00:00:00-04:00,13.449259174299765,13.459047796736051,12.989205121727311,13.008781433105469,19339800,0.0,0.0
2026-04-13 00:00:00-04:00,13.008782223662923,13.693969966437459,12.969628665032792,13.674393653869629,15023700,0.0,0.0
2026-04-14 00:00:00-04:00,13.733122896906394,13.96804517143617,13.566720046966083,13.645027160644531,14719900,0.0,0.0
2026-04-15 00:00:00-04:00,13.703758509676994,14.075717781244705,13.586297834470528,14.00719928741455,16260500,0.0,0.0
2026-04-16 00:00:00-04:00,14.114871484830275,14.1833899793652,13.928891380386222,14.07571792602539,16461800,0.0,0.0
2026-04-17 00:00:00-04:00,14.19317863671927,14.398735054314983,14.114871518920378,14.154025077819824,14210800,0.0,0.0
2026-04-20 00:00:00-04:00,13.948468668174694,14.026775786018222,13.791854432487638,13.90931510925293,13034400,0.0,0.0
2026-04-21 00:00:00-04:00,13.860372617334866,13.919103421151638,13.645027581332641,13.772276878356934,19462600,0.0,0.0
2026-04-22 00:00:00-04:00,13.527566988383878,13.576509169609189,13.136031405570314,13.194761276245117,21799500,0.0,0.0
2026-04-23 00:00:00-04:00,12.313805275374575,12.705340843154996,12.264863096028416,12.666187286376953,33431700,0.0,0.0
2026-04-24 00:00:00-04:00,12.304016615430404,12.607457379659285,12.147402388793983,12.58788013458252,22912100,0.0,0.0
2026-04-27 00:00:00-04:00,12.509572968579082,12.548726525073288,11.98099948916009,12.020153045654297,20410400,0.0,0.0
2026-04-28 00:00:00-04:00,12.127826378233294,12.196344870713801,11.922269967297325,11.990788459777832,18627200,0.0,0.0
2026-04-29 00:00:00-04:00,11.961423452573603,12.215921108887937,11.922269895179518,12.07888412475586,14906600,0.0,0.0
2026-04-30 00:00:00-04:00,12.14740314703222,12.294229693789562,12.000577533769361,12.196345329284668,13167800,0.0,0.0
2026-05-01 00:00:00-04:00,12.255075893805477,12.3725365688059,12.12782659584807,12.215921401977539,8389800,0.0,0.0
2026-05-04 00:00:00-04:00,12.059307062572413,12.215921294528764,11.932057765734266,11.980999946594238,11735400,0.0,0.0
2026-05-05 00:00:00-04:00,11.981000287470588,12.245287511537114,11.902693169264465,12.196345329284668,10423300,0.0,0.0
2026-05-06 00:00:00-04:00,12.108249438437163,12.411690217860382,12.069095879817503,12.372536659240723,16179400,0.0,0.0
2026-05-07 00:00:00-04:00,12.24528719655889,12.470419922236916,12.206133638462951,12.304017066955566,11742600,0.0,0.0
2026-05-08 00:00:00-04:00,12.48020843321641,12.568304171515873,12.11803779070319,12.558515548706055,12856600,0.0,0.0
2026-05-11 00:00:00-04:00,12.36274811986738,12.39211305565721,11.97121159752689,12.0397310256958,11768600,0.0,0.0
2026-05-12 00:00:00-04:00,11.902693110759467,11.961423915872622,11.667771757295801,11.795021057128906,10114300,0.0,0.0
2026-05-13 00:00:00-04:00,11.599252571291467,11.687347373469269,11.413272477429123,11.609040260314941,12549500,0.0,0.0
2026-05-14 00:00:00-04:00,11.452426415547594,11.609040647073902,11.315389429709299,11.413272857666016,11782300,0.0,0.0
2026-05-15 00:00:00-04:00,11.579675781130572,11.89290424605218,11.520945910705,11.814597129821777,18788100,0.0,0.0
2026-05-18 00:00:00-04:00,11.814596913644063,12.411689830843638,11.716713486894315,12.323594093322754,22950900,0.0,0.0
2026-05-19 00:00:00-04:00,12.372536693578509,12.989205943670466,12.264863706954763,12.450843811035156,22702700,0.0,0.0
2026-05-20 00:00:00-04:00,12.225709591174061,12.509573112394067,12.039730429062098,12.499785423278809,28776000,0.0,0.0
2026-05-21 00:00:00-04:00,12.118038061465697,12.421477907394443,11.98100013954965,12.372536659240723,17329800,0.0,0.0
2026-05-22 00:00:00-04:00,12.38232399961217,12.538939163168973,12.2648633270654,12.401901245117188,19027200,0.0,0.0
2026-05-26 00:00:00-04:00,12.333382827274441,12.333382827274441,11.785232085253476,11.824385643005371,22361400,0.0,0.0
2026-05-27 00:00:00-04:00,11.824385911095993,12.186556561886007,11.824385911095993,12.127826690673828,15036500,0.0,0.0
2026-05-28 00:00:00-04:00,12.157190936076505,12.509572943827122,11.9712108429762,12.431265830993652,33405700,0.0,0.0
2026-05-29 00:00:00-04:00,12.323594348184459,12.46063133516703,12.06909575308188,12.38232421875,27699800,0.0,0.0
2026-06-01 00:00:00-04:00,12.450843531367703,13.27306917968837,12.450843531367703,13.126242637634277,34182100,0.0,0.0
2026-06-02 00:00:00-04:00,12.998993305986177,13.116453979214112,12.587880482941173,12.80322551727295,23013900,0.0,0.0
2026-06-03 00:00:00-04:00,12.597669543464667,12.607458166614053,12.088673275124869,12.196345329284668,17725700,0.0,0.0
2026-06-04 00:00:00-04:00,12.56830428422399,12.58788059652473,12.274652131757227,12.304017066955566,14882500,0.0,0.0
2026-06-05 00:00:00-04:00,12.489997207659005,12.548727078242015,12.127826560748911,12.137614250183105,8239600,0.0,0.0
2026-06-08 00:00:00-04:00,12.166979582628384,12.20613313912259,11.883116064671785,12.020153045654297,12375000,0.0,0.0
2026-06-09 00:00:00-04:00,11.990788569465124,12.215921294528764,11.834174337508776,11.980999946594238,10546600,0.0,0.0
2026-06-10 00:00:00-04:00,12.0,12.15999984741211,11.729999542236328,11.760000228881836,11298600,0.259,0.0
2026-06-11 00:00:00-04:00,11.699999809265137,11.779999732971191,11.420000076293945,11.600000381469727,10272500,0.0,0.0
2026-06-12 00:00:00-04:00,11.8100004196167,11.859999656677246,11.609999656677246,11.739999771118164,7443300,0.0,0.0
2026-06-15 00:00:00-04:00,12.050000190734863,12.050000190734863,11.5,11.600000381469727,15029000,0.0,0.0
2026-06-16 00:00:00-04:00,11.859999656677246,12.130000114440918,11.859999656677246,11.970000267028809,17804800,0.0,0.0
2026-06-17 00:00:00-04:00,11.920000076293945,12.069999694824219,11.6899995803833,11.699999809265137,32500100,0.0,0.0
2026-06-18 00:00:00-04:00,10.819999694824219,11.119999885559082,10.460000038146973,10.569999694824219,63561800,0.0,0.0
2026-06-22 00:00:00-04:00,10.899999618530273,11.050000190734863,10.579999923706055,10.770000457763672,33480500,0.0,0.0
2026-06-23 00:00:00-04:00,10.819999694824219,11.010000228881836,10.760000228881836,10.789999961853027,34590100,0.0,0.0
2026-06-24 00:00:00-04:00,10.850000381469727,11.039999961853027,10.819999694824219,10.930000305175781,22637100,0.0,0.0
2026-06-25 00:00:00-04:00,10.979999542236328,10.979999542236328,10.5600004196167,10.569999694824219,28691300,0.0,0.0
2026-06-26 00:00:00-04:00,10.619999885559082,10.829999923706055,10.59000015258789,10.779999732971191,17504500,0.0,0.0
2026-06-29 00:00:00-04:00,10.899999618530273,10.9399995803833,10.630000114440918,10.699999809265137,17432700,0.0,0.0
2026-06-30 00:00:00-04:00,10.520000457763672,10.550000190734863,10.34000015258789,10.489999771118164,18011400,0.0,0.0
2026-07-01 00:00:00-04:00,10.420000076293945,10.779999732971191,10.420000076293945,10.649999618530273,28803500,0.0,0.0
2026-07-02 00:00:00-04:00,10.90999984741211,11.199999809265137,10.859999656677246,11.15999984741211,20504600,0.0,0.0
