Date,Open,High,Low,Close,Volume,Dividends,Stock Splits
2021-07-06 00:00:00-04:00,266.8244739642971,268.11046403566195,263.244794707822,266.4693908691406,31565600,0.0,0.0
2021-07-07 00:00:00-04:00,268.13925010791996,269.3772670421519,265.97993254914314,268.64788818359375,23260000,0.0,0.0
2021-07-08 00:00:00-04:00,265.74004413313054,267.4963057183195,263.79186075613046,266.2391052246094,24618600,0.0,0.0
2021-07-09 00:00:00-04:00,264.6076006127589,266.8436812511514,264.2237277535544,266.7381286621094,23916700,0.0,0.0
2021-07-12 00:00:00-04:00,267.9089967844055,268.4943978499109,265.4329623197288,266.1431579589844,18931700,0.0,0.0
2021-07-13 00:00:00-04:00,266.3350372176916,271.45023740575635,266.2103012391227,269.6556091308594,26120100,0.0,0.0
2021-07-14 00:00:00-04:00,270.9704378944242,272.2276385475832,269.24296582329544,271.1239929199219,23113700,0.0,0.0
2021-07-15 00:00:00-04:00,270.6345204272743,271.1239752085975,268.55196530906284,269.70361328125,22604200,0.0,0.0
2021-07-16 00:00:00-04:00,270.7016516270204,272.6498347308158,268.19682804350134,269.4348449707031,26186800,0.0,0.0
2021-07-19 00:00:00-04:00,267.688182240101,269.0701477729701,263.38875994905754,265.8455810546875,32935600,0.0,0.0
2021-07-20 00:00:00-04:00,266.82439187701715,269.64590166728937,265.12573977373495,268.0624084472656,26259700,0.0,0.0
2021-07-21 00:00:00-04:00,267.6594734457759,270.17387476827,266.11437541463516,270.0587158203125,24364300,0.0,0.0
2021-07-22 00:00:00-04:00,272.4003154535662,274.8763494100788,271.9972592293282,274.6076354980469,23384100,0.0,0.0
2021-07-23 00:00:00-04:00,275.78798075252445,278.3023809168699,274.95304947678056,277.99530029296875,22768100,0.0,0.0
2021-07-26 00:00:00-04:00,277.3523564681326,278.01454955841905,275.08748623115633,277.40032958984375,23176100,0.0,0.0
2021-07-27 00:00:00-04:00,277.7649628522518,277.90891147588917,271.54614801020494,274.991455078125,33604100,0.0,0.0
2021-07-28 00:00:00-04:00,277.34276730213355,278.4560190983951,272.3907283274344,274.6844177246094,33566900,0.0,0.0
2021-07-29 00:00:00-04:00,274.703624957285,276.9877082127005,274.5500699423065,274.9531555175781,18168300,0.0,0.0
2021-07-30 00:00:00-04:00,273.676715567838,275.1066542513288,272.46748837703086,273.42718505859375,20944800,0.0,0.0
2021-08-02 00:00:00-04:00,274.8187628216139,275.212242025892,272.30436188036447,273.3408508300781,16267400,0.0,0.0
2021-08-03 00:00:00-04:00,273.91665931799884,275.6537080927837,272.5538770462147,275.5481262207031,17879000,0.0,0.0
2021-08-04 00:00:00-04:00,274.68438727940855,275.99916705627766,273.1776564498441,274.96270751953125,16191300,0.0,0.0
2021-08-05 00:00:00-04:00,275.317795323746,277.95696126160766,274.56923306560276,277.85137939453125,13900200,0.0,0.0
2021-08-06 00:00:00-04:00,276.8821288688246,277.83221931412936,276.0279846719422,277.7938232421875,16589300,0.0,0.0
2021-08-09 00:00:00-04:00,278.07213285524966,279.7995752873609,276.2103188203015,276.7093505859375,16117600,0.0,0.0
2021-08-10 00:00:00-04:00,277.16040859309794,277.5922838439448,273.70552373680465,274.8955383300781,18616600,0.0,0.0
2021-08-11 00:00:00-04:00,275.6345110192113,277.0260831007816,274.3389144756151,275.385009765625,13955900,0.0,0.0
2021-08-12 00:00:00-04:00,275.0779315798822,278.2833157631849,274.79961127384786,278.1297607421875,14561300,0.0,0.0
2021-08-13 00:00:00-04:00,277.8130673648045,281.09521434057825,277.640299665323,281.0472412109375,18249000,0.0,0.0
2021-08-16 00:00:00-04:00,281.37344781790824,282.9377579581513,278.33119671669976,282.72662353515625,22507600,0.0,0.0
2021-08-17 00:00:00-04:00,280.605689106435,281.60375243417633,279.34845967777284,281.2678527832031,20075300,0.0,0.0
2021-08-18 00:00:00-04:00,280.8063906085156,283.4794538884407,279.1044566907851,279.5467834472656,21813000,0.56,0.0
2021-08-19 00:00:00-04:00,277.5852494378773,286.0275166816487,277.53718447593633,285.35443115234375,29850500,0.0,0.0
2021-08-20 00:00:00-04:00,288.1909333937579,294.0755159975354,286.5947836444188,292.6524353027344,40817600,0.0,0.0
2021-08-23 00:00:00-04:00,291.58513292551737,293.6524247840349,290.23899143697224,292.9312744140625,22830200,0.0,0.0
2021-08-24 00:00:00-04:00,293.28707625697854,293.892847343343,290.38325427792677,290.9794006347656,18175800,0.0,0.0
2021-08-25 00:00:00-04:00,292.59483645978145,292.87368958556954,288.8641085254896,290.3929443359375,20006100,0.0,0.0
2021-08-26 00:00:00-04:00,289.4120524153368,290.79666345082654,287.4505445681289,287.58514404296875,17666100,0.0,0.0
2021-08-27 00:00:00-04:00,287.4890486022759,289.29673726337023,285.4121315880625,288.19097900390625,22605700,0.0,0.0
2021-08-30 00:00:00-04:00,289.53711917376893,292.51788050210155,289.47942948011064,291.912109375,16348100,0.0,0.0
2021-08-31 00:00:00-04:00,292.71015705794855,292.78706685723137,289.9024652133177,290.2678527832031,26285300,0.0,0.0
2021-09-01 00:00:00-04:00,291.2197911507648,293.4505570216653,289.89286956645867,290.21978759765625,18983800,0.0,0.0
2021-09-02 00:00:00-04:00,290.5755767585639,291.69093033858195,288.6332593639689,289.5659484863281,16285600,0.0,0.0
2021-09-03 00:00:00-04:00,289.4121123902904,290.96019740569926,288.7102113426839,289.5563659667969,14747900,0.0,0.0
2021-09-07 00:00:00-04:00,289.4314211233399,289.50833094869637,286.72951234837865,288.6333312988281,17180400,0.0,0.0
2021-09-08 00:00:00-04:00,288.2486568040006,289.04671710020153,286.0275156464967,288.662109375,15046800,0.0,0.0
2021-09-09 00:00:00-04:00,289.24866239641324,290.5178943078141,285.5755955060056,285.81597900390625,19927000,0.0,0.0
2021-09-10 00:00:00-04:00,286.9409832920089,288.38328426235665,284.01791177587137,284.335205078125,19633400,0.0,0.0
2021-09-13 00:00:00-04:00,286.1043745569801,287.0563129863409,282.767851049367,285.56591796875,23652900,0.0,0.0
2021-09-14 00:00:00-04:00,288.0371373862397,289.79676112846977,286.6333058908585,288.25830078125,21853400,0.0,0.0
2021-09-15 00:00:00-04:00,291.59476661194844,293.5755240081629,290.21015551156955,293.0947570800781,28356300,0.0,0.0
2021-09-16 00:00:00-04:00,292.07562999255686,293.5659962243114,289.1910274714622,293.4794616699219,19550800,0.0,0.0
2021-09-17 00:00:00-04:00,292.4698499713523,292.78714332382805,288.0083175119213,288.3352355957031,41372500,0.0,0.0
2021-09-20 00:00:00-04:00,284.93137463486613,287.22945511957835,278.38333004418814,282.9794616699219,38278700,0.0,0.0
2021-09-21 00:00:00-04:00,284.3159844038209,286.09482813249366,282.7583040538949,283.460205078125,22364100,0.0,0.0
2021-09-22 00:00:00-04:00,285.3159429755358,288.67168664091787,283.18133670640134,287.0947570800781,26626300,0.0,0.0
2021-09-23 00:00:00-04:00,287.3544589280449,289.32559200827507,286.08522692976766,288.0371398925781,18604600,0.0,0.0
2021-09-24 00:00:00-04:00,286.75820049672654,288.26778607600784,285.50818910413636,287.8351135253906,14999000,0.0,0.0
2021-09-27 00:00:00-04:00,284.7486847699523,285.0659780697312,281.67176431973326,282.8544616699219,23571700,0.0,0.0
2021-09-28 00:00:00-04:00,278.65250629111523,279.5948200559048,271.8737041842086,272.61407470703125,43186200,0.0,0.0
2021-09-29 00:00:00-04:00,274.1333156978042,275.73906084869554,272.123713405147,273.07562255859375,26353700,0.0,0.0
2021-09-30 00:00:00-04:00,274.71981454324316,276.7582615099041,270.7871448115844,271.07562255859375,32343600,0.0,0.0
2021-10-01 00:00:00-04:00,271.2679145751983,278.82558560260657,270.4698544217859,277.97943115234375,30086300,0.0,0.0
2021-10-04 00:00:00-04:00,276.3448682644361,276.6814110362589,269.4699059701531,272.2198791503906,31350700,0.0,0.0
2021-10-05 00:00:00-04:00,273.1237412861691,279.22948850924683,273.1237412861691,277.652587890625,24993000,0.0,0.0
2021-10-06 00:00:00-04:00,274.78714430445336,282.3351909458261,274.52754072695535,281.8351745605469,28002600,0.0,0.0
2021-10-07 00:00:00-04:00,283.825594084445,285.22945482720434,282.6140812194665,283.50830078125,20430500,0.0,0.0
2021-10-08 00:00:00-04:00,284.82559764308587,285.22945482720434,282.46023226093035,283.50830078125,17685700,0.0,0.0
2021-10-11 00:00:00-04:00,281.6525631685585,286.50829832033395,281.489089470964,282.91217041015625,19298600,0.0,0.0
2021-10-12 00:00:00-04:00,283.9794400643769,284.0755993304145,281.10446287508915,281.61407470703125,17974100,0.0,0.0
2021-10-13 00:00:00-04:00,283.56602852194857,285.8448596726452,282.2006371715357,284.91217041015625,23416300,0.0,0.0
2021-10-14 00:00:00-04:00,287.70062258890977,291.6044488603404,286.37370077714104,291.1044616699219,27262900,0.0,0.0
2021-10-15 00:00:00-04:00,290.7102062536316,292.73905839342854,288.9602072094581,292.5082702636719,25384800,0.0,0.0
2021-10-18 00:00:00-04:00,291.8929101341572,296.3544130437195,291.04675544173375,295.4698181152344,22729300,0.0,0.0
2021-10-19 00:00:00-04:00,296.489006090617,297.40244575766764,295.4024680074294,296.3736267089844,17682100,0.0,0.0
2021-10-20 00:00:00-04:00,297.31598543961144,297.7871571571462,294.33522351404,295.5852355957031,16537100,0.0,0.0
2021-10-21 00:00:00-04:00,295.3544316768825,299.0563143524255,294.5755620879851,298.80633544921875,16918100,0.0,0.0
2021-10-22 00:00:00-04:00,298.46011490450775,299.1235756390308,295.960120910737,297.267822265625,17449300,0.0,0.0
2021-10-25 00:00:00-04:00,297.460041901067,297.4985114640757,294.67160012835103,296.2773742675781,17554500,0.0,0.0
2021-10-26 00:00:00-04:00,299.03708430610516,300.3832260837612,296.7294084953105,298.1813049316406,28107300,0.0,0.0
2021-10-27 00:00:00-04:00,303.8447410132644,313.55624018654,303.8447410132644,310.73895263671875,52588700,0.0,0.0
2021-10-28 00:00:00-04:00,311.8543467291355,312.37358336767323,308.9985892327168,311.87359619140625,26297900,0.0,0.0
2021-10-29 00:00:00-04:00,311.6620413582326,319.2293097590361,311.4408779594298,318.8639221191406,34766000,0.0,0.0
2021-11-01 00:00:00-04:00,318.61388266615893,318.73888677742633,313.81583753903345,316.700439453125,27073200,0.0,0.0
2021-11-02 00:00:00-04:00,317.60426323174084,320.6234937918966,317.3061900673543,320.3157958984375,26487100,0.0,0.0
2021-11-03 00:00:00-04:00,321.05615397648955,322.0176878484429,317.9311688926411,321.1523132324219,21500100,0.0,0.0
2021-11-04 00:00:00-04:00,320.08507064099814,323.59466390839987,316.83508099254163,323.4985046386719,23992200,0.0,0.0
2021-11-05 00:00:00-04:00,325.4889184823601,325.75814685735793,321.55624752371233,323.1331481933594,22570100,0.0,0.0
2021-11-08 00:00:00-05:00,324.3254169521455,324.661959731768,321.5754437081741,324.02734375,20897000,0.0,0.0
2021-11-09 00:00:00-05:00,324.14263606886954,325.69072070181716,321.6618918462256,323.02728271484375,21307400,0.0,0.0
2021-11-10 00:00:00-05:00,321.7004414585655,321.75813115179415,317.22931417120816,318.075439453125,25500900,0.0,0.0
2021-11-11 00:00:00-05:00,318.50812767039145,320.9311827118845,317.7966019223306,319.6427307128906,16849800,0.0,0.0
2021-11-12 00:00:00-05:00,321.07538671393917,324.2580613168727,320.9503826221052,323.7676696777344,23831000,0.0,0.0
2021-11-15 00:00:00-05:00,324.5562174839805,324.8831355458123,321.18122351578705,323.14276123046875,16723000,0.0,0.0
2021-11-16 00:00:00-05:00,322.7677173822912,327.5657918667416,322.60427303916015,326.4504089355469,20886800,0.0,0.0
2021-11-17 00:00:00-05:00,326.498489337903,329.62919118101644,325.5929916837979,326.671875,19053400,0.62,0.0
2021-11-18 00:00:00-05:00,325.76640921041985,329.879689002484,324.74532101503996,328.74298095703125,22463500,0.0,0.0
2021-11-19 00:00:00-05:00,330.0628138404935,332.4325070081749,329.63896245799737,330.5155334472656,21963400,0.0,0.0
2021-11-22 00:00:00-05:00,331.9700164889101,336.83466359463443,327.086114106962,327.3558349609375,31031100,0.0,0.0
2021-11-23 00:00:00-05:00,324.67797163532214,326.9898989068096,321.31608766747587,325.28485107421875,30427600,0.0,0.0
2021-11-24 00:00:00-05:00,323.9361753313232,325.74717091105794,321.65317557932343,325.50634765625,21661300,0.0,0.0
2021-11-26 00:00:00-05:00,322.07708333440075,325.5256600131003,316.0757561892276,317.5784912109375,24217200,0.0,0.0
2021-11-29 00:00:00-05:00,322.6453479674589,326.58521266563037,322.4526776155602,324.2733154296875,28563500,0.0,0.0
2021-11-30 00:00:00-05:00,323.0114962502423,325.3811893890692,316.9138335793029,318.4551086425781,42885600,0.0,0.0
2021-12-01 00:00:00-05:00,322.82845444512645,326.82611534101443,317.29916089070014,317.96380615234375,33337600,0.0,0.0
2021-12-02 00:00:00-05:00,318.1757424602907,321.2486502191634,315.76750938263973,317.3954772949219,30766000,0.0,0.0
2021-12-03 00:00:00-05:00,319.8036423557392,320.48760157043654,306.3560799414712,311.1532897949219,41779300,0.0,0.0
2021-12-06 00:00:00-05:00,312.05881608344686,315.43034198292435,307.512071408828,314.2165832519531,30032600,0.0,0.0
2021-12-07 00:00:00-05:00,319.46652904482426,323.4738023613807,317.9830494801912,322.6261291503906,31021900,0.0,0.0
2021-12-08 00:00:00-05:00,323.00180200991804,323.184830047875,318.65734078900067,322.6742858886719,24761000,0.0,0.0
2021-12-09 00:00:00-05:00,322.13489763920364,324.1385346542755,319.9289478765384,320.87298583984375,22214200,0.0,0.0
2021-12-10 00:00:00-05:00,322.68390724843727,330.40950670555475,322.50087922237924,329.9664001464844,38095700,0.0,0.0
2021-12-13 00:00:00-05:00,328.17463366758005,331.1704900151728,326.63335907507167,326.9416198730469,28899400,0.0,0.0
2021-12-14 00:00:00-05:00,320.9885338086704,322.3564229704473,312.2129182210804,316.28765869140625,44438700,0.0,0.0
2021-12-15 00:00:00-05:00,316.54775928331173,322.88624490056276,312.5886384053127,322.3660583496094,35381100,0.0,0.0
2021-12-16 00:00:00-05:00,323.38713456911813,324.3986100132093,311.16294216598374,312.97393798828125,35034800,0.0,0.0
2021-12-17 00:00:00-05:00,309.1015373797269,312.9932502732076,305.6047782395522,311.9143371582031,47750300,0.0,0.0
2021-12-20 00:00:00-05:00,308.3020210736538,310.9510777532028,305.9130724096926,308.16717529296875,28326500,0.0,0.0
2021-12-21 00:00:00-05:00,311.42304210587787,315.7000659257097,308.06112911488344,315.2762145996094,24740600,0.0,0.0
2021-12-22 00:00:00-05:00,316.2491091479911,321.3641930953662,313.7927235316347,320.9692687988281,24831500,0.0,0.0
2021-12-23 00:00:00-05:00,320.5357805584728,324.04218156998655,320.5165252794348,322.4045715332031,19617800,0.0,0.0
2021-12-27 00:00:00-05:00,323.14623175015856,329.9085668008936,323.1173341387181,329.8796691894531,19947000,0.0,0.0
2021-12-28 00:00:00-05:00,330.5540364945737,331.18981349731865,327.827929831812,328.7237854003906,15661500,0.0,0.0
2021-12-29 00:00:00-05:00,328.7719682057402,331.6618479007126,327.21143787403537,329.39813232421875,15042000,0.0,0.0
2021-12-30 00:00:00-05:00,329.3595803926416,330.53479926844375,326.38300794269304,326.8646545410156,15994500,0.0,0.0
2021-12-31 00:00:00-05:00,326.08434561446063,326.90312120375734,323.5219825277928,323.9747314453125,18000800,0.0,0.0
2022-01-03 00:00:00-05:00,323.0402924329226,325.59301283753035,317.67474371629686,322.4623107910156,28865100,0.0,0.0
2022-01-04 00:00:00-05:00,322.5394495565749,322.895892734741,314.14917400711465,316.93310546875,32674300,0.0,0.0
2022-01-05 00:00:00-05:00,313.89866197929246,314.1009746877151,304.3813512536725,304.76666259765625,40054300,0.0,0.0
2022-01-06 00:00:00-05:00,301.65524488813156,307.0015395240339,300.0561747269668,302.35845947265625,39646100,0.0,0.0
2022-01-07 00:00:00-05:00,302.61852137240913,304.88226603603744,298.7075537396608,302.5125732421875,32720000,0.0,0.0
2022-01-10 00:00:00-05:00,298.1295606763108,303.16759397911807,293.50576573261736,302.7341003417969,44289500,0.0,0.0
2022-01-11 00:00:00-05:00,301.8768158812795,304.9882339809429,298.5149321522782,303.4180908203125,29386800,0.0,0.0
2022-01-12 00:00:00-05:00,307.93585280974463,311.53855883141136,305.44089834095706,306.58721923828125,34372200,0.0,0.0
2022-01-13 00:00:00-05:00,308.7065406516053,309.1014943499301,292.84110213316677,293.6117248535156,45366000,0.0,0.0
2022-01-14 00:00:00-05:00,293.08196170663894,299.4108052070794,292.6003150974251,298.8135681152344,39846400,0.0,0.0
2022-01-18 00:00:00-05:00,292.90850788347245,298.4281579274619,290.66401874383354,291.5406188964844,42333200,0.0,0.0
2022-01-19 00:00:00-05:00,295.0469857795678,302.3872728547548,291.58876785242654,292.19561767578125,45933900,0.0,0.0
2022-01-20 00:00:00-05:00,297.7249746936836,300.2102576999121,290.08606825576,290.5291748046875,35380700,0.0,0.0
2022-01-21 00:00:00-05:00,291.57917037846426,292.9470300221771,284.7590392453866,285.16363525390625,57984400,0.0,0.0
2022-01-24 00:00:00-05:00,281.47417426317253,286.2039161480979,265.91697167463366,285.4910888671875,85731500,0.0,0.0
2022-01-25 00:00:00-05:00,280.8192289411712,284.1618575908213,274.7023405114224,277.90045166015625,72848600,0.0,0.0
2022-01-26 00:00:00-05:00,296.6846403493407,297.17592925056107,282.27378342148563,285.8186950683594,90428900,0.0,0.0
2022-01-27 00:00:00-05:00,291.55029488282537,296.019959606394,286.9939079100606,288.83380126953125,53481300,0.0,0.0
2022-01-28 00:00:00-05:00,289.2095201733317,297.1566888577396,283.64168680427184,296.94476318359375,49743700,0.0,0.0
2022-01-31 00:00:00-05:00,297.6094269927924,300.91351540352434,295.124114232146,299.5649108886719,46444500,0.0,0.0
2022-02-01 00:00:00-05:00,299.01581936187534,299.2277450230752,293.9296328904505,297.4263916015625,40950400,0.0,0.0
2022-02-02 00:00:00-05:00,298.26445765509385,303.5529275513087,297.54198780490606,301.953857421875,36636000,0.0,0.0
2022-02-03 00:00:00-05:00,298.12954152402045,299.80569133626227,288.9493603987936,290.1920166015625,43730000,0.0,0.0
2022-02-04 00:00:00-05:00,289.1901897878569,297.4648733158477,288.95900886982764,294.7098693847656,35096500,0.0,0.0
2022-02-07 00:00:00-05:00,294.9314984801919,296.54018169712276,288.8916311687313,289.9031066894531,28533300,0.0,0.0
2022-02-08 00:00:00-05:00,290.192026095255,294.343816714322,288.9397569117174,293.3805236816406,32421200,0.0,0.0
2022-02-09 00:00:00-05:00,298.4956591456946,300.4800407856737,296.1067108242928,299.7864685058594,31284700,0.0,0.0
2022-02-10 00:00:00-05:00,292.8797100919523,297.77322723687223,289.66231392152343,291.2806396484375,45386200,0.0,0.0
2022-02-11 00:00:00-05:00,292.06085534207085,293.12048369685596,283.4201145266006,284.21002197265625,39175600,0.0,0.0
2022-02-14 00:00:00-05:00,282.98655633734126,285.86682221750584,280.6554038855894,284.1714172363281,36359500,0.0,0.0
2022-02-15 00:00:00-05:00,288.99759771206277,289.75857816176847,286.11733109996294,289.4407043457031,27058300,0.0,0.0
2022-02-16 00:00:00-05:00,288.01212832988404,290.42534122866067,283.4849385751259,289.1029052734375,29982100,0.62,0.0
2022-02-17 00:00:00-05:00,286.0718591090062,286.4965868814694,279.9326604203937,280.6373291015625,32461600,0.0,0.0
2022-02-18 00:00:00-05:00,282.87676387601726,283.65864238707985,276.3707522552186,277.93450927734375,34264000,0.0,0.0
2022-02-22 00:00:00-05:00,275.10623504920284,281.41920742809083,274.6235925315727,277.7318115234375,41736100,0.0,0.0
2022-02-23 00:00:00-05:00,280.1064459602223,281.5736982844178,270.37638432486085,270.54046630859375,37811200,0.0,0.0
2022-02-24 00:00:00-05:00,263.0497467023612,284.91343957149485,262.09409480445356,284.36322021484375,56989700,0.0,0.0
2022-02-25 00:00:00-05:00,284.8942092758671,287.2977593325136,281.52534482802724,286.9888610839844,32546700,0.0,0.0
2022-02-28 00:00:00-05:00,284.0930236175549,288.7553666251348,282.8285026347826,288.4175109863281,34627500,0.0,0.0
2022-03-01 00:00:00-05:00,286.11036896705997,289.5564422929051,282.00790913862056,284.7107238769531,31217800,0.0,0.0
2022-03-02 00:00:00-05:00,285.10651756719705,291.00442328606925,283.504170648304,289.76885986328125,31873000,0.0,0.0
2022-03-03 00:00:00-05:00,292.3752247583277,292.6068837610077,283.8420783562013,285.6471862792969,27314500,0.0,0.0
2022-03-04 00:00:00-05:00,284.07372012763096,285.3961558141852,277.20089590151974,279.7974853515625,32356500,0.0,0.0
2022-03-07 00:00:00-05:00,278.5136040383842,279.63333786848386,268.8607566666478,269.2275695800781,43157200,0.0,0.0
2022-03-08 00:00:00-05:00,268.1561834951562,274.10234312414246,260.6269716528933,266.2738952636719,48159500,0.0,0.0
2022-03-09 00:00:00-05:00,273.6003711570887,279.5465300399745,271.03270963096804,278.4847106933594,35204500,0.0,0.0
2022-03-10 00:00:00-05:00,273.1949308694663,276.65066742284495,270.83963327856327,275.67572021484375,30628000,0.0,0.0
2022-03-11 00:00:00-05:00,277.9634022977425,279.4596114101484,269.7295241457534,270.3473205566406,27209300,0.0,0.0
2022-03-14 00:00:00-04:00,270.6080202895737,275.4923605188957,266.2449422604004,266.8434143066406,30660700,0.0,0.0
2022-03-15 00:00:00-04:00,270.6176832217213,277.8283640849266,269.05392607565614,277.1816101074219,34245100,0.0,0.0
2022-03-16 00:00:00-04:00,279.07346468655453,284.34394072120614,273.3686576400486,284.1701965332031,37826300,0.0,0.0
2022-03-17 00:00:00-04:00,283.1083819524722,285.34782025844737,279.32445264555935,284.97137451171875,30816600,0.0,0.0
2022-03-18 00:00:00-04:00,285.11620984529543,290.55076880569743,282.56787290557435,290.00054931640625,43390600,0.0,0.0
2022-03-21 00:00:00-04:00,288.51395039330725,289.72055623598095,284.66244451195047,288.7745666503906,28351200,0.0,0.0
2022-03-22 00:00:00-04:00,289.3924537893616,294.4119479641465,288.39821134013704,293.50457763671875,27599700,0.0,0.0
2022-03-23 00:00:00-04:00,290.0777490123799,292.70332488596847,287.3845961318238,289.0931396484375,25715400,0.0,0.0
2022-03-24 00:00:00-04:00,288.7553468713274,293.6396862396896,287.96380616213776,293.54315185546875,24484500,0.0,0.0
2022-03-25 00:00:00-04:00,294.63390450047564,294.89452080427003,288.90011015175327,293.1376953125,22566500,0.0,0.0
2022-03-28 00:00:00-04:00,293.7650826044952,300.0104758516694,293.7650826044952,299.9139709472656,29578200,0.0,0.0
2022-03-29 00:00:00-04:00,303.01258292097964,304.8562805932184,298.3212830440557,304.46051025390625,30393400,0.0,0.0
2022-03-30 00:00:00-04:00,302.86782002120697,304.9817964510435,300.76347640947125,302.9643249511719,28163600,0.0,0.0
2022-03-31 00:00:00-04:00,303.00296492746145,304.1999383958244,297.2016219305857,297.6070251464844,33422100,0.0,0.0
2022-04-01 00:00:00-04:00,298.6301543643232,299.3637802401649,294.933126535701,298.6784362792969,27110500,0.0,0.0
2022-04-04 00:00:00-04:00,299.3251718788428,304.17089116064096,298.9583589270999,304.0357666015625,24289600,0.0,0.0
2022-04-05 00:00:00-04:00,302.3947841023135,303.93924580373067,299.11282139815006,300.0877685546875,23156700,0.0,0.0
2022-04-06 00:00:00-04:00,294.59538018770627,296.34254396976735,286.40975143011656,289.1029052734375,40110400,0.0,0.0
2022-04-07 00:00:00-04:00,286.3614444787001,293.10877703347046,286.06220849283096,290.9079284667969,31411200,0.0,0.0
2022-04-08 00:00:00-04:00,290.01015328183416,290.6665398433151,285.99456517806084,286.6606140136719,24361900,0.0,0.0
2022-04-11 00:00:00-04:00,281.66058054967533,282.4520920361288,275.10628570511585,275.3572692871094,34569300,0.0,0.0
2022-04-12 00:00:00-04:00,279.1990504337595,280.64697807098315,270.75280588328843,272.268310546875,30966700,0.0,0.0
2022-04-13 00:00:00-04:00,272.914995798149,278.5618885948695,271.5346160767129,277.6352233886719,21907200,0.0,0.0
2022-04-14 00:00:00-04:00,278.0888929332903,278.3012567664223,269.6233558898287,270.1156311035156,28221600,0.0,0.0
2022-04-18 00:00:00-04:00,269.2277042520866,272.65445499990767,268.67748460671237,270.78179931640625,20778000,0.0,0.0
2022-04-19 00:00:00-04:00,269.6812523357036,276.23554389473173,268.7449249701281,275.3957214355469,22297700,0.0,0.0
2022-04-20 00:00:00-04:00,279.35345023812204,279.6430533893089,275.4633531849248,276.4189758300781,22906700,0.0,0.0
2022-04-21 00:00:00-04:00,278.5619611641617,283.1181080139608,270.3377427180526,271.06170654296875,29454600,0.0,0.0
2022-04-22 00:00:00-04:00,271.90148401826906,273.3687361378023,263.8896299394481,264.5170593261719,29405800,0.0,0.0
2022-04-25 00:00:00-04:00,263.8027323682706,271.351238292918,261.3701954398088,270.97479248046875,35678900,0.0,0.0
2022-04-26 00:00:00-04:00,267.86659887115906,268.6967298664818,260.62696106383044,260.8393249511719,46518400,0.0,0.0
2022-04-27 00:00:00-04:00,272.30691647120665,280.8689900877158,269.4689760886624,273.3880310058594,63477700,0.0,0.0
2022-04-28 00:00:00-04:00,275.28957261335694,280.8785798159734,271.6890497286869,279.575439453125,33646600,0.0,0.0
2022-04-29 00:00:00-04:00,278.5909341142436,279.81686511286546,266.90134504097585,267.88592529296875,37073900,0.0,0.0
2022-05-02 00:00:00-04:00,268.06926895596354,275.0482895864189,266.63100384066234,274.5946044921875,35151100,0.0,0.0
2022-05-03 00:00:00-04:00,274.10233066665234,274.26644208441866,270.4245970349058,271.9980163574219,25978600,0.0,0.0
2022-05-04 00:00:00-04:00,272.77991990061037,280.78214183402685,267.1233632088205,279.91339111328125,33599300,0.0,0.0
2022-05-05 00:00:00-04:00,275.62748829742554,276.4093667940325,264.8162844690875,267.7218017578125,43260400,0.0,0.0
2022-05-06 00:00:00-04:00,265.26995885904273,269.55582646003774,261.8528418348636,265.1927490234375,37780300,0.0,0.0
2022-05-09 00:00:00-04:00,260.68480600302837,262.90494921949755,254.17879599564424,255.39503479003906,47726000,0.0,0.0
2022-05-10 00:00:00-04:00,262.2582942158993,264.24677903665463,255.86811198044657,260.1443176269531,39336400,0.0,0.0
2022-05-11 00:00:00-04:00,256.45689072291424,261.93970200384274,250.298368214071,251.50497436523438,48975900,0.0,0.0
2022-05-12 00:00:00-04:00,248.7442826712676,250.8582590815856,241.3405488261486,246.4855194091797,51033800,0.0,0.0
2022-05-13 00:00:00-04:00,248.4161076104666,253.9085817712002,246.4855375563082,252.0552215576172,34925100,0.0,0.0
2022-05-16 00:00:00-04:00,250.9354804390881,256.59206585930104,246.90059620764168,252.42202758789062,32550900,0.0,0.0
2022-05-17 00:00:00-04:00,256.87193855498094,259.0148721108303,253.34865472681068,257.55731201171875,28828800,0.0,0.0
2022-05-18 00:00:00-04:00,254.4612355715473,255.04176140596195,244.56337491481253,245.83084106445312,31356000,0.62,0.0
2022-05-19 00:00:00-04:00,245.65666082139012,249.30427969315693,243.70225448849024,244.9213409423828,32692300,0.0,0.0
2022-05-20 00:00:00-04:00,248.88824756705642,250.14605852725083,238.43890011882908,244.36019897460938,39199300,0.0,0.0
2022-05-23 00:00:00-04:00,247.19504035705393,253.0099090514097,245.20190974301659,252.1875,33175400,0.0,0.0
2022-05-24 00:00:00-04:00,249.51715021234446,252.84543724359756,245.26966530696015,251.1909637451172,29043900,0.0,0.0
2022-05-25 00:00:00-04:00,249.75905520569623,255.9899423675997,248.78183714380614,253.996826171875,28547900,0.0,0.0
2022-05-26 00:00:00-04:00,253.75487915760345,258.43773551666885,252.94215494918038,257.26702880859375,25002100,0.0,0.0
2022-05-27 00:00:00-04:00,259.7632762741946,264.4654725864212,258.8731329025277,264.36871337890625,26910800,0.0,0.0
2022-05-31 00:00:00-04:00,263.68184944791426,265.84911459447005,260.1987236575402,263.04327392578125,37827700,0.0,0.0
2022-06-01 00:00:00-04:00,266.26511923779674,268.674267192914,261.27264493032675,263.57537841796875,25292200,0.0,0.0
2022-06-02 00:00:00-04:00,255.86410740259439,265.7329260451573,253.10663251468594,265.6651916503906,44008200,0.0,0.0
2022-06-03 00:00:00-04:00,261.53385823484007,264.571926206195,259.6955513321792,261.2532653808594,28059000,0.0,0.0
2022-06-06 00:00:00-04:00,263.2271303095513,265.27829636106657,258.5442722702789,260.02459716796875,22400300,0.0,0.0
2022-06-07 00:00:00-04:00,257.98310089876895,264.26238275252354,257.3058157580708,263.65283203125,22860700,0.0,0.0
2022-06-08 00:00:00-04:00,262.88845771552224,264.1365839069745,260.8566319339603,261.63067626953125,17372300,0.0,0.0
2022-06-09 00:00:00-04:00,259.0859990893106,263.8559299419898,256.0382758855006,256.1930847167969,26439700,0.0,0.0
2022-06-10 00:00:00-04:00,252.11978854806873,252.11978854806873,244.33115809000796,244.77622985839844,31422800,0.0,0.0
2022-06-13 00:00:00-04:00,237.1520369876546,240.9350949240482,233.6882667435192,234.39456176757812,46135800,0.0,0.0
2022-06-14 00:00:00-04:00,235.94263445006774,237.76160149558388,233.6689256431726,236.55218505859375,28651500,0.0,0.0
2022-06-15 00:00:00-04:00,240.24814951336052,247.01121141715927,238.41951248541616,243.5861358642578,33111700,0.0,0.0
2022-06-16 00:00:00-04:00,237.99383539165407,239.38708569637893,235.12994511050752,237.01663208007812,33169200,0.0,0.0
2022-06-17 00:00:00-04:00,236.75536866492723,242.36706412018737,236.10712319916604,239.60958862304688,43084800,0.0,0.0
2022-06-21 00:00:00-04:00,242.13486575130284,246.47909535720655,241.40921581403924,245.50189208984375,29928300,0.0,0.0
2022-06-22 00:00:00-04:00,243.71190528540944,248.8204934956348,242.24125087999028,244.91165161132812,25939900,0.0,0.0
2022-06-23 00:00:00-04:00,247.27243437521878,250.94904823926845,245.39541785280727,250.45559692382812,25861400,0.0,0.0
2022-06-24 00:00:00-04:00,253.3098818853851,259.2795751254641,253.22280743470034,259.0086669921875,33923200,0.0,0.0
2022-06-27 00:00:00-04:00,259.50204339521724,259.58911783064,254.73211231864522,256.28985595703125,24615100,0.0,0.0
2022-06-28 00:00:00-04:00,255.40940681520112,258.2442718055391,247.99809948086303,248.1529083251953,27295500,0.0,0.0
2022-06-29 00:00:00-04:00,249.22689953422443,253.4647001181268,247.4563118212705,251.8102264404297,20069800,0.0,0.0
2022-06-30 00:00:00-04:00,248.70438985080898,251.10388274506582,244.68913309560924,248.4915313720703,31730900,0.0,0.0
2022-07-01 00:00:00-04:00,248.06584848912598,251.33608586530872,246.3436258304713,251.15225219726562,22837700,0.0,0.0
2022-07-05 00:00:00-04:00,247.84324228656763,254.44182404596717,246.46934727875595,254.3160400390625,22941000,0.0,0.0
2022-07-06 00:00:00-04:00,255.186953560111,259.289286037968,253.88077746591685,257.56707763671875,23824400,0.0,0.0
2022-07-07 00:00:00-04:00,256.5124052718838,260.32448856109585,256.4156460435075,259.6859130859375,20859900,0.0,0.0
2022-07-08 00:00:00-04:00,256.1930944319359,259.395626588486,254.74179480110894,258.96990966796875,19658800,0.0,0.0
2022-07-11 00:00:00-04:00,257.0252138128929,257.8766478364502,253.66787209945863,255.9222412109375,19455200,0.0,0.0
2022-07-12 00:00:00-04:00,257.2477138444937,257.3057634702687,243.8570440782721,245.4341278076172,35868500,0.0,0.0
2022-07-13 00:00:00-04:00,242.06714149558593,245.31805374321544,240.05467060292142,244.51499938964844,29497400,0.0,0.0
2022-07-14 00:00:00-04:00,242.4348047942675,246.85642391031848,237.95512128406688,245.83084106445312,25102800,0.0,0.0
2022-07-15 00:00:00-04:00,247.41756820782146,251.91659126646923,246.4984147054872,248.38510131835938,29774100,0.0,0.0
2022-07-18 00:00:00-04:00,251.31676372876913,252.37137143662238,245.0761771682584,245.99533081054688,20975000,0.0,0.0
2022-07-19 00:00:00-04:00,249.2171954923263,251.2877307699049,245.44382181429663,251.10389709472656,25012600,0.0,0.0
2022-07-20 00:00:00-04:00,251.46183420449947,256.2704746520032,250.5039859319842,253.7548828125,22788300,0.0,0.0
2022-07-21 00:00:00-04:00,251.35539494275176,256.28981892441135,248.68499453524507,256.2414245605469,22404700,0.0,0.0
2022-07-22 00:00:00-04:00,256.6285656936456,256.7156401619041,250.65890077551404,251.90699768066406,21881300,0.0,0.0
2022-07-25 00:00:00-04:00,252.52614987417672,253.00991644481692,248.47218365007052,250.4265899658203,21056000,0.0,0.0
2022-07-26 00:00:00-04:00,251.4231750195412,251.4425445815862,241.46727918195788,243.72161865234375,39348000,0.0,0.0
2022-07-27 00:00:00-04:00,252.68097341491003,261.28232818719346,250.4459740907152,260.0148620605469,45994000,0.0,0.0
2022-07-28 00:00:00-04:00,260.9920476929204,268.81938674780196,259.17308078267786,267.4358215332031,33459300,0.0,0.0
2022-07-29 00:00:00-04:00,268.6839646557535,272.8443453449876,267.64869711004144,271.625244140625,32152800,0.0,0.0
2022-08-01 00:00:00-04:00,268.80011406095605,272.1477710808105,266.8843874576311,268.98394775390625,21539600,0.0,0.0
2022-08-02 00:00:00-04:00,267.0391429404589,268.8677947225736,263.53667774646465,265.8974609375,22754200,0.0,0.0
2022-08-03 00:00:00-04:00,267.77443670567607,274.29559953530566,267.62928313742134,273.2990417480469,23518900,0.0,0.0
2022-08-04 00:00:00-04:00,272.65082319177765,274.58588944445677,271.0737689983291,274.4407653808594,18098700,0.0,0.0
2022-08-05 00:00:00-04:00,270.08685858100347,274.4407575248996,269.63211684357026,273.72479248046875,16774600,0.0,0.0
2022-08-08 00:00:00-04:00,274.8277823787597,276.63709419104765,270.25136942756865,271.2189025878906,18739200,0.0,0.0
2022-08-09 00:00:00-04:00,270.5610006852255,273.8892877589125,268.5968799256363,273.1346130371094,23405200,0.0,0.0
2022-08-10 00:00:00-04:00,278.8140023481959,280.4007411412907,277.62392610830153,279.7718505859375,24687800,0.0,0.0
2022-08-11 00:00:00-04:00,281.4070853415443,281.7553831803719,277.2079940772859,277.701416015625,20065900,0.0,0.0
2022-08-12 00:00:00-04:00,279.1139854304459,282.4326171875,277.62397604955174,282.4326171875,22619700,0.0,0.0
2022-08-15 00:00:00-04:00,281.55220801909235,284.62895702029766,280.69108915504796,283.9420166015625,18085700,0.0,0.0
2022-08-16 00:00:00-04:00,282.5100398793754,284.49350086788803,280.9910350330185,283.2066650390625,18102900,0.0,0.0
2022-08-17 00:00:00-04:00,280.9280886741136,284.42831264174936,280.6663108728771,282.4600524902344,18253400,0.62,0.0
2022-08-18 00:00:00-04:00,281.36441282325103,283.0321034033775,280.2881560238518,281.34503173828125,17186200,0.0,0.0
2022-08-19 00:00:00-04:00,280.1136602196925,280.45302156557796,276.87524340040335,277.4472961425781,20570000,0.0,0.0
2022-08-22 00:00:00-04:00,273.50106320350113,273.869510964488,268.7888850126345,269.3027648925781,25061100,0.0,0.0
2022-08-23 00:00:00-04:00,268.0325927734375,270.3789763942887,267.0242141584032,268.0325927734375,17527400,0.0,0.0
2022-08-24 00:00:00-04:00,267.0339265183886,268.79858174374715,266.74303270034477,267.4023742675781,18137000,0.0,0.0
2022-08-25 00:00:00-04:00,268.89550229541334,270.5341064037505,266.170965672793,270.3692932128906,16583400,0.0,0.0
2022-08-26 00:00:00-04:00,270.5922729736932,271.8139618186625,259.8298830917029,259.9365234375,27549300,0.0,0.0
2022-08-29 00:00:00-04:00,257.76465225492166,259.2674999332414,255.82547868834627,257.16351318359375,20338500,0.0,0.0
2022-08-30 00:00:00-04:00,258.5597272905954,258.928145422764,252.7325011017951,254.9722442626953,22767100,0.0,0.0
2022-08-31 00:00:00-04:00,257.3186304361295,258.98629116671384,253.38208118247084,253.51783752441406,24791800,0.0,0.0
2022-09-01 00:00:00-04:00,250.9969258611679,252.9555101006961,247.64216387595837,252.4803924560547,23263400,0.0,0.0
2022-09-02 00:00:00-04:00,253.7408837951921,256.68840643713196,246.7307604021961,248.27239990234375,22855400,0.0,0.0
2022-09-06 00:00:00-04:00,248.40814439377215,249.98854598700117,244.27769525029933,245.5478515625,21328200,0.0,0.0
2022-09-07 00:00:00-04:00,246.953747797965,250.95813110475615,245.51876351834204,250.2406463623047,24126700,0.0,0.0
2022-09-08 00:00:00-04:00,249.6783301329259,252.5095072886724,247.04103780727314,250.6575927734375,20319900,0.0,0.0
2022-09-09 00:00:00-04:00,252.57731537389688,257.1634707543798,252.37371046804242,256.4168701171875,22084700,0.0,0.0
2022-09-12 00:00:00-04:00,257.69677794091064,259.31600091262334,257.09563886057305,258.5403137207031,18747700,0.0,0.0
2022-09-13 00:00:00-04:00,250.96783227417103,252.48038524578442,243.9383282959198,244.326171875,33353300,0.0,0.0
2022-09-14 00:00:00-04:00,245.8193507310912,246.49805856116708,242.26096879830945,244.5491943359375,23913000,0.0,0.0
2022-09-15 00:00:00-04:00,242.1737066610615,243.75412313348235,236.5985823888046,237.91722106933594,31530900,0.0,0.0
2022-09-16 00:00:00-04:00,236.83129478142976,237.83967345913706,234.69820652512584,237.2967071533203,39791800,0.0,0.0
2022-09-19 00:00:00-04:00,235.09573320886867,237.68452841666505,233.52500718935042,237.08338928222656,26826900,0.0,0.0
2022-09-20 00:00:00-04:00,234.7079067620096,236.10409946317117,232.35180291402574,235.0763397216797,26660300,0.0,0.0
2022-09-21 00:00:00-04:00,236.84097880590735,240.12787756364517,231.634287475008,231.68276977539062,28625600,0.0,0.0
2022-09-22 00:00:00-04:00,230.6356309055808,236.44346175605514,230.3447666716902,233.6510467529297,31061200,0.0,0.0
2022-09-23 00:00:00-04:00,232.2548385862269,233.79649299504186,228.0468350078117,230.68411254882812,34176000,0.0,0.0
2022-09-26 00:00:00-04:00,229.84057996737735,234.10675645335732,229.69513305404854,230.22840881347656,27694200,0.0,0.0
2022-09-27 00:00:00-04:00,232.68144911431068,234.44610429031408,227.36811729613822,229.22003173828125,27018700,0.0,0.0
2022-09-28 00:00:00-04:00,229.60787725874428,234.96000122532365,227.5911346801097,233.7383270263672,29029700,0.0,0.0
2022-09-29 00:00:00-04:00,231.6246111693645,232.6523709038743,227.28086605201818,230.27688598632812,27484200,0.0,0.0
2022-09-30 00:00:00-04:00,231.0428450141116,233.224415436406,225.65194447106404,225.8167724609375,35694800,0.0,0.0
2022-10-03 00:00:00-04:00,228.25043546623195,234.26187075492425,227.52324535563076,233.4183349609375,28880400,0.0,0.0
2022-10-04 00:00:00-04:00,237.63601834790978,242.74574477777827,237.5293632112238,241.31076049804688,34888400,0.0,0.0
2022-10-05 00:00:00-04:00,238.50866730601555,242.95906726147314,236.67614880702004,241.62103271484375,20347100,0.0,0.0
2022-10-06 00:00:00-04:00,240.38967602221575,242.72638403117548,238.59594911161383,239.2843475341797,20239900,0.0,0.0
2022-10-07 00:00:00-04:00,233.5734806664739,233.98072018796898,226.07857799580754,227.1160430908203,37769600,0.0,0.0
2022-10-10 00:00:00-04:00,225.962219258619,227.4262900818972,219.83442324055144,222.2777862548828,29743600,0.0,0.0
2022-10-11 00:00:00-04:00,220.69737480208315,222.09358236444308,217.29412996487275,218.55459594726562,30474000,0.0,0.0
2022-10-12 00:00:00-04:00,218.54485501658382,220.9300450129457,217.14866247633316,218.88421630859375,21903900,0.0,0.0
2022-10-13 00:00:00-04:00,213.16368804977824,228.91947533494175,212.465584291104,227.1160430908203,42551800,0.0,0.0
2022-10-14 00:00:00-04:00,228.3764766144597,230.02478606979594,221.3954543611521,221.6087646484375,30198600,0.0,0.0
2022-10-17 00:00:00-04:00,228.64798396705297,231.6924861628052,227.98865719878884,230.30596923828125,28142300,0.0,0.0
2022-10-18 00:00:00-04:00,235.84232244327512,236.51132497546385,228.2116634940623,231.24647521972656,26329600,0.0,0.0
2022-10-19 00:00:00-04:00,229.83089971129152,232.32274544331872,227.16453541789096,229.28793334960938,19985700,0.0,0.0
2022-10-20 00:00:00-04:00,228.59950832135635,233.97101325567382,227.72687123159972,228.9679412841797,21811000,0.0,0.0
2022-10-21 00:00:00-04:00,227.60083683054654,235.60961938988035,227.3681306457899,234.75637817382812,26299700,0.0,0.0
2022-10-24 00:00:00-04:00,236.3465284052963,240.30244525132326,233.96135260362018,239.7303924560547,24911200,0.0,0.0
2022-10-25 00:00:00-04:00,239.74003228091627,243.40506928448784,238.35353022692632,243.03663635253906,34775500,0.0,0.0
2022-10-26 00:00:00-04:00,224.139388912023,231.05254784281726,223.06314692358666,224.2848358154297,82543200,0.0,0.0
2022-10-27 00:00:00-04:00,224.01332637862237,226.58274025958372,218.9133051682239,219.8538055419922,40424600,0.0,0.0
2022-10-28 00:00:00-04:00,219.35931586973052,229.40423538492817,219.17509201652825,228.69642639160156,40647700,0.0,0.0
2022-10-31 00:00:00-04:00,226.65063759786585,227.7753619981535,224.12001509457988,225.07022094726562,28357300,0.0,0.0
2022-11-01 00:00:00-04:00,227.4650722384831,228.57040061346953,220.41617196573657,221.23062133789062,30592300,0.0,0.0
2022-11-02 00:00:00-04:00,222.4814320174644,224.26546848649176,213.34790976650638,213.40609741210938,38407000,0.0,0.0
2022-11-03 00:00:00-04:00,213.3963774811355,213.70665239090863,207.4722009244926,207.73399353027344,36633900,0.0,0.0
2022-11-04 00:00:00-04:00,210.93363491466297,214.8507595155396,206.93892679101333,214.65684509277344,36789100,0.0,0.0
2022-11-07 00:00:00-05:00,215.23861235404937,221.46335879760886,214.55019910987951,220.9397735595703,33498000,0.0,0.0
2022-11-08 00:00:00-05:00,221.7445195376861,224.6047979139628,218.97150043107274,221.9093475341797,28192500,0.0,0.0
2022-11-09 00:00:00-05:00,220.45498033143147,221.67666935840754,217.50744250984388,217.6819610595703,27852900,0.0,0.0
2022-11-10 00:00:00-05:00,228.2698410290553,235.92958655895382,227.8529257557349,235.59022521972656,46268000,0.0,0.0
2022-11-11 00:00:00-05:00,235.5998964435155,240.4478303320997,234.57212203157073,239.59458923339844,34620200,0.0,0.0
2022-11-14 00:00:00-05:00,234.63032541196574,236.491930374749,231.9348751725974,234.20370483398438,31123300,0.0,0.0
2022-11-15 00:00:00-05:00,238.18870924194545,239.4879520708681,232.72993053937964,234.61093139648438,31390100,0.0,0.0
2022-11-16 00:00:00-05:00,236.06941348333024,237.05146554303985,233.7650213224332,235.03875732421875,24093300,0.68,0.0
2022-11-17 00:00:00-05:00,231.19805810189396,236.51664531080124,231.05221615651442,234.99009704589844,23123500,0.0,0.0
2022-11-18 00:00:00-05:00,236.7694511962655,236.9930953021771,232.41346518460608,234.5428466796875,27613500,0.0,0.0
2022-11-21 00:00:00-05:00,234.74703599252672,237.8973557920272,234.51368886128466,235.34988403320312,26394700,0.0,0.0
2022-11-22 00:00:00-05:00,236.84726378647278,238.5196542333606,234.04699418411522,238.24740600585938,19665700,0.0,0.0
2022-11-23 00:00:00-05:00,238.32517685687512,241.40742716232413,237.50843223083618,240.726806640625,19508500,0.0,0.0
2022-11-25 00:00:00-05:00,240.46430280009824,241.81582614094168,239.90035578095558,240.6393280029297,9200800,0.0,0.0
2022-11-28 00:00:00-05:00,239.26834351489458,239.8225578203936,234.13449861777707,235.0679168701172,24778200,0.0,0.0
2022-11-29 00:00:00-05:00,234.71789478419583,236.06941814268234,231.6162083930456,233.67752075195312,17956300,0.0,0.0
2022-11-30 00:00:00-05:00,233.91083193037719,248.26225766620797,233.22047878551072,248.0775146484375,47594200,0.0,0.0
2022-12-01 00:00:00-05:00,246.84266004055812,249.03037814735873,243.97432149003544,247.6399688720703,26041500,0.0,0.0
2022-12-02 00:00:00-05:00,242.90483392955983,248.97209734788092,242.77842766287273,247.9608917236328,21528500,0.0,0.0
2022-12-05 00:00:00-05:00,245.0341875954859,246.79409803519974,241.19352923147437,243.2742919921875,23435300,0.0,0.0
2022-12-06 00:00:00-05:00,243.87713173110765,244.8883372658951,237.03199561292425,238.33489990234375,22463700,0.0,0.0
2022-12-07 00:00:00-05:00,238.05292524127822,239.34611163220632,235.50545353805643,237.60565185546875,20481500,0.0,0.0
2022-12-08 00:00:00-05:00,238.062638200754,241.85469212330918,236.33191114744716,240.55177307128906,22611800,0.0,0.0
2022-12-09 00:00:00-05:00,237.92653108598594,241.43660437225947,237.40148518904434,238.62660217285156,20609700,0.0,0.0
2022-12-12 00:00:00-05:00,240.6004067044122,245.5495083577721,240.32815848858516,245.5203399658203,30665100,0.0,0.0
2022-12-13 00:00:00-05:00,254.44622542877917,256.61450802590645,246.06483829010176,249.8082733154297,42196900,0.0,0.0
2022-12-14 00:00:00-05:00,250.01245515480875,255.32130998655228,247.27050773018283,250.09996032714844,35410900,0.0,0.0
2022-12-15 00:00:00-05:00,246.69684834391964,247.16355744305537,240.49344660406408,242.11721801757812,35560400,0.0,0.0
2022-12-16 00:00:00-05:00,241.6699621291789,242.92424748334844,236.7694646066407,237.91680908203125,86102000,0.0,0.0
2022-12-19 00:00:00-05:00,238.08212143380248,238.42243914772908,232.1023632453267,233.794189453125,29696400,0.0,0.0
2022-12-20 00:00:00-05:00,232.7732513908985,236.18610187706696,231.8203825618914,235.10682678222656,25150800,0.0,0.0
2022-12-21 00:00:00-05:00,234.9998258792663,238.82103314967992,233.4635597886704,237.66397094726562,23690600,0.0,0.0
2022-12-22 00:00:00-05:00,234.5817687693653,235.2915726004728,227.39632912956154,231.5967559814453,28651700,0.0,0.0
2022-12-23 00:00:00-05:00,229.57427841578766,232.25787396743928,227.46434761018264,232.1217498779297,21207000,0.0,0.0
2022-12-27 00:00:00-05:00,232.09262880735398,232.31625810648032,229.30207698528272,230.4008026123047,16688600,0.0,0.0
2022-12-28 00:00:00-05:00,230.33272967385747,233.0843952081068,227.68801986130742,228.03805541992188,17457100,0.0,0.0
2022-12-29 00:00:00-05:00,229.12702186965714,235.22346762933782,229.12702186965714,234.33865356445312,19770700,0.0,0.0
2022-12-30 00:00:00-05:00,231.61620583114026,233.31776474462188,230.10910782620186,233.181640625,21938500,0.0,0.0
2023-01-03 00:00:00-05:00,236.3513904454424,238.94748134129327,230.82860879757206,232.94827270507812,25740000,0.0,0.0
2023-01-04 00:00:00-05:00,225.8503455985308,226.42401047503648,219.7052947992431,222.7583770751953,50623400,0.0,0.0
2023-01-05 00:00:00-05:00,220.910952034835,221.2512697398711,215.62153242856337,216.15631103515625,39585600,0.0,0.0
2023-01-06 00:00:00-05:00,216.82719680304174,219.51079264209568,213.27823740876858,218.70376586914062,43613600,0.0,0.0
2023-01-09 00:00:00-05:00,220.18170823285104,224.8391261091335,220.14282198786435,220.83316040039062,27369800,0.0,0.0
2023-01-10 00:00:00-05:00,221.4554347527597,224.90717117777552,221.03734458217542,222.51527404785156,27033900,0.0,0.0
2023-01-11 00:00:00-05:00,224.88771246329648,229.41872372216184,224.7127021200409,229.24371337890625,28669300,0.0,0.0
2023-01-12 00:00:00-05:00,228.74782975392716,233.25939064495995,227.09488993594465,231.90786743164062,27269500,0.0,0.0
2023-01-13 00:00:00-05:00,230.4397030343515,232.7440953170416,228.41727685604286,232.60797119140625,21333300,0.0,0.0
2023-01-17 00:00:00-05:00,231.38282055332843,234.24144161412062,230.52717483814848,233.6969451904297,29831300,0.0,0.0
2023-01-18 00:00:00-05:00,234.88319223600368,235.67076853478866,229.0006572078567,229.28262329101562,30028700,0.0,0.0
2023-01-19 00:00:00-05:00,227.3087910377556,229.00063185867876,224.2945954552454,225.50999450683594,28623000,0.0,0.0
2023-01-20 00:00:00-05:00,228.35890938614477,234.07615156759218,228.0185916995672,233.57054138183594,35389800,0.0,0.0
2023-01-23 00:00:00-05:00,234.42617553130606,238.38350713722812,233.01630075916648,235.86520385742188,31934000,0.0,0.0
2023-01-24 00:00:00-05:00,235.78745289233305,237.19731304543689,233.7844773158166,235.34017944335938,40234400,0.0,0.0
2023-01-25 00:00:00-05:00,227.98943061234027,236.5652941592754,224.50852565701223,233.9497528076172,66526600,0.0,0.0
2023-01-26 00:00:00-05:00,236.90559786802248,241.43660948835614,235.30127691453504,241.13519287109375,33454500,0.0,0.0
2023-01-27 00:00:00-05:00,242.09776769900014,242.9145122822852,239.99755462505527,241.29074096679688,26498900,0.0,0.0
2023-01-30 00:00:00-05:00,237.74180116090332,238.80164053803622,235.49574581512883,235.99163818359375,25867400,0.0,0.0
2023-01-31 00:00:00-05:00,236.7111267803919,241.08656355946167,236.22496713827303,240.950439453125,26541100,0.0,0.0
2023-02-01 00:00:00-05:00,241.13520609235906,248.1164521150048,238.67523924937854,245.75372314453125,31259900,0.0,0.0
2023-02-02 00:00:00-05:00,251.65560181344821,257.3631093942178,250.12905391588615,257.2756042480469,39940400,0.0,0.0
2023-02-03 00:00:00-05:00,252.35577763425286,256.8867894598402,249.98331599728726,251.19871520996094,29077300,0.0,0.0
2023-02-06 00:00:00-05:00,250.31385093688988,251.15003118493786,247.72747836908985,249.66238403320312,22518000,0.0,0.0
2023-02-07 00:00:00-05:00,253.31834411841427,261.33024559426707,252.88078856760495,260.15374755859375,50841400,0.0,0.0
2023-02-08 00:00:00-05:00,265.63764785701306,269.0991022332483,258.84111568990085,259.34674072265625,54686000,0.0,0.0
2023-02-09 00:00:00-05:00,266.2209551266914,266.39599511433863,255.5254451305116,256.32275390625,42375100,0.0,0.0
2023-02-10 00:00:00-05:00,254.29066653617278,256.77980158203474,253.44475348885342,255.8172149658203,25818500,0.0,0.0
2023-02-13 00:00:00-05:00,260.23153420322126,266.99886776795535,259.75507760072225,263.8096618652344,44630900,0.0,0.0
2023-02-14 00:00:00-05:00,265.12232910655104,267.3586517330217,261.8261522809417,264.63616943359375,37047900,0.0,0.0
2023-02-15 00:00:00-05:00,261.5461195793408,263.8952813592712,259.4601307903443,262.5208740234375,28922400,0.68,0.0
2023-02-16 00:00:00-05:00,257.354723160625,260.00605711365523,255.2882479724247,255.5319366455078,29603600,0.0,0.0
2023-02-17 00:00:00-05:00,252.8416369479222,253.5239473924271,249.53720422274546,251.54519653320312,30000100,0.0,0.0
2023-02-21 00:00:00-05:00,248.0555940681639,249.0401059222705,245.23855332825676,246.29129028320312,28397400,0.0,0.0
2023-02-22 00:00:00-05:00,247.67539109703995,247.91907974541917,244.02006137135174,245.1605224609375,22491100,0.0,0.0
2023-02-23 00:00:00-05:00,249.1083064975943,250.35599131241563,244.15655088158258,248.3382568359375,29219100,0.0,0.0
2023-02-24 00:00:00-05:00,243.6496684913582,244.66340673985152,241.83662432455813,242.9283447265625,24990900,0.0,0.0
2023-02-27 00:00:00-05:00,246.08655835575647,246.43747061453573,243.09405452761465,243.84461975097656,21190000,0.0,0.0
2023-02-28 00:00:00-05:00,242.7821510664902,245.14105556625483,242.4507231771338,243.12330627441406,22491000,0.0,0.0
2023-03-01 00:00:00-05:00,244.4294802167035,244.59518672884,239.58494822729267,240.05284118652344,27565300,0.0,0.0
2023-03-02 00:00:00-05:00,240.32576623774196,245.05331745079246,239.4094944705545,244.77064514160156,24808200,0.0,0.0
2023-03-03 00:00:00-05:00,245.82339261513917,249.16679413004076,245.04358587267618,248.84512329101562,30760100,0.0,0.0
2023-03-06 00:00:00-05:00,249.9563137281879,253.55316056454095,249.5176771350271,250.3852081298828,24109800,0.0,0.0
2023-03-07 00:00:00-05:00,249.82960325303648,251.18452648625785,246.99307854410944,247.73388671875,21473200,0.0,0.0
2023-03-08 00:00:00-05:00,247.62667058752513,248.11404792403098,244.47821715829852,247.29525756835938,17340200,0.0,0.0
2023-03-09 00:00:00-05:00,249.36172961054302,253.00730230567757,245.22876474046697,245.95008850097656,26653400,0.0,0.0
2023-03-10 00:00:00-05:00,244.74138378096757,246.40820579752568,241.34924197875884,242.31423950195312,28333900,0.0,0.0
2023-03-13 00:00:00-04:00,241.1543148292338,251.39899658512076,239.52647621107045,247.5097198486328,33339700,0.0,0.0
2023-03-14 00:00:00-04:00,250.26828132059583,254.47922896742975,249.40075019061067,254.206298828125,33620300,0.0,0.0
2023-03-15 00:00:00-04:00,253.41670934490338,259.75261418809725,252.6661292714571,258.7388610839844,46028000,0.0,0.0
2023-03-16 00:00:00-04:00,258.51463124296953,269.57810070864684,256.6333622072751,269.2272033691406,54768800,0.0,0.0
2023-03-17 00:00:00-04:00,271.2352859400092,276.177270273355,269.3442592079885,272.375732421875,69527400,0.0,0.0
2023-03-20 00:00:00-04:00,269.98756773899805,270.47494508940247,263.0375619626868,265.35748291015625,43466600,0.0,0.0
2023-03-21 00:00:00-04:00,267.9405220334982,268.0574878140918,262.71582243886,266.8682861328125,34558700,0.0,0.0
2023-03-22 00:00:00-04:00,266.4979179833595,273.9450578612845,265.3087161087697,265.41595458984375,34873300,0.0,0.0
2023-03-23 00:00:00-04:00,270.92332074814243,273.9645506194871,268.25250241830935,270.650390625,36610900,0.0,0.0
2023-03-24 00:00:00-04:00,270.24098860593506,273.54542137989336,268.3304776871036,273.4869384765625,28172000,0.0,0.0
2023-03-27 00:00:00-04:00,273.4187255560144,274.35448184903447,268.56443586925224,269.4027404785156,26840200,0.0,0.0
2023-03-28 00:00:00-04:00,268.8275985161655,269.1687685997756,265.18199582572424,268.28173828125,21878600,0.0,0.0
2023-03-29 00:00:00-04:00,271.9175790730678,274.0425670542095,271.3814758548116,273.428466796875,25087000,0.0,0.0
2023-03-30 00:00:00-04:00,277.0545067536676,277.2786812703255,274.3739316415299,276.8790283203125,25053400,0.0,0.0
2023-03-31 00:00:00-04:00,276.5671828397676,281.96730287180225,275.8556011455048,281.02178955078125,32766000,0.0,0.0
2023-04-03 00:00:00-04:00,279.286723502298,280.992544334595,276.78162637356223,279.97882080078125,24883300,0.0,0.0
2023-04-04 00:00:00-04:00,279.9788398181857,283.11755155269356,278.45822466702356,279.9300842285156,25824300,0.0,0.0
2023-04-05 00:00:00-04:00,278.6336936146696,279.90086308353324,275.7776689021103,277.16180419921875,22064800,0.0,0.0
2023-04-06 00:00:00-04:00,276.0602584923825,284.7063275533511,274.91005513471964,284.23846435546875,29770300,0.0,0.0
2023-04-10 00:00:00-04:00,281.90875009189506,282.28891863830444,277.5223546944505,282.084228515625,23103000,0.0,0.0
2023-04-11 00:00:00-04:00,278.53617740745267,278.76038171504166,274.52994955434735,275.68988037109375,27276600,0.0,0.0
2023-04-12 00:00:00-04:00,277.60042049037634,279.7643772791171,274.84184782081707,276.3332214355469,27403400,0.0,0.0
2023-04-13 00:00:00-04:00,276.4306715348985,282.58137108364906,276.02129123451107,282.52288818359375,24222700,0.0,0.0
2023-04-14 00:00:00-04:00,279.75459555412215,281.197243201843,276.5281599154827,278.91632080078125,20987900,0.0,0.0
2023-04-17 00:00:00-04:00,282.6106328823751,284.23848637686285,278.93581824426053,281.5091552734375,23836200,0.0,0.0
2023-04-18 00:00:00-04:00,284.2091922902282,284.39439803515654,279.7643139062447,281.0899658203125,20161800,0.0,0.0
2023-04-19 00:00:00-04:00,278.7700510801762,281.75279769664104,277.3566747962618,281.16796875,17150300,0.0,0.0
2023-04-20 00:00:00-04:00,278.048779675469,281.7333512714664,277.88305828682746,278.8870544433594,23244400,0.0,0.0
2023-04-21 00:00:00-04:00,277.81486288712955,279.0430336532182,275.9140792116014,278.5459289550781,21676400,0.0,0.0
2023-04-24 00:00:00-04:00,274.9685448486902,277.75635870948304,271.6836263278282,274.6566162109375,26611000,0.0,0.0
2023-04-25 00:00:00-04:00,272.45369257019934,274.49092630001803,268.41819388016194,268.4669494628906,45772200,0.0,0.0
2023-04-26 00:00:00-04:00,289.20974000859206,292.0072813214267,285.3399625443694,287.9132995605469,64599200,0.0,0.0
2023-04-27 00:00:00-04:00,288.49811850361414,297.49511411918564,287.7962940057379,297.1344299316406,46462600,0.0,0.0
2023-04-28 00:00:00-04:00,296.335220680939,301.1309977099639,295.65288041191343,299.503173828125,36469600,0.0,0.0
2023-05-01 00:00:00-04:00,299.2204464922504,300.80930138647517,297.44638582832135,297.8460388183594,21294100,0.0,0.0
2023-05-02 00:00:00-04:00,299.9905085390908,301.3746435203023,296.237697087883,297.6998291015625,26404400,0.0,0.0
2023-05-03 00:00:00-04:00,298.8792887083803,300.819041090019,296.4131604465873,296.71533203125,22360800,0.0,0.0
2023-05-04 00:00:00-04:00,298.5088623937183,299.9905085390908,295.74056268414336,297.6998291015625,22519900,0.0,0.0
2023-05-05 00:00:00-04:00,298.00202238980415,304.09423955747224,296.58861610804354,302.80755615234375,28197100,0.0,0.0
2023-05-08 00:00:00-04:00,302.30061856381155,302.3688585182891,298.3626020452407,300.85797119140625,21318600,0.0,0.0
2023-05-09 00:00:00-04:00,300.2243882965187,302.21289582093056,298.5770507991459,299.2496337890625,21340800,0.0,0.0
2023-05-10 00:00:00-04:00,300.82875139238996,305.09818117929905,299.90275239684433,304.42559814453125,30078000,0.0,0.0
2023-05-11 00:00:00-04:00,302.2714616451602,303.26570080657984,298.5284068792122,302.28118896484375,31680200,0.0,0.0
2023-05-12 00:00:00-04:00,302.71005168658775,302.8075331032812,298.8597885779878,301.1699523925781,19774700,0.0,0.0
2023-05-15 00:00:00-04:00,301.2967160743426,302.07650801921994,299.8248268001941,301.6476135253906,16336500,0.0,0.0
2023-05-16 00:00:00-04:00,302.0082708882203,305.7903243255261,302.0082708882203,303.87005615234375,26730300,0.0,0.0
2023-05-17 00:00:00-04:00,305.0716601745018,307.1621801837401,303.55746936992665,306.74212646484375,24315000,0.68,0.0
2023-05-18 00:00:00-04:00,307.2598588771496,311.6656229362175,306.468583842939,311.1576232910156,27276000,0.0,0.0
2023-05-19 00:00:00-04:00,309.4186972410466,311.3822465947649,309.05725438357535,310.9817199707031,27546700,0.0,0.0
2023-05-22 00:00:00-04:00,311.23578210832846,315.13354641281757,310.6594231373723,313.7561340332031,24115700,0.0,0.0
2023-05-23 00:00:00-04:00,312.63269496953484,315.26051959828607,307.9631830299581,307.97296142578125,30797200,0.0,0.0
2023-05-24 00:00:00-04:00,307.4551840291494,309.18426063109985,305.384161727715,306.59552001953125,23384900,0.0,0.0
2023-05-25 00:00:00-04:00,315.7684598442555,319.3438643558403,312.6033603605029,318.38653564453125,43301700,0.0,0.0
2023-05-26 00:00:00-04:00,316.5304052743781,325.69359534814544,316.3936568169518,325.1954040527344,36630600,0.0,0.0
2023-05-30 00:00:00-04:00,327.4813593124993,327.9795506793169,322.88020682779495,323.55426025390625,29503100,0.0,0.0
2023-05-31 00:00:00-04:00,324.6092550226207,328.1748807384319,319.76388201700377,320.7994079589844,45950600,0.0,0.0
2023-06-01 00:00:00-04:00,318.3963251868189,325.82066191290807,317.2143019258067,324.8926086425781,26773900,0.0,0.0
2023-06-02 00:00:00-04:00,326.5239875083562,329.6988654721622,324.8632701870316,327.64739990234375,25873800,0.0,0.0
2023-06-05 00:00:00-04:00,327.47159843712996,330.734392827561,326.924544875392,328.1749572753906,21307100,0.0,0.0
2023-06-06 00:00:00-04:00,327.5790489490728,327.61813272213266,324.49211655757586,325.9671936035156,20396200,0.0,0.0
2023-06-07 00:00:00-04:00,323.98413800054084,326.7584898244199,315.04563976499446,315.9053039550781,40717100,0.0,0.0
2023-06-08 00:00:00-04:00,316.45232513607897,319.0899281933469,315.8759662068324,317.7418212890625,23277700,0.0,0.0
2023-06-09 00:00:00-04:00,317.4779775476355,322.362404562121,316.91139713131287,319.23638916015625,22529000,0.0,0.0
2023-06-12 00:00:00-04:00,320.98500885005564,324.4236647224886,317.6440772974819,324.179443359375,24260300,0.0,0.0
2023-06-13 00:00:00-04:00,326.7389426125968,329.1909351194717,322.7532623015664,326.5631103515625,22951300,0.0,0.0
2023-06-14 00:00:00-04:00,326.61185484210756,331.2032280595902,325.1172214010421,329.5425109863281,26003800,0.0,0.0
2023-06-15 00:00:00-04:00,329.6793142407834,341.7536041604146,329.40578750574196,340.0538330078125,38899100,0.0,0.0
2023-06-16 00:00:00-04:00,343.1994581968657,343.3459850753044,334.04604484014123,334.417236328125,46552000,0.0,0.0
2023-06-20 00:00:00-04:00,331.4670609717045,334.1730234363889,328.0967936208768,330.2361755371094,26375400,0.0,0.0
2023-06-21 00:00:00-04:00,328.5949603328218,329.92354007257114,324.39436474233247,325.84991455078125,25117800,0.0,0.0
2023-06-22 00:00:00-04:00,326.39703135157714,332.2583453008443,325.63506173065974,331.8578186035156,23556800,0.0,0.0
2023-06-23 00:00:00-04:00,326.6314360457984,330.1482299651682,325.74249643584824,327.27618408203125,23146900,0.0,0.0
2023-06-26 00:00:00-04:00,326.00628855643646,328.34102981665524,320.8971657453209,321.004638671875,21520600,0.0,0.0
2023-06-27 00:00:00-04:00,324.18919728458985,328.38004429209786,321.68837287006505,326.8365783691406,24354100,0.0,0.0
2023-06-28 00:00:00-04:00,326.9245702882871,330.16783795083114,326.09421148504384,328.0870666503906,20259500,0.0,0.0
2023-06-29 00:00:00-04:00,326.9734044315158,328.34103844963045,324.9317168951543,327.3055419921875,16997000,0.0,0.0
2023-06-30 00:00:00-04:00,329.94312088694005,334.8080220472076,329.4058457163647,332.66864013671875,26832800,0.0,0.0
2023-07-03 00:00:00-04:00,331.34979527734635,333.02026113567905,328.79036003615676,330.1775207519531,12508700,0.0,0.0
2023-07-05 00:00:00-04:00,327.3445947298887,333.7529619318794,326.99293022093957,330.3338623046875,18172400,0.0,0.0
2023-07-06 00:00:00-04:00,329.5034469606341,335.0619274987614,327.7450650936466,333.3816833496094,28161200,0.0,0.0
2023-07-07 00:00:00-04:00,331.4767582536755,333.8896663635677,329.2103769900973,329.42529296875,21214800,0.0,0.0
2023-07-10 00:00:00-04:00,326.8659348779879,327.48137758941004,320.0179571321777,324.1599426269531,32791400,0.0,0.0
2023-07-11 00:00:00-04:00,323.40771358997307,325.1660955778508,319.44156081618985,324.7851257324219,26698200,0.0,0.0
2023-07-12 00:00:00-04:00,328.8197463820269,333.75300744918695,327.91124979782455,329.4058837890625,29995300,0.0,0.0
2023-07-13 00:00:00-04:00,331.71121221123786,335.7945861289157,331.18368573483207,334.73956298828125,20567200,0.0,0.0
2023-07-14 00:00:00-04:00,339.55560494875635,343.30684144362357,336.3514219127962,337.2599182128906,28352700,0.0,0.0
2023-07-17 00:00:00-04:00,337.689815809939,338.9695335941496,334.29027291358,337.7386779785156,20363900,0.0,0.0
2023-07-18 00:00:00-04:00,337.83628312548785,358.3020452926389,334.2609086018875,351.1805419921875,64738600,0.0,0.0
2023-07-19 00:00:00-04:00,353.38833709875524,354.0819174710134,344.29353528638507,346.87249755859375,39732900,0.0,0.0
2023-07-20 00:00:00-04:00,345.3974090978353,349.6956992819866,337.3869361725058,338.8522644042969,33778400,0.0,0.0
2023-07-21 00:00:00-04:00,341.0795312759444,342.2029435229438,331.97495219760316,335.8238830566406,69405400,0.0,0.0
2023-07-24 00:00:00-04:00,337.8558806826926,338.901155398555,334.397697414045,337.1329650878906,26678100,0.0,0.0
2023-07-25 00:00:00-04:00,339.0867373558683,343.7562790203098,337.09391224924093,342.8673095703125,41637700,0.0,0.0
2023-07-26 00:00:00-04:00,333.5477989926325,336.70314999869004,325.41032580255074,329.9626159667969,58383700,0.0,0.0
2023-07-27 00:00:00-04:00,332.6099731824386,333.44030197626535,321.44414968283064,323.0755615234375,39635300,0.0,0.0
2023-07-28 00:00:00-04:00,325.95745287046435,332.15090440744063,325.4690100380954,330.5487976074219,28484900,0.0,0.0
2023-07-31 00:00:00-04:00,329.1322504149572,329.89421985375384,325.654510875741,328.1553649902344,25446000,0.0,0.0
2023-08-01 00:00:00-04:00,327.44229185029457,330.7148646247149,325.98674182307207,328.5657043457031,18311900,0.0,0.0
2023-08-02 00:00:00-04:00,325.9183364890345,325.9183364890345,318.8163593371292,319.9300231933594,27761300,0.0,0.0
2023-08-03 00:00:00-04:00,318.4647184532504,322.25503950417715,318.4158860961526,319.1094665527344,18253700,0.0,0.0
2023-08-04 00:00:00-04:00,324.20878906184083,327.393445572908,319.67602568873457,320.20355224609375,23741500,0.0,0.0
2023-08-07 00:00:00-04:00,320.77996468566107,323.4566220651156,319.9496058467817,322.479736328125,17741500,0.0,0.0
2023-08-08 00:00:00-04:00,319.40245810571645,321.15109140709956,315.53400007450387,318.51348876953125,22327600,0.0,0.0
2023-08-09 00:00:00-04:00,318.9238148724649,319.5490060989431,313.62908227048086,314.7818298339844,22373300,0.0,0.0
2023-08-10 00:00:00-04:00,318.48427153797036,320.67251582192995,313.7561482330681,315.4656982421875,20113700,0.0,0.0
2023-08-11 00:00:00-04:00,312.8574236161069,314.95772190728826,311.83167574447026,313.590087890625,24355500,0.0,0.0
2023-08-14 00:00:00-04:00,313.9612774318456,316.56954529016974,312.6815298680751,316.5500183105469,18836100,0.0,0.0
2023-08-15 00:00:00-04:00,315.53404351386234,317.5757308061961,313.482577825794,314.4203796386719,16966300,0.0,0.0
2023-08-16 00:00:00-04:00,314.0484359824023,317.5922746110622,313.06948196765,313.6568603515625,20698900,0.68,0.0
2023-08-17 00:00:00-04:00,313.7938817302348,315.09587723168505,309.5549947446499,310.2109069824219,21257200,0.0,0.0
2023-08-18 00:00:00-04:00,307.8711670676138,311.679311641093,304.9930405423695,309.8193054199219,24755000,0.0,0.0
2023-08-21 00:00:00-04:00,311.2388327068857,315.97696640050947,310.36757919700125,315.105712890625,24040000,0.0,0.0
2023-08-22 00:00:00-04:00,318.6494592891844,319.21723934340076,314.6944776045053,315.6734313964844,16084600,0.0,0.0
2023-08-23 00:00:00-04:00,317.00485374224843,322.2716304158125,316.65241480901244,320.117919921875,21166400,0.0,0.0
2023-08-24 00:00:00-04:00,325.8448009621162,325.97206974501347,313.22607126255105,313.2358703613281,23281400,0.0,0.0
2023-08-25 00:00:00-04:00,314.70432613416926,318.5124414479657,312.0905059538923,316.18255615234375,21684100,0.0,0.0
2023-08-28 00:00:00-04:00,318.80616212257627,319.2858400208198,314.94908098588996,316.8874206542969,14808500,0.0,0.0
2023-08-29 00:00:00-04:00,315.10563277299525,322.05621026150664,315.10563277299525,321.4981994628906,19284600,0.0,0.0
2023-08-30 00:00:00-04:00,321.75283059073,322.8688226373034,319.57955147339686,321.87030029296875,15222100,0.0,0.0
2023-08-31 00:00:00-04:00,322.27160382501023,323.9456064626788,319.9025224771531,320.8619079589844,26411000,0.0,0.0
2023-09-01 00:00:00-04:00,324.3371104341098,325.0027917030255,319.9024518811715,321.7428894042969,14942000,0.0,0.0
2023-09-05 00:00:00-04:00,322.07580143984785,327.8026871669536,321.74296073160247,326.530029296875,18553900,0.0,0.0
2023-09-06 00:00:00-04:00,326.36368353432135,327.420940690509,323.23101883954274,325.87420654296875,17535800,0.0,0.0
2023-09-07 00:00:00-04:00,324.31766657043397,326.0699726529211,322.10522105530004,322.9667053222656,18381000,0.0,0.0
2023-09-08 00:00:00-04:00,323.14287386196446,329.0851309217736,322.5261281543159,327.2348937988281,19530100,0.0,0.0
2023-09-11 00:00:00-04:00,330.1423571352341,331.29754527961506,328.3704532160462,330.82763671875,16583300,0.0,0.0
2023-09-12 00:00:00-04:00,328.7522562072044,329.70184254177326,324.5036005080368,324.7874755859375,17565500,0.0,0.0
2023-09-13 00:00:00-04:00,324.3372427360716,329.7606561840055,324.2002047131797,328.9872741699219,16544400,0.0,0.0
2023-09-14 00:00:00-04:00,332.01216654665086,333.68616913545833,329.4864789543326,331.5716552734375,20267000,0.0,0.0
2023-09-15 00:00:00-04:00,329.82917548465673,330.29905425690873,322.7121612017879,323.2701721191406,37679800,0.0,0.0
2023-09-18 00:00:00-04:00,320.90106058890035,323.4463465779978,319.4913646526402,322.1345520019531,16834200,0.0,0.0
2023-09-19 00:00:00-04:00,319.30542861366945,322.4576615829364,317.68036144314755,321.73321533203125,16505900,0.0,0.0
2023-09-20 00:00:00-04:00,322.57512067569024,322.6534238453553,313.7645352608611,314.01904296875,21436500,0.0,0.0
2023-09-21 00:00:00-04:00,312.54080796824985,318.50263318201627,308.37045511046944,312.80511474609375,35560400,0.0,0.0
2023-09-22 00:00:00-04:00,314.5574848611761,314.6847536524901,309.4962798834054,310.33819580078125,21447900,0.0,0.0
2023-09-25 00:00:00-04:00,309.9269765789233,310.9842634015669,308.3704436389246,310.85699462890625,17836000,0.0,0.0
2023-09-26 00:00:00-04:00,308.4977412546043,309.23195666524725,303.49527138826676,305.5706787109375,26297600,0.0,0.0
2023-09-27 00:00:00-04:00,305.7272625333357,307.6851701509051,303.1722074325514,306.20697021484375,19410100,0.0,0.0
2023-09-28 00:00:00-04:00,304.4449019920562,308.84042586965904,302.9373343071566,307.0391540527344,19683600,0.0,0.0
2023-09-29 00:00:00-04:00,311.0626136858314,312.74641565358826,308.3509220336715,309.1047058105469,24147300,0.0,0.0
2023-10-02 00:00:00-04:00,309.6234991428816,315.1154453625428,308.5466440139972,315.0273132324219,20570000,0.0,0.0
2023-10-03 00:00:00-04:00,314.07779322449835,314.6260349402652,304.6602606879749,306.7944030761719,21033500,0.0,0.0
2023-10-04 00:00:00-04:00,307.4208957324774,313.3044183025866,307.391528310135,312.24713134765625,20720100,0.0,0.0
2023-10-05 00:00:00-04:00,312.3743955953389,313.2456789043345,308.2725763744339,312.6387023925781,16965600,0.0,0.0
2023-10-06 00:00:00-04:00,309.8878196065806,322.2618102249638,309.6430811517103,320.3724365234375,25673600,0.0,0.0
2023-10-09 00:00:00-04:00,317.9152372482106,323.34841872912307,316.37827265710837,322.8785400390625,19891200,0.0,0.0
2023-10-10 00:00:00-04:00,323.9945568948938,324.13162477364205,320.7738202479149,321.4786682128906,20557100,0.0,0.0
2023-10-11 00:00:00-04:00,324.23933335603755,325.81546476985574,322.2129213601342,325.42388916015625,20063200,0.0,0.0
2023-10-12 00:00:00-04:00,323.6128199146543,326.608416662478,321.8017491013521,324.1903991699219,19313100,0.0,0.0
2023-10-13 00:00:00-04:00,325.38461749045547,326.8040823513373,319.49129742401084,320.8324890136719,21072400,0.0,0.0
2023-10-16 00:00:00-04:00,324.08262791660326,329.06552880865223,323.6421166530187,325.6391906738281,22158000,0.0,0.0
2023-10-17 00:00:00-04:00,322.65339394249423,326.4419405397074,320.51928173209353,325.0714111328125,18338500,0.0,0.0
2023-10-18 00:00:00-04:00,325.49239077773996,328.5271540118079,321.3905713182834,323.1624755859375,23153600,0.0,0.0
2023-10-19 00:00:00-04:00,325.1595033838665,329.78996567974724,323.9456102144574,324.34698486328125,25052100,0.0,0.0
2023-10-20 00:00:00-04:00,324.73856573197526,324.934368448125,318.6005359720502,319.79486083984375,25027700,0.0,0.0
2023-10-23 00:00:00-04:00,318.62015086662296,325.7273662724693,317.56289372065373,322.3891296386719,24374700,0.0,0.0
2023-10-24 00:00:00-04:00,324.32742268148115,324.8560661648909,320.7053110922139,323.5736389160156,31153600,0.0,0.0
2023-10-25 00:00:00-04:00,337.7586388732426,338.9138270951405,330.51438652342347,333.5002136230469,55053800,0.0,0.0
2023-10-26 00:00:00-04:00,333.3729888756814,334.44004510375515,320.0592090856676,320.9892272949219,37828500,0.0,0.0
2023-10-27 00:00:00-04:00,323.4757210351802,329.63334926048014,321.4884458683103,322.8687744140625,29856500,0.0,0.0
2023-10-30 00:00:00-04:00,326.3929629369711,332.3058517630052,324.8461993312582,330.21087646484375,22828100,0.0,0.0
2023-10-31 00:00:00-04:00,331.71852577091533,331.865362876774,327.64607407506094,330.99407958984375,20265300,0.0,0.0
2023-11-01 00:00:00-04:00,332.63870122035286,340.10812307119625,332.50163335597534,338.7865295410156,28158800,0.0,0.0
2023-11-02 00:00:00-04:00,339.93194035995595,341.48847346531505,337.5139230484177,340.9892272949219,24348100,0.0,0.0
2023-11-03 00:00:00-04:00,342.2716414539088,346.93147136857294,340.02002965992455,345.3749084472656,23637700,0.0,0.0
2023-11-06 00:00:00-05:00,346.0112633950899,350.0151812088652,345.91336203130555,349.02642822265625,23828300,0.0,0.0
2023-11-07 00:00:00-05:00,351.83603801636735,354.83163466533523,350.10330030774577,352.9422607421875,25833900,0.0,0.0
2023-11-08 00:00:00-05:00,354.0680317747925,356.2119431597548,352.9618091115113,355.5560607910156,26767800,0.0,0.0
2023-11-09 00:00:00-05:00,354.6749477041347,357.11256296700316,352.77577495327927,353.0988464355469,24847300,0.0,0.0
2023-11-10 00:00:00-05:00,353.88202716517856,362.31083557483976,353.47088326732273,361.889892578125,28042100,0.0,0.0
2023-11-13 00:00:00-05:00,360.4703964021509,360.71513487046275,358.1992162461448,358.9627990722656,19986500,0.0,0.0
2023-11-14 00:00:00-05:00,363.2016494775537,364.1218684157094,359.6186750774512,362.4772033691406,27683900,0.0,0.0
2023-11-15 00:00:00-05:00,364.20362862675586,366.01837474315664,360.1130931096354,362.62432861328125,26860100,0.75,0.0
2023-11-16 00:00:00-05:00,363.8898257041159,369.17711149272384,363.1246930041327,369.00054931640625,27182300,0.0,0.0
2023-11-17 00:00:00-05:00,366.4893122703207,367.2348369276998,360.00530734381556,362.8009948730469,40157000,0.0,0.0
2023-11-20 00:00:00-05:00,364.1448842589367,371.64907620133334,363.9290760622169,370.246337890625,52465100,0.0,0.0
2023-11-21 00:00:00-05:00,368.5100775469122,369.049583062371,364.0467785330769,365.9596252441406,28423100,0.0,0.0
2023-11-22 00:00:00-05:00,370.79563367244174,372.5515261398846,367.82338415552084,370.64849853515625,23345300,0.0,0.0
2023-11-24 00:00:00-05:00,370.1383501357465,370.7661665682208,367.9901174917075,370.2364501953125,10176600,0.0,0.0
2023-11-27 00:00:00-05:00,369.5989038114079,373.38535117738047,369.0299712724483,371.3940124511719,22179200,0.0,0.0
2023-11-28 00:00:00-05:00,371.1389683050371,375.7003371685908,370.95258715281994,375.40606689453125,20453100,0.0,0.0
2023-11-29 00:00:00-05:00,376.4458170169272,376.9755034472532,370.24626453575155,371.62939453125,28963400,0.0,0.0
2023-11-30 00:00:00-05:00,371.27628513665223,372.8457964517108,368.3138546072338,371.68829345703125,30554400,0.0,0.0
2023-12-01 00:00:00-05:00,369.5792173431587,370.9525282974443,364.2330787037679,367.3721008300781,33040500,0.0,0.0
2023-12-04 00:00:00-05:00,362.06527668869364,362.47725508494324,355.98343139448775,362.1045227050781,32063300,0.0,0.0
2023-12-05 00:00:00-05:00,359.46575623768496,365.9693683802573,358.65155863650625,365.4200439453125,23065000,0.0,0.0
2023-12-06 00:00:00-05:00,366.4206145498899,367.04840106048385,361.0156214613024,361.77093505859375,21182100,0.0,0.0
2023-12-07 00:00:00-05:00,361.21181439248187,364.3704447283438,359.3382140130918,363.8799743652344,23118900,0.0,0.0
2023-12-08 00:00:00-05:00,362.1633422956095,367.3230703614092,361.2118285564288,367.09747314453125,20154400,0.0,0.0
2023-12-11 00:00:00-05:00,361.45703660419446,364.51756677042914,359.1223929698161,364.2232666015625,27708800,0.0,0.0
2023-12-12 00:00:00-05:00,363.7818485501349,367.2838138794258,363.3992673247469,367.24456787109375,24838300,0.0,0.0
2023-12-13 00:00:00-05:00,368.8533485777596,370.4424978188213,363.70340938140794,367.23480224609375,30955500,0.0,0.0
2023-12-14 00:00:00-05:00,366.19500581642444,366.63644114858533,357.18997650221536,358.9556579589844,43277500,0.0,0.0
2023-12-15 00:00:00-05:00,359.858129570657,365.30233890168853,359.29898614385536,363.6641845703125,78502300,0.0,0.0
2023-12-18 00:00:00-05:00,362.4085541038235,365.89088161939304,361.65321060475327,365.54754638671875,21802900,0.0,0.0
2023-12-19 00:00:00-05:00,364.40977235300625,366.14605712890625,362.7912256464789,366.14605712890625,20603700,0.0,0.0
2023-12-20 00:00:00-05:00,367.85283078495934,368.8631986960778,363.46802384456504,363.5563049316406,26316700,0.0,0.0
2023-12-21 00:00:00-05:00,365.45932148482285,367.27406804850153,362.9873613143247,366.420654296875,17708000,0.0,0.0
2023-12-22 00:00:00-05:00,366.5578942670101,368.0293052394396,365.60638064073504,367.44073486328125,17107500,0.0,0.0
2023-12-26 00:00:00-05:00,367.852803392138,369.7558309565617,366.38139217856946,367.519287109375,12673100,0.0,0.0
2023-12-27 00:00:00-05:00,366.567819930812,367.9117042203095,365.7045871193545,366.9405822753906,14905400,0.0,0.0
2023-12-28 00:00:00-05:00,368.2157530058411,369.2849749136942,367.02882298863733,368.1274719238281,14327000,0.0,0.0
2023-12-29 00:00:00-05:00,368.83367879722243,369.9715735262492,366.36171917370865,368.8729248046875,18730800,0.0,0.0
2024-01-02 00:00:00-05:00,366.7345478799601,368.735675683701,359.77968054105025,363.8015441894531,25258600,0.0,0.0
2024-01-03 00:00:00-05:00,361.97695939537715,366.1459576250118,361.48648901542015,363.5366516113281,23083500,0.0,0.0
2024-01-04 00:00:00-05:00,363.6052858949814,365.98896450288805,360.1719936012131,360.92730712890625,20901500,0.0,0.0
2024-01-05 00:00:00-05:00,361.93774634798484,364.9688499798779,359.51482125288123,360.7409973144531,21004600,0.0,0.0
2024-01-08 00:00:00-05:00,362.26142084093584,368.04899543580075,361.9769695664422,367.5487060546875,23134000,0.0,0.0
2024-01-09 00:00:00-05:00,364.91982181669266,368.82394731160934,364.11544312045595,368.6277770996094,20830000,0.0,0.0
2024-01-10 00:00:00-05:00,369.1966557593691,376.8480113734613,369.14762069750896,375.47467041015625,25514200,0.0,0.0
2024-01-11 00:00:00-05:00,378.6431088178606,383.23390409247884,373.1302268937335,377.2992248535156,27850800,0.0,0.0
2024-01-12 00:00:00-05:00,378.14285622037966,381.27205974083927,377.31886954764786,381.0660705566406,21661200,0.0,0.0
2024-01-16 00:00:00-05:00,386.1571295021332,386.5200727807335,380.2322391394401,382.83172607421875,27202300,0.0,0.0
2024-01-17 00:00:00-05:00,380.58540492477397,382.67478358686355,377.47580955942465,382.0469970703125,22234100,0.0,0.0
2024-01-18 00:00:00-05:00,384.2541423864291,386.4808672893111,382.68463107425833,386.3631591796875,23392100,0.0,0.0
2024-01-19 00:00:00-05:00,388.21711414753673,391.0716552734375,386.0001785110236,391.0716552734375,29331100,0.0,0.0
2024-01-22 00:00:00-05:00,392.39593223013395,392.9845027036078,386.0884900033909,388.9528503417969,27016900,0.0,0.0
2024-01-23 00:00:00-05:00,388.2073142541726,391.7681340805433,386.4219948473302,391.2972717285156,20525900,0.0,0.0
2024-01-24 00:00:00-05:00,393.8870242835594,397.8990690426862,392.8178022760999,394.8875732421875,24867000,0.0,0.0
2024-01-25 00:00:00-05:00,396.613997943498,399.25273113363767,394.858105500646,397.15350341796875,21021200,0.0,0.0
2024-01-26 00:00:00-05:00,396.66300059602537,398.4287118822507,394.75997317345707,396.23138427734375,17803300,0.0,0.0
2024-01-29 00:00:00-05:00,398.3207945584323,402.16609543170915,396.62375630100183,401.9110412597656,24510200,0.0,0.0
2024-01-30 00:00:00-05:00,404.40264755037606,405.1775691973873,398.7033841260815,400.8025817871094,33477600,0.0,0.0
2024-01-31 00:00:00-05:00,399.2036086917865,407.40428830097585,389.6394371111151,390.00238037109375,47871100,0.0,0.0
2024-02-01 00:00:00-05:00,394.17141257606636,400.2238302394902,394.1419855506921,396.0842590332031,30657700,0.0,0.0
2024-02-02 00:00:00-05:00,396.1137618246633,404.7852762128379,395.86852658765855,403.3825378417969,28256700,0.0,0.0
2024-02-05 00:00:00-05:00,402.08766948512715,403.32366460035666,396.29030516570674,397.9186706542969,25352300,0.0,0.0
2024-02-06 00:00:00-05:00,398.14423897907153,400.1944015675409,395.23084373526007,397.76165771484375,18382600,0.0,0.0
2024-02-07 00:00:00-05:00,399.67453429921477,406.4037740259386,399.6352882839393,406.1585388183594,22340500,0.0,0.0
2024-02-08 00:00:00-05:00,406.15849214322577,407.63972220628386,404.6674730294275,406.21734619140625,21225300,0.0,0.0
2024-02-09 00:00:00-05:00,407.3356632361391,412.79951062359436,407.17870911735395,412.5346374511719,22032800,0.0,0.0
2024-02-12 00:00:00-05:00,412.54446380988065,412.7210259706923,406.8452001103824,407.3454895019531,21202900,0.0,0.0
2024-02-13 00:00:00-05:00,397.22213321307663,402.25436384146246,395.7016870880575,398.5758361816406,27824900,0.0,0.0
2024-02-14 00:00:00-05:00,401.03275815392834,402.77222335184723,397.59311635632974,402.4282531738281,20401200,0.75,0.0
2024-02-15 00:00:00-05:00,401.1015670196542,402.07448469518283,397.3179549607251,399.5487976074219,21825500,0.0,0.0
2024-02-16 00:00:00-05:00,400.9246876418879,401.24901355970684,396.48264621280646,397.0919494628906,22296500,0.0,0.0
2024-02-20 00:00:00-05:00,396.28600214507156,397.5144455402651,391.1462141740097,395.8437805175781,24307900,0.0,0.0
2024-02-21 00:00:00-05:00,393.2689765841808,395.3524118295115,390.3698381114288,395.2442932128906,18518900,0.0,0.0
2024-02-22 00:00:00-05:00,403.1161508977741,405.7106076981084,401.52409308986324,404.55096435546875,27009900,0.0,0.0
2024-02-23 00:00:00-05:00,408.5017108463529,408.6884066709004,401.9172415297094,403.26361083984375,16295900,0.0,0.0
2024-02-26 00:00:00-05:00,404.3642838981377,405.05222425854834,400.3349831970826,400.51190185546875,16193500,0.0,0.0
2024-02-27 00:00:00-05:00,400.9540958991776,401.2784217577938,396.8855068799419,400.4529113769531,14835800,0.0,0.0
2024-02-28 00:00:00-05:00,401.14080998935714,402.2414904650158,398.33014591696406,400.6887512207031,13183100,0.0,0.0
2024-02-29 00:00:00-05:00,401.5929096701564,407.05702360240457,398.91981558888216,406.5066833496094,31947300,0.0,0.0
2024-03-01 00:00:00-05:00,404.17756158377745,408.6982397267373,403.7943028017663,408.3346252441406,17823400,0.0,0.0
2024-03-04 00:00:00-05:00,406.31016048803207,410.1527354833861,405.2094798738606,407.7646484375,17596000,0.0,0.0
2024-03-05 00:00:00-05:00,406.8210987194046,407.1061059600039,393.73082982567126,395.7061462402344,26919200,0.0,0.0
2024-03-06 00:00:00-05:00,396.0206822488724,398.1729175476419,391.51967869638725,395.1558532714844,22344100,0.0,0.0
2024-03-07 00:00:00-05:00,399.11641162004844,402.713298120837,395.3033178435415,402.0843505859375,18718500,0.0,0.0
2024-03-08 00:00:00-05:00,400.9246137706761,403.34221201538827,397.357209279769,399.2146301269531,18002200,0.0,0.0
2024-03-11 00:00:00-04:00,396.7970720878644,398.68394443475927,394.34018518419236,397.5439453125,16120800,0.0,0.0
2024-03-12 00:00:00-04:00,400.5905029088669,408.4034154899357,399.7748296289143,408.118408203125,22457000,0.0,0.0
2024-03-13 00:00:00-04:00,410.88979275530687,410.96839994406946,404.3544792559954,407.9415283203125,17115900,0.0,0.0
2024-03-14 00:00:00-04:00,412.9928335922281,420.4421311587594,410.7816354740665,417.886962890625,34157300,0.0,0.0
2024-03-15 00:00:00-04:00,412.0592402980969,415.31215606424155,405.6713345351322,409.2387390136719,45079900,0.0,0.0
2024-03-18 00:00:00-04:00,407.10616562272253,413.4744273628243,406.6442696787311,410.12322998046875,20106000,0.0,0.0
2024-03-19 00:00:00-04:00,410.62439098905713,414.3981955018545,408.3837114296865,414.1426696777344,19837900,0.0,0.0
2024-03-20 00:00:00-04:00,414.7225113763612,418.61421185332546,413.4056235884817,417.8968200683594,17860100,0.0,0.0
2024-03-21 00:00:00-04:00,422.41748239432127,423.3904300401875,419.7935438740281,421.9654235839844,21296200,0.0,0.0
2024-03-22 00:00:00-04:00,422.2897797457437,422.44699413264203,418.72237476810477,421.3463134765625,17648500,0.0,0.0
2024-03-25 00:00:00-04:00,417.9066492539799,420.03924040543956,414.3392444656493,415.56768798828125,18060500,0.0,0.0
2024-03-26 00:00:00-04:00,418.2702405050307,418.64369211377476,414.08372560652526,414.3785400390625,16725600,0.0,0.0
2024-03-27 00:00:00-04:00,417.1204243635022,417.13026150811925,411.78407332169564,414.1623229980469,16705000,0.0,0.0
2024-03-28 00:00:00-04:00,413.70042062857715,414.5947310272611,411.89215553357553,413.4645690917969,21871200,0.0,0.0
2024-04-01 00:00:00-04:00,416.6388963047316,420.5109524938084,414.9387197575333,417.2481994628906,16316000,0.0,0.0
2024-04-02 00:00:00-04:00,412.8650995128624,415.0959720756304,410.6342569413904,414.17218017578125,17912000,0.0,0.0
2024-04-03 00:00:00-04:00,412.49166464341647,415.96078773337547,411.8626872035861,413.1992492675781,16502300,0.0,0.0
2024-04-04 00:00:00-04:00,417.66092523693425,421.27748545517426,410.36890189824567,410.6735534667969,19370900,0.0,0.0
2024-04-05 00:00:00-04:00,412.76686502075876,419.15477140454254,411.1060069616712,418.18182373046875,16554800,0.0,0.0
2024-04-08 00:00:00-04:00,417.8378673566601,419.91146556821536,416.00009070624833,417.2678527832031,14272400,0.0,0.0
2024-04-09 00:00:00-04:00,419.0858942448859,420.3634632900146,414.3490096464137,418.92864990234375,12496900,0.0,0.0
2024-04-10 00:00:00-04:00,414.90926057255786,416.71752584552905,412.46221066374153,415.9608154296875,16216600,0.0,0.0
2024-04-11 00:00:00-04:00,418.4766641791292,421.96543178968227,415.076310912024,420.5502624511719,17966400,0.0,0.0
2024-04-12 00:00:00-04:00,416.73718451939897,417.84770230483133,412.53099493709567,414.624267578125,19253800,0.0,0.0
2024-04-15 00:00:00-04:00,419.24317632918917,419.45938357073686,406.3002832613404,406.5066833496094,20273500,0.0,0.0
2024-04-16 00:00:00-04:00,407.4206432860486,411.18458077665684,406.59513289625886,407.4304504394531,16765600,0.0,0.0
2024-04-17 00:00:00-04:00,410.054469901942,411.65636514019064,403.2537929988289,404.7377624511719,15855500,0.0,0.0
2024-04-18 00:00:00-04:00,403.5485840383649,404.786864609064,396.983789567324,397.2982482910156,21029900,0.0,0.0
2024-04-19 00:00:00-04:00,397.0624207324797,398.48742718931453,390.91036608589934,392.2370910644531,30565800,0.0,0.0
2024-04-22 00:00:00-04:00,393.18055056464544,395.90280071692837,388.9252352238132,394.0453796386719,20286900,0.0,0.0
2024-04-23 00:00:00-04:00,397.26879155025864,401.16052215978465,396.10914808184776,400.5413818359375,15734500,0.0,0.0
2024-04-24 00:00:00-04:00,402.4970231148721,405.3568429660157,399.76496617669443,402.0056457519531,15065300,0.0,0.0
2024-04-25 00:00:00-04:00,387.23483657897395,392.9937947660836,381.338308328151,392.158447265625,40586500,0.0,0.0
2024-04-26 00:00:00-04:00,405.0620486762338,405.8777219430486,398.7625869715763,399.31292724609375,29694700,0.0,0.0
2024-04-29 00:00:00-04:00,398.261343947103,399.31289867869236,392.3058528379069,395.3130798339844,19582100,0.0,0.0
2024-04-30 00:00:00-04:00,394.5662074998568,395.2246663994194,382.4586913890698,382.61590576171875,28781400,0.0,0.0
2024-05-01 00:00:00-04:00,385.83931510454033,394.79222617325195,383.5789912516123,388.129150390625,23562500,0.0,0.0
2024-05-02 00:00:00-04:00,390.8022983361386,393.0331410549717,387.84419663220166,390.97918701171875,17709400,0.0,0.0
2024-05-03 00:00:00-04:00,395.3425934548566,400.12860445610875,394.92982324925293,399.6470642089844,17446700,0.0,0.0
2024-05-06 00:00:00-04:00,401.7108501382599,406.7916755135943,399.36205183771864,406.4084167480469,16996600,0.0,0.0
2024-05-07 00:00:00-04:00,407.50914701107223,407.51898415720547,402.03519506612554,402.2808837890625,20018200,0.0,0.0
2024-05-08 00:00:00-04:00,401.13105042212936,405.1210326153664,399.6962067828019,403.4601745605469,11792300,0.0,0.0
2024-05-09 00:00:00-04:00,403.48959095331,405.6025074897573,402.04494039272004,405.20941162109375,14689700,0.0,0.0
2024-05-10 00:00:00-04:00,405.81873052839654,408.2166544093559,404.69837576819543,407.5876770019531,13402300,0.0,0.0
2024-05-13 00:00:00-04:00,410.8013229086305,411.13545592488975,403.7353138522874,406.5852966308594,15440200,0.0,0.0
2024-05-14 00:00:00-04:00,404.91462752191757,410.29029755221785,404.45273155985166,409.3763427734375,15109300,0.0,0.0
2024-05-15 00:00:00-04:00,411.433999213995,417.2525598208021,410.81374213755174,416.5338439941406,22239500,0.75,0.0
2024-05-16 00:00:00-04:00,415.2736305334928,418.8376448328751,413.8460838814957,414.4761657714844,17530100,0.0,0.0
2024-05-17 00:00:00-04:00,416.0021869426872,416.3763121358098,411.5619590644,413.7082214355469,15352200,0.0,0.0
2024-05-20 00:00:00-04:00,413.7082200976142,420.16671696584166,413.4916228836326,418.75885009765625,16272100,0.0,0.0
2024-05-21 00:00:00-04:00,420.22581467067795,426.27082729608003,418.2764696581723,422.4016418457031,21453300,0.0,0.0
2024-05-22 00:00:00-04:00,423.4354250381628,425.71953602839017,420.521232077242,423.8587646484375,18073700,0.0,0.0
2024-05-23 00:00:00-04:00,426.27078715380964,426.8910441613392,418.83761804177703,420.3931579589844,17211700,0.0,0.0
2024-05-24 00:00:00-04:00,420.58025544710625,424.39037161476875,417.84327052223153,423.5043029785156,11855300,0.0,0.0
2024-05-28 00:00:00-04:00,422.98247794375186,424.15406785996925,419.9993613614193,423.66180419921875,15718000,0.0,0.0
2024-05-29 00:00:00-04:00,419.1034967099491,424.27226587320916,419.1034967099491,422.5296630859375,15517100,0.0,0.0
2024-05-30 00:00:00-04:00,417.7349403773821,417.7349403773821,407.8305976923989,408.25396728515625,28394500,0.0,0.0
2024-05-31 00:00:00-04:00,410.3017776619535,410.3017776619535,398.2511723788605,408.70684814453125,47995300,0.0,0.0
2024-06-03 00:00:00-04:00,409.10061352017095,409.9866820502357,402.59290271558996,407.1217041015625,17484700,0.0,0.0
2024-06-04 00:00:00-04:00,406.04863004617806,409.99659455099004,403.341179685009,409.63232421875,14348900,0.0,0.0
2024-06-05 00:00:00-04:00,411.3454112041521,417.5183874951578,409.8587651411263,417.4494934082031,16988000,0.0,0.0
2024-06-06 00:00:00-04:00,417.44944957036887,418.7293231019465,414.0724979392672,417.9515380859375,14861300,0.0,0.0
2024-06-07 00:00:00-04:00,419.60557647742206,419.6843254469309,416.45507688003147,417.29193115234375,13621700,0.0,0.0
2024-06-10 00:00:00-04:00,418.12879037210877,421.45646767892094,417.33132559781046,421.2497253417969,13982900,0.0,0.0
2024-06-11 00:00:00-04:00,418.89674157876317,426.1231693068597,418.670289453605,425.9853210449219,14551100,0.0,0.0
2024-06-12 00:00:00-04:00,428.5844790234761,436.53944727057524,426.54650007534946,434.23565673828125,22366200,0.0,0.0
2024-06-13 00:00:00-04:00,434.0289338170149,436.52964196122593,432.57182236972,434.74761962890625,15960600,0.0,0.0
2024-06-14 00:00:00-04:00,431.49865916361745,436.2834778568933,429.96279885352675,435.7222900390625,13582000,0.0,0.0
2024-06-17 00:00:00-04:00,435.7420189694067,443.96282953462116,433.9009573670922,441.4325866699219,20790000,0.0,0.0
2024-06-18 00:00:00-04:00,442.75181252074634,443.1751821409538,438.00641324566425,439.4339599609375,17112500,0.0,0.0
2024-06-20 00:00:00-04:00,439.3945864733692,439.62103860195157,434.442414629224,438.80389404296875,19877400,0.0,0.0
2024-06-21 00:00:00-04:00,440.4578496032106,443.6083190884872,439.6013156180092,442.8207092285156,34187100,0.0,0.0
2024-06-24 00:00:00-04:00,442.8404263927747,445.74479433203504,439.5028940256874,440.743408203125,15913700,0.0,0.0
2024-06-25 00:00:00-04:00,441.3144201727987,444.4353853435752,439.83762902888526,443.97265625,16413400,0.0,0.0
2024-06-26 00:00:00-04:00,442.05276943847076,446.5816011478092,441.25530470792563,445.16387939453125,16507000,0.0,0.0
2024-06-27 00:00:00-04:00,445.1835541624589,449.11183858084996,444.7798943577927,445.84320068359375,14806300,0.0,0.0
2024-06-28 00:00:00-04:00,446.05981801420484,448.33407381119525,439.5028621939787,440.0345153808594,28362300,0.0,0.0
2024-07-01 00:00:00-04:00,441.7180347396165,450.293259356771,438.76445275458883,449.6631774902344,17662800,0.0,0.0
2024-07-02 00:00:00-04:00,446.18782328625804,452.4789376582484,446.09918938158694,452.1737365722656,13979800,0.0,0.0
2024-07-03 00:00:00-04:00,451.1005881786126,453.88678735468443,450.79538710423196,453.6406555175781,9932800,0.0,0.0
2024-07-05 00:00:00-04:00,452.4986178155469,461.10340760685847,451.8685359116121,460.32562255859375,16000300,0.0,0.0
2024-07-08 00:00:00-04:00,459.33123257528905,460.46346308739743,457.2735739768986,459.0260314941406,12962300,0.0,0.0
2024-07-09 00:00:00-04:00,459.77431483044427,460.09919566591896,450.9135678636905,452.42974853515625,17207200,0.0,0.0
2024-07-10 00:00:00-04:00,454.0837473649462,459.24266153927346,451.76024698147666,459.0359191894531,18196100,0.0,0.0
2024-07-11 00:00:00-04:00,455.81652839633193,457.58866578342753,444.5633568384772,447.6646423339844,23111200,0.0,0.0
2024-07-12 00:00:00-04:00,447.30027873142194,449.2988679653278,443.6772254480025,446.5323486328125,16324300,0.0,0.0
2024-07-15 00:00:00-04:00,446.2863044349352,450.18505497376174,444.4452428142979,446.93609619140625,14429400,0.0,0.0
2024-07-16 00:00:00-04:00,447.19208006387777,447.27082904351875,439.74905460392523,442.5647888183594,17175700,0.0,0.0
2024-07-17 00:00:00-04:00,435.74198947896895,437.9670310742686,432.38474735385836,436.6575927734375,21778000,0.0,0.0
2024-07-18 00:00:00-04:00,437.4648797185402,437.770080793845,427.67867544192785,433.5563049316406,20794800,0.0,0.0
2024-07-19 00:00:00-04:00,426.39883667006126,434.3144456334854,425.31585048613374,430.3467712402344,20940400,0.0,0.0
2024-07-22 00:00:00-04:00,434.95437784378936,437.7208974938516,432.1189340633458,436.0865783691406,15808800,0.0,0.0
2024-07-23 00:00:00-04:00,437.0317279223722,441.4522765923751,436.24411798255437,437.967041015625,13107100,0.0,0.0
2024-07-24 00:00:00-04:00,433.6351347306288,434.6491968195245,420.9740958851319,422.2638244628906,26805800,0.0,0.0
2024-07-25 00:00:00-04:00,422.1653174889069,423.1498448431678,411.0500252919827,411.9262390136719,29943800,0.0,0.0
2024-07-26 00:00:00-04:00,411.7293557750341,422.28349032231534,410.8137224917234,418.68994140625,23583800,0.0,0.0
2024-07-29 00:00:00-04:00,424.90231413559286,425.46350195400487,418.1287909882396,420.12738037109375,15125800,0.0,0.0
2024-07-30 00:00:00-04:00,421.1020622928212,422.4114705197089,410.90234276735913,416.3763427734375,32687600,0.0,0.0
2024-07-31 00:00:00-04:00,413.9937725831716,415.2539664560443,405.8320320070505,411.8770446777344,42891400,0.0,0.0
2024-08-01 00:00:00-04:00,414.2792724511176,420.84605305704525,406.69839983005807,410.65618896484375,30296400,0.0,0.0
2024-08-02 00:00:00-04:00,406.10769576372263,408.5788691410044,398.08380349930894,402.1695861816406,29437900,0.0,0.0
2024-08-05 00:00:00-04:00,383.1485558976655,394.83489176821496,379.6140759587015,389.0360107421875,40709200,0.0,0.0
2024-08-06 00:00:00-04:00,393.8110126298072,399.3932969538089,392.3342213324454,393.4270324707031,24946500,0.0,0.0
2024-08-07 00:00:00-04:00,402.3173055349637,403.7349973998657,391.32012086399686,392.2652587890625,20650900,0.0,0.0
2024-08-08 00:00:00-04:00,396.2131882314223,399.58025493530266,393.75186986205176,396.4593200683594,20203000,0.0,0.0
2024-08-09 00:00:00-04:00,397.77859311198716,401.73638233312255,396.03599047899144,399.73779296875,19276700,0.0,0.0
2024-08-12 00:00:00-04:00,400.76172633567404,402.43543495594565,397.98535182009545,400.5155944824219,16762900,0.0,0.0
2024-08-13 00:00:00-04:00,403.2525628062739,408.5296451452922,403.23288307516907,407.60418701171875,19414300,0.0,0.0
2024-08-14 00:00:00-04:00,408.3819407203729,411.25677385836923,406.0683254390975,410.4100646972656,18267000,0.0,0.0
2024-08-15 00:00:00-04:00,414.0495026891561,415.3415556987604,411.9388323916096,415.2626647949219,20752100,0.75,0.0
2024-08-16 00:00:00-04:00,414.83859034033384,415.5684441235936,411.5837759699612,412.7377624511719,22775600,0.0,0.0
2024-08-19 00:00:00-04:00,413.22102581055816,415.97281647426513,410.7552711189502,415.7558288574219,15234000,0.0,0.0
2024-08-20 00:00:00-04:00,415.92353667507666,420.0265262237166,415.86436096713305,418.9810485839844,16387600,0.0,0.0
2024-08-21 00:00:00-04:00,418.27090283610073,420.55913050260955,415.943244764668,418.3301086425781,16067300,0.0,0.0
2024-08-22 00:00:00-04:00,418.5470440541718,420.94378045645306,408.9306008917766,409.85772705078125,19361900,0.0,0.0
2024-08-23 00:00:00-04:00,411.2681797994915,413.51694694228206,406.4451490290269,411.0807800292969,18493800,0.0,0.0
2024-08-26 00:00:00-04:00,410.6665125068156,411.5640508373135,405.7054152115458,407.8259582519531,13152800,0.0,0.0
2024-08-27 00:00:00-04:00,407.2046168469379,408.68406980179446,404.6303831532702,408.17120361328125,13492900,0.0,0.0
2024-08-28 00:00:00-04:00,409.19692623598894,409.315277644923,401.73061382710534,404.9755554199219,14882700,0.0,0.0
2024-08-29 00:00:00-04:00,409.2561670075729,416.26875999773983,404.97561980648004,407.4610900878906,17045200,0.0,0.0
2024-08-30 00:00:00-04:00,409.90708149754283,411.7711764633265,406.4846126518204,411.4259948730469,24308300,0.0,0.0
2024-09-03 00:00:00-04:00,412.18549199157917,414.128508227764,401.4545209064296,403.8315124511719,20313600,0.0,0.0
2024-09-04 00:00:00-04:00,400.3497951691964,405.60677088600426,398.8308818633999,403.298828125,15135800,0.0,0.0
2024-09-05 00:00:00-04:00,402.0363656944642,407.44131080829675,400.56678553175374,402.79583740234375,14195500,0.0,0.0
2024-09-06 00:00:00-04:00,403.4566777506577,405.0248942566708,395.30981392110493,396.197509765625,19609500,0.0,0.0
2024-09-09 00:00:00-04:00,401.6615826272171,403.0522719406784,396.6413094868822,400.16241455078125,15295100,0.0,0.0
2024-09-10 00:00:00-04:00,402.6084639940855,410.627073483588,402.11531302402886,408.5262756347656,19594300,0.0,0.0
2024-09-11 00:00:00-04:00,409.8084532189213,418.1821469994098,403.9695325309428,417.24517822265625,19266900,0.0,0.0
2024-09-12 00:00:00-04:00,417.51148327493246,421.51586685329676,414.00025068010603,421.15093994140625,17395700,0.0,0.0
2024-09-13 00:00:00-04:00,419.9969351521576,425.914746697553,419.6320082561189,424.6917419433594,15874600,0.0,0.0
2024-09-16 00:00:00-04:00,424.70160374609685,427.5914610863902,422.3542004104568,425.43145751953125,13834700,0.0,0.0
2024-09-17 00:00:00-04:00,434.199762324635,435.7975668297707,426.34877633464635,429.1893310546875,18874200,0.0,0.0
2024-09-18 00:00:00-04:00,429.04136013434226,430.05724996700025,424.5142376703877,424.90875244140625,18898000,0.0,0.0
2024-09-19 00:00:00-04:00,435.18597071101885,435.45226137137865,430.91526689777044,432.6807556152344,21706600,0.0,0.0
2024-09-20 00:00:00-04:00,431.2309485866615,433.22326773049826,428.2720426762547,429.3076477050781,55167100,0.0,0.0
2024-09-23 00:00:00-04:00,428.33121902605126,430.48135010026584,424.4945200082598,427.57177734375,15128900,0.0,0.0
2024-09-24 00:00:00-04:00,427.0687217553129,427.4139334394583,420.2632446802758,423.29119873046875,17015800,0.0,0.0
2024-09-25 00:00:00-04:00,423.94215074360574,427.1870925626301,422.69943076362244,426.19091796875,13396400,0.0,0.0
2024-09-26 00:00:00-04:00,429.1300753187062,429.33719028271923,423.2517246244965,425.40185546875,14492000,0.0,0.0
2024-09-27 00:00:00-04:00,425.6089779793521,425.93447445668835,421.6144673905514,422.15692138671875,14896100,0.0,0.0
2024-09-30 00:00:00-04:00,422.3443029301565,424.5240516705587,419.54320931350645,424.4056701660156,16807300,0.0,0.0
2024-10-01 00:00:00-04:00,422.5810498180969,422.6106376703255,413.07308530803846,414.9273376464844,19092900,0.0,0.0
2024-10-02 00:00:00-04:00,416.7914652693021,417.0281982052677,411.00187763203274,411.4161376953125,16582300,0.0,0.0
2024-10-03 00:00:00-04:00,411.90926344701154,413.8029462214933,408.61501874387466,410.8341979980469,13686400,0.0,0.0
2024-10-04 00:00:00-04:00,412.5109404707377,414.00026612845136,409.28574375388894,410.3608093261719,19169700,0.0,0.0
2024-10-07 00:00:00-04:00,410.30164800432675,411.39642881924686,403.39753373502316,403.9301452636719,20919800,0.0,0.0
2024-10-08 00:00:00-04:00,405.27145839926953,409.966265233936,402.57887338489604,409.0292663574219,19229300,0.0,0.0
2024-10-09 00:00:00-04:00,410.16348810998284,414.6215919010832,408.62485957486433,411.7415771484375,14974300,0.0,0.0
2024-10-10 00:00:00-04:00,409.5421386142519,411.63309377445904,407.49061385739407,410.1437683105469,13848400,0.0,0.0
2024-10-11 00:00:00-04:00,410.4397214022164,411.4161507329335,407.58929422530787,410.61724853515625,14144900,0.0,0.0
2024-10-14 00:00:00-04:00,412.047300792356,418.2314324717677,411.80072533718436,413.3985595703125,16653100,0.0,0.0
2024-10-15 00:00:00-04:00,416.3969091028174,416.692817718463,409.5717171353566,413.0040283203125,18900200,0.0,0.0
2024-10-16 00:00:00-04:00,409.4829836231505,410.65665522282575,404.85722518493617,410.4199523925781,15508900,0.0,0.0
2024-10-17 00:00:00-04:00,416.57447660649984,416.7125733271007,409.89722324961605,411.0117492675781,14820000,0.0,0.0
2024-10-18 00:00:00-04:00,411.42595928887886,413.9015564113299,410.5580088636597,412.4319763183594,17145300,0.0,0.0
2024-10-21 00:00:00-04:00,410.4199513395574,413.22104518863654,408.08242059822123,413.04351806640625,14206100,0.0,0.0
2024-10-22 00:00:00-04:00,412.75746835174544,424.68185459098345,412.31365056093216,421.6539306640625,25482200,0.0,0.0
2024-10-23 00:00:00-04:00,424.9580432083023,425.17503084101816,416.74216121867397,418.7838134765625,19654400,0.0,0.0
2024-10-24 00:00:00-04:00,419.5037443233538,420.14486459281426,416.61388718387514,418.9119873046875,13581600,0.0,0.0
2024-10-25 00:00:00-04:00,420.9142122484759,426.5952907757042,420.72681247783265,422.28515625,16899100,0.0,0.0
2024-10-28 00:00:00-04:00,425.74710969864265,426.02327304477956,420.46051551603273,420.7465515136719,14882400,0.0,0.0
2024-10-29 00:00:00-04:00,422.1372373224,427.2364316805858,419.9673609785876,426.03314208984375,17644100,0.0,0.0
2024-10-30 00:00:00-04:00,431.44797128826104,432.49344905360795,426.1811219516409,426.605224609375,29749100,0.0,0.0
2024-10-31 00:00:00-04:00,409.6703738017444,410.4594334413064,400.73448031809437,400.7838134765625,53971000,0.0,0.0
2024-11-01 00:00:00-04:00,403.40733166804887,409.8084210802644,401.91800623395363,404.7486877441406,24230400,0.0,0.0
2024-11-04 00:00:00-05:00,404.18650910637746,404.7980415718176,400.01447130701087,402.8648681640625,19672300,0.0,0.0
2024-11-05 00:00:00-05:00,402.7761220934701,409.21667261639857,402.49008610038965,405.82379150390625,17626000,0.0,0.0
2024-11-06 00:00:00-05:00,406.77063429083336,414.6906371773605,404.89663664059157,414.42431640625,26681800,0.0,0.0
2024-11-07 00:00:00-05:00,415.5093002796819,421.00300957645607,414.1284835164612,419.6024475097656,19901800,0.0,0.0
2024-11-08 00:00:00-05:00,419.4939322441371,420.65776126477715,416.0024150826717,416.75201416015625,16891400,0.0,0.0
2024-11-11 00:00:00-05:00,416.7322586188732,418.9908983471605,410.3015812107333,412.2840576171875,24503300,0.0,0.0
2024-11-12 00:00:00-05:00,412.5207686609151,418.6259798148705,411.485163708279,417.23529052734375,19401200,0.0,0.0
2024-11-13 00:00:00-05:00,415.8643777407356,423.44901221052845,412.481339102593,419.3756103515625,21502200,0.0,0.0
2024-11-14 00:00:00-05:00,419.17829445283394,422.304884622317,414.24678510633004,421.04241943359375,30246900,0.0,0.0
2024-11-15 00:00:00-05:00,414.06929022111444,417.0084507566798,407.9739514183208,409.3153076171875,28247600,0.0,0.0
2024-11-18 00:00:00-05:00,409.1871181522339,412.66876311229754,406.45507236642675,410.06494140625,24727000,0.0,0.0
2024-11-19 00:00:00-05:00,407.45119206262405,412.2150474297726,405.9125633985823,412.0671081542969,18133500,0.0,0.0
2024-11-20 00:00:00-05:00,411.1596854793811,411.57394553855335,404.9558378403451,409.798583984375,19191700,0.0,0.0
2024-11-21 00:00:00-05:00,414.5818472703372,414.85856338751086,405.47983232208855,408.0295715332031,20780200,0.83,0.0
2024-11-22 00:00:00-05:00,406.54717570369087,412.50647998528166,406.2408124943726,412.1111755371094,24814600,0.0,0.0
2024-11-25 00:00:00-05:00,413.4749606494442,416.14328803070504,409.9863472135053,413.8801574707031,27691100,0.0,0.0
2024-11-26 00:00:00-05:00,414.6707766023476,424.0099980685231,413.93946191933657,422.9722900390625,23458900,0.0,0.0
2024-11-27 00:00:00-05:00,420.12608556589345,422.22125646736464,417.07231569319254,418.03094482421875,18332400,0.0,0.0
2024-11-29 00:00:00-05:00,415.16493646523105,419.8987878079345,412.90177557031507,418.49542236328125,16271900,0.0,0.0
2024-12-02 00:00:00-05:00,416.62759418862754,427.92358362660957,416.37063273208213,425.9272766113281,20207200,0.0,0.0
2024-12-03 00:00:00-05:00,424.8006430250728,427.3998142862311,422.72525694948587,426.14471435546875,18302000,0.0,0.0
2024-12-04 00:00:00-05:00,427.95320145991604,434.5153692878957,427.5578970490266,432.291748046875,26009400,0.0,0.0
2024-12-05 00:00:00-05:00,432.7859365018672,439.4469085884485,431.0564531129943,437.4308166503906,21697800,0.0,0.0
2024-12-06 00:00:00-05:00,437.1145294101148,440.8699968788184,436.5907442566123,438.3696594238281,18821000,0.0,0.0
2024-12-09 00:00:00-05:00,437.4110061952819,443.0738089240489,435.3356203613735,440.7908935546875,19144400,0.0,0.0
2024-12-10 00:00:00-05:00,439.1800773312265,444.3487425824553,436.42277827381423,438.1324768066406,18469500,0.0,0.0
2024-12-11 00:00:00-05:00,438.84401807874156,445.0701760009867,438.84401807874156,443.7261047363281,19200200,0.0,0.0
2024-12-12 00:00:00-05:00,443.8446618873549,450.81202644259827,443.8446618873549,444.2893981933594,20834800,0.0,0.0
2024-12-13 00:00:00-05:00,443.1825414368637,446.13747735633456,440.3560560775405,442.0262451171875,20177800,0.0,0.0
2024-12-16 00:00:00-05:00,442.02626356510217,446.8787030896928,440.0596036741231,446.2956237792969,23598800,0.0,0.0
2024-12-17 00:00:00-05:00,445.7224537683285,449.9522746519603,444.2993336430134,449.1319885253906,22733500,0.0,0.0
2024-12-18 00:00:00-05:00,446.0287948744165,447.34318887069384,431.89642797238076,432.2621154785156,24444500,0.0,0.0
2024-12-19 00:00:00-05:00,436.44249480171817,437.9842031344139,431.2046434354816,431.90631103515625,22963700,0.0,0.0
2024-12-20 00:00:00-05:00,428.03224964237955,438.53762947103075,423.6047919913248,431.4813537597656,64263700,0.0,0.0
2024-12-23 00:00:00-05:00,431.619738686297,432.5190736490341,427.755575118412,430.147216796875,19152500,0.0,0.0
2024-12-24 00:00:00-05:00,429.5541964268554,434.4461751355928,429.09959787026054,434.1793212890625,7164500,0.0,0.0
2024-12-26 00:00:00-05:00,433.9322924323696,435.7705018127553,431.5110338839644,432.9736633300781,8194200,0.0,0.0
2024-12-27 00:00:00-05:00,429.5048352492743,430.117561657289,421.351556737901,425.4825439453125,18117700,0.0,0.0
2024-12-30 00:00:00-05:00,421.0649558192297,422.5374777077036,416.9537232035626,419.849365234375,13158700,0.0,0.0
2024-12-31 00:00:00-05:00,421.1044871129431,421.72710593306806,415.72826227096317,416.55841064453125,13246500,0.0,0.0
2025-01-02 00:00:00-05:00,420.54116958363784,421.0748471756245,409.98638702094667,413.6726379394531,16896500,0.0,0.0
2025-01-03 00:00:00-05:00,416.1432822085411,419.05870873446685,414.62135874681445,418.3866882324219,16662900,0.0,0.0
2025-01-06 00:00:00-05:00,422.98218924692804,429.2281017096726,420.4917442238413,422.8339538574219,20573600,0.0,0.0
2025-01-07 00:00:00-05:00,423.9704889084133,425.6011386030249,415.8666120215368,417.418212890625,18139100,0.0,0.0
2025-01-08 00:00:00-05:00,418.49544017357744,421.96429936103294,416.5979667184096,419.5825500488281,15054600,0.0,0.0
2025-01-10 00:00:00-05:00,419.65173171033285,419.73078053679086,410.1543816529302,414.038330078125,20201100,0.0,0.0
2025-01-13 00:00:00-05:00,410.37173879197206,413.5935283774193,407.456342530109,412.29888916015625,17604800,0.0,0.0
2025-01-14 00:00:00-05:00,412.9116481684101,414.8190138642203,405.90477401390683,410.7967529296875,16935900,0.0,0.0
2025-01-15 00:00:00-05:00,414.21622605843163,423.13046690209615,413.3662928073742,421.3120422363281,19637800,0.0,0.0
2025-01-16 00:00:00-05:00,423.67398737859014,424.45470380326,419.4145196873236,419.6022644042969,15300000,0.0,0.0
2025-01-17 00:00:00-05:00,429.00082793237107,429.386270141353,423.1502495011057,424.0001525878906,26197500,0.0,0.0
2025-01-21 00:00:00-05:00,425.15636919236704,425.848144332173,420.6102933259344,423.4762878417969,26085700,0.0,0.0
2025-01-22 00:00:00-05:00,432.4301508467356,442.02630472978717,430.88844231911156,440.9688720703125,27803800,0.0,0.0
2025-01-23 00:00:00-05:00,436.81806704057095,441.5123788470024,436.3239289556834,441.47283935546875,18389300,0.0,0.0
2025-01-24 00:00:00-05:00,439.94102216929423,441.4135440071518,436.225094129831,438.8539123535156,15549500,0.0,0.0
2025-01-27 00:00:00-05:00,419.03899970511213,430.09781275609777,418.53496919379126,429.4653015136719,35647800,0.0,0.0
2025-01-28 00:00:00-05:00,429.5048071593075,443.1232508667098,426.32255685114393,441.95709228515625,23491700,0.0,0.0
2025-01-29 00:00:00-05:00,441.45306462654537,441.6408395030523,435.23679935643304,437.1441650390625,23581400,0.0,0.0
2025-01-30 00:00:00-05:00,413.86040812362955,417.90245411076046,408.3161931892364,410.1247253417969,54586300,0.0,0.0
2025-01-31 00:00:00-05:00,414.06796458574274,415.7579084081136,410.0456732964256,410.19390869140625,34161900,0.0,0.0
2025-02-03 00:00:00-05:00,406.774468051233,410.53979775772405,403.8689337668832,406.1024475097656,25679100,0.0,0.0
2025-02-04 00:00:00-05:00,407.8516865143663,409.0672770356713,404.9362598096777,407.5354309082031,20532100,0.0,0.0
2025-02-05 00:00:00-05:00,407.515689607161,408.97831905399164,405.5885389886856,408.4446716308594,16316700,0.0,0.0
2025-02-06 00:00:00-05:00,409.14633744300244,413.2971094519946,409.14633744300244,410.94500732421875,16309800,0.0,0.0
2025-02-07 00:00:00-05:00,411.5972455590395,413.74178783038474,403.3154869234488,404.9461364746094,22886800,0.0,0.0
2025-02-10 00:00:00-05:00,408.85972888435845,410.5892121947109,406.10246006462063,407.38720703125,20817900,0.0,0.0
2025-02-11 00:00:00-05:00,404.8374480391833,407.6540108795472,404.50140761463905,406.6163330078125,18140600,0.0,0.0
2025-02-12 00:00:00-05:00,402.435914112503,405.93442005448907,399.6292135248499,404.2444763183594,19121700,0.0,0.0
2025-02-13 00:00:00-05:00,402.2283921851393,406.1814967766394,401.5958809737979,405.7268981933594,23891700,0.0,0.0
2025-02-14 00:00:00-05:00,403.00912053959007,404.1159849495273,401.1215095634391,403.6416015625,22758500,0.0,0.0
2025-02-18 00:00:00-05:00,403.2166759889158,405.78620005413757,401.7342617389566,404.83746337890625,21423100,0.0,0.0
2025-02-19 00:00:00-05:00,403.09808061190597,410.61884763156144,402.8707662400353,409.90728759765625,24114200,0.0,0.0
2025-02-20 00:00:00-05:00,411.24414537664296,415.2249706128277,408.520936591177,412.0759582519531,23508700,0.83,0.0
2025-02-21 00:00:00-05:00,413.27418223243296,413.97725680128366,403.91626425407014,404.2331237792969,27524800,0.0,0.0
2025-02-24 00:00:00-05:00,404.5301894031576,405.38179653354615,395.4297185716828,400.0641174316406,26443700,0.0,0.0
2025-02-25 00:00:00-05:00,397.1923965138258,398.00441513588805,392.8352683816966,394.0235595703125,29387400,0.0,0.0
2025-02-26 00:00:00-05:00,394.13247941305536,399.6680163656564,390.409100766333,395.8357238769531,19619000,0.0,0.0
2025-02-27 00:00:00-05:00,397.36074580317216,401.7871994813194,388.3494237890168,388.7059020996094,21127400,0.0,0.0
2025-02-28 00:00:00-05:00,388.83457315322374,393.75615489111334,382.80390768064325,393.12237548828125,32845700,0.0,0.0
2025-03-03 00:00:00-05:00,394.93461038215554,394.93461038215554,382.39794340981075,384.7052307128906,23007700,0.0,0.0
2025-03-04 00:00:00-05:00,379.6648014174362,388.75535997703025,377.2881889484286,384.82403564453125,29342900,0.0,0.0
2025-03-05 00:00:00-05:00,385.5469260754551,397.7568203379533,385.02209070764377,397.1131286621094,23433100,0.0,0.0
2025-03-06 00:00:00-05:00,390.43881857931865,398.2321421191711,388.8544001591339,393.0234069824219,23304600,0.0,0.0
2025-03-07 00:00:00-05:00,388.49795642753014,390.95377648794664,381.7840095954452,389.4783020019531,22034100,0.0,0.0
2025-03-10 00:00:00-04:00,382.08104715568106,382.6355890788174,373.5450301742595,376.4563903808594,32840100,0.0,0.0
2025-03-11 00:00:00-04:00,375.30770541349494,382.23950999896846,373.2380702422645,376.74359130859375,30380200,0.0,0.0
2025-03-12 00:00:00-04:00,379.21921226907705,381.4670864515663,375.2581813231993,379.53607177734375,24253600,0.0,0.0
2025-03-13 00:00:00-04:00,379.4271716632625,381.5661320778761,373.7728082450696,375.0799255371094,20473000,0.0,0.0
2025-03-14 00:00:00-04:00,376.08007458561946,386.42827981726157,375.8127158813028,384.7745361328125,19952800,0.0,0.0
2025-03-17 00:00:00-04:00,382.9327228246585,388.884151955574,381.8137266185015,384.9132385253906,22474300,0.0,0.0
2025-03-18 00:00:00-04:00,383.29909421372145,383.59615946585757,377.38725393405446,379.7836608886719,19486900,0.0,0.0
2025-03-19 00:00:00-04:00,381.7740797920575,385.8836435250732,380.2589866011294,384.0417785644531,19185500,0.0,0.0
2025-03-20 00:00:00-04:00,381.9819995370129,387.9730768170586,379.5459740311176,383.0712890625,18470500,0.0,0.0
2025-03-21 00:00:00-04:00,379.4865617188815,387.92354654843615,379.0706401827953,387.4482421875,39675900,0.0,0.0
2025-03-24 00:00:00-04:00,391.54792412450786,391.54792412450786,386.012386704804,389.2505187988281,21004500,0.0,0.0
2025-03-25 00:00:00-04:00,390.08236222676067,392.4985634335279,388.81483346341923,391.3102722167969,15775000,0.0,0.0
2025-03-26 00:00:00-04:00,391.1518020411883,391.4587795188397,384.784452111458,386.1708068847656,16108400,0.0,0.0
2025-03-27 00:00:00-04:00,386.3292434732889,388.4186727261189,383.62582905803845,386.77484130859375,13766800,0.0,0.0
2025-03-28 00:00:00-04:00,384.2992097422753,385.3389984995421,373.2578420054409,375.109619140625,21632000,0.0,0.0
2025-03-31 00:00:00-04:00,368.91063894364476,373.3965054432232,363.6622546184452,371.7328796386719,35184700,0.0,0.0
2025-04-01 00:00:00-04:00,371.0000917512926,379.12021808448793,369.59394254927554,378.4666442871094,19689500,0.0,0.0
2025-04-02 00:00:00-04:00,374.28778647795883,381.3285057692582,372.9509322445945,378.41717529296875,16092600,0.0,0.0
2025-04-03 00:00:00-04:00,371.1386925275575,373.80248816308017,365.75168821202425,369.47503662109375,30198000,0.0,0.0
2025-04-04 00:00:00-04:00,360.5825648601157,370.94065262193254,355.97787229621173,356.3343505859375,49209900,0.0,0.0
2025-04-07 00:00:00-04:00,347.4616768226877,367.38565979064595,341.43101018463227,354.3736572265625,50425000,0.0,0.0
2025-04-08 00:00:00-04:00,364.6723484414274,370.00982228854286,346.8377957272636,351.1058044433594,35868900,0.0,0.0
2025-04-09 00:00:00-04:00,350.09575274548115,389.3990874327872,349.6600368937789,386.6857604980469,50199700,0.0,0.0
2025-04-10 00:00:00-04:00,378.33787067807094,380.1599412978202,364.21678559967916,377.6347961425781,38024400,0.0,0.0
2025-04-11 00:00:00-04:00,376.93176841990726,386.2500683401823,375.1988171553271,384.6656799316406,23839200,0.0,0.0
2025-04-14 00:00:00-04:00,389.38915847164185,390.8052198187617,380.46692636349223,384.0318603515625,19251200,0.0,0.0
2025-04-15 00:00:00-04:00,384.72502208345617,388.0720978871573,380.4173951184577,381.97210693359375,17199900,0.0,0.0
2025-04-16 00:00:00-04:00,376.9614172312142,377.8922316795949,364.41483869971677,367.9896545410156,21967800,0.0,0.0
2025-04-17 00:00:00-04:00,370.10883089247193,370.6732850580017,363.31567729138493,364.1969909667969,21120200,0.0,0.0
2025-04-21 00:00:00-04:00,359.28530344299344,360.92913483987803,352.20496698178397,355.621337890625,20807300,0.0,0.0
2025-04-22 00:00:00-04:00,359.8399094372396,364.1871257695989,356.35418239578945,363.24639892578125,19485000,0.0,0.0
2025-04-23 00:00:00-04:00,372.3963282706759,376.68416126561135,369.38593623911186,370.74261474609375,20545500,0.0,0.0
2025-04-24 00:00:00-04:00,372.0398589139721,384.6656455709585,371.53481777720657,383.5268249511719,22232300,0.0,0.0
2025-04-25 00:00:00-04:00,383.2297752805051,388.33950924401097,380.8531625631297,388.03253173828125,18973200,0.0,0.0
2025-04-28 00:00:00-04:00,388.1414067328739,388.9138065441973,382.87325863987553,387.3492126464844,16579400,0.0,0.0
2025-04-29 00:00:00-04:00,387.48784509297593,391.2508426713115,386.5768248872523,390.201171875,14974000,0.0,0.0
2025-04-30 00:00:00-04:00,386.4976013857663,392.7956566127169,380.6947052715702,391.4093017578125,36461100,0.0,0.0
2025-05-01 00:00:00-04:00,426.9100091091665,432.7327295827746,420.76051687113977,421.2556457519531,58938100,0.0,0.0
2025-05-02 00:00:00-04:00,427.533877248033,435.1588741169636,425.80092616148227,431.0393981933594,30757400,0.0,0.0
2025-05-05 00:00:00-04:00,428.6528467821077,435.21826018394785,427.9002412578344,431.92071533203125,20136100,0.0,0.0
2025-05-06 00:00:00-04:00,427.9894209087166,433.46554517602334,426.9694566129341,429.0885925292969,15104200,0.0,0.0
2025-05-07 00:00:00-04:00,429.6134515274466,433.8517538131467,426.9100367836598,429.12823486328125,23295300,0.0,0.0
2025-05-08 00:00:00-04:00,433.66356271096413,439.3476626606329,431.41568853142036,433.9012451171875,23491300,0.0,0.0
2025-05-09 00:00:00-04:00,435.7133964534002,436.4461774951318,431.6335394854884,434.4557800292969,15324200,0.0,0.0
2025-05-12 00:00:00-04:00,441.5955462250109,444.9921230759706,435.4955548202822,444.8832092285156,22821900,0.0,0.0
2025-05-13 00:00:00-04:00,443.41763796979524,446.2794975271711,441.021200788799,444.764404296875,23618800,0.0,0.0
2025-05-14 00:00:00-04:00,443.7741186799948,449.4779827199474,443.7741186799948,448.52734375,19902800,0.0,0.0
2025-05-15 00:00:00-04:00,447.1979616790238,452.57502540604634,446.860659567107,449.5392761230469,21992300,0.83,0.0
2025-05-16 00:00:00-04:00,448.4678177382938,450.7595102326154,445.17414935289,450.67022705078125,23849800,0.0,0.0
2025-05-19 00:00:00-04:00,447.3071495873714,455.9481214834615,447.2277665675242,455.23382568359375,21336500,0.0,0.0
2025-05-20 00:00:00-04:00,451.9797952414424,454.7080036018212,450.719869916101,454.53936767578125,15441800,0.0,0.0
2025-05-21 00:00:00-04:00,450.967885651573,454.1524403651085,448.22974686474834,448.9837341308594,19216900,0.0,0.0
2025-05-22 00:00:00-04:00,451.3448676580097,456.6028569421555,450.30316997101943,451.25555419921875,18025600,0.0,0.0
2025-05-23 00:00:00-04:00,446.4142434023006,450.0948358464348,445.3527151156796,446.6126403808594,16883500,0.0,0.0
2025-05-27 00:00:00-04:00,452.86273735527834,457.29731705224054,452.5055743512772,457.03936767578125,20974300,0.0,0.0
2025-05-28 00:00:00-04:00,457.56514563572654,458.8548319074409,453.309132497874,453.7357177734375,17086300,0.0,0.0
2025-05-29 00:00:00-04:00,457.8925405838875,458.0612067791374,451.7019977235154,455.0452880859375,13974800,0.0,0.0
2025-05-30 00:00:00-04:00,456.07703188956276,458.02149174118404,451.93016282180776,456.7119445800781,34770500,0.0,0.0
2025-06-02 00:00:00-04:00,453.51752207653715,458.44810948050275,453.2695031394806,458.3092346191406,16626500,0.0,0.0
2025-06-03 00:00:00-04:00,457.8131864599202,460.4620419695056,457.20800452370844,459.3013000488281,15743800,0.0,0.0
2025-06-04 00:00:00-04:00,460.3231275179124,461.9997378828715,459.35088242690273,460.19415283203125,14162700,0.0,0.0
2025-06-05 00:00:00-04:00,461.2755213187348,465.92835889810493,460.35289815926444,463.9739685058594,20131700,0.0,0.0
2025-06-06 00:00:00-04:00,466.3648469522318,469.5890928719542,465.06523024972654,466.6525573730469,15285600,0.0,0.0
2025-06-09 00:00:00-04:00,465.9779957450024,469.67841894667356,464.90653697170796,469.0038146972656,16469900,0.0,0.0
2025-06-10 00:00:00-04:00,467.45617352695865,469.0534009468453,463.25968221899245,467.1883239746094,15375900,0.0,0.0
2025-06-11 00:00:00-04:00,466.29544434484353,471.7022694228479,465.9383115986028,468.8748474121094,16399200,0.0,0.0
2025-06-12 00:00:00-04:00,471.2557893550323,476.6130223697302,469.7676758011157,475.0752868652344,18950600,0.0,0.0
2025-06-13 00:00:00-04:00,472.6348110082228,475.3828499324856,469.0137405811006,471.1962890625,16814500,0.0,0.0
2025-06-16 00:00:00-04:00,471.44428961660435,476.8808754060361,471.23596219473825,475.3431701660156,15626100,0.0,0.0
2025-06-17 00:00:00-04:00,471.63279762120845,474.9463269378011,470.3232503868908,474.25189208984375,15414100,0.0,0.0
2025-06-18 00:00:00-04:00,474.21223862682587,477.18846606590637,470.70028177150056,476.4344787597656,17526500,0.0,0.0
2025-06-20 00:00:00-04:00,478.4086860483398,479.62891980922967,473.09114443804276,473.616943359375,37576200,0.0,0.0
2025-06-23 00:00:00-04:00,474.42052531416374,483.884936234588,468.76571183115124,482.1488037109375,24864000,0.0,0.0
2025-06-24 00:00:00-04:00,485.07541514458467,487.9524285572733,482.9424282150726,486.2261962890625,22305600,0.0,0.0
2025-06-25 00:00:00-04:00,488.1409520653471,490.64097201284227,485.5119574284625,488.3691101074219,17495100,0.0,0.0
2025-06-26 00:00:00-04:00,489.0735376490357,494.0934387633337,488.9048714420965,493.50811767578125,21578900,0.0,0.0
2025-06-27 00:00:00-04:00,493.60726767719865,495.3434002058453,489.12309627390664,492.0100402832031,34539200,0.0,0.0
2025-06-30 00:00:00-04:00,493.1013206195562,496.79184348109624,491.404849352638,493.4683837890625,28369000,0.0,0.0
2025-07-01 00:00:00-04:00,492.53583641461546,494.10330273882704,487.08935037246306,488.1508483886719,19945400,0.0,0.0
2025-07-02 00:00:00-04:00,486.10716647659297,489.589361899926,484.82741061180644,487.1984558105469,16319600,0.0,0.0
2025-07-03 00:00:00-04:00,489.8969147231798,496.1668406146565,489.5298515465148,494.8870544433594,13984800,0.0,0.0
2025-07-07 00:00:00-04:00,493.4386378219278,494.7977767455099,491.3056810299541,493.77593994140625,13981600,0.0,0.0
2025-07-08 00:00:00-04:00,493.2997134401056,494.25212791462184,490.1945116420166,492.68463134765625,11846600,0.0,0.0
2025-07-09 00:00:00-04:00,496.3354652236218,502.76412671878114,495.77990524850594,499.5200500488281,18659500,0.0,0.0
2025-07-10 00:00:00-04:00,499.06366987607214,500.4426696344743,493.8056807647675,497.5061340332031,16492100,0.0,0.0
2025-07-11 00:00:00-04:00,494.5200000462786,501.0280145407016,493.85529597280816,499.3315734863281,16459500,0.0,0.0
2025-07-14 00:00:00-04:00,497.5457914873048,499.9763890495242,497.0596840851599,499.0339050292969,12058800,0.0,0.0
2025-07-15 00:00:00-04:00,499.03393728805895,504.2720960834484,498.80577924001653,501.811767578125,14927200,0.0,0.0
2025-07-16 00:00:00-04:00,501.17679603649344,502.70460109528983,497.9128887743687,501.6133117675781,15154400,0.0,0.0
2025-07-17 00:00:00-04:00,501.6728265840105,509.30189104591364,501.6133044647972,507.6451416015625,17503100,0.0,0.0
2025-07-18 00:00:00-04:00,510.4030974050004,510.5618634291492,503.40897568442307,506.0082092285156,21209700,0.0,0.0
2025-07-21 00:00:00-04:00,502.69469811942383,508.03210080948105,501.54388660874696,506.0181579589844,14066800,0.0,0.0
2025-07-22 00:00:00-04:00,506.92092641726225,507.1491147296819,501.2660827636719,501.2660827636719,13868600,0.0,0.0
2025-07-23 00:00:00-04:00,502.73439015336794,502.77408166088094,496.73234393031225,501.8613586425781,16396600,0.0,0.0
2025-07-24 00:00:00-04:00,504.73836945889843,509.59953458867506,503.28001689239056,506.8316650390625,16107000,0.0,0.0
2025-07-25 00:00:00-04:00,508.409026924469,514.1829150146133,506.3157616392057,509.6392517089844,19125700,0.0,0.0
2025-07-28 00:00:00-04:00,510.0063088656235,510.91900158393673,506.07766717141,508.4388122558594,14308000,0.0,0.0
2025-07-29 00:00:00-04:00,511.4448055642593,513.5182098314434,507.50623361872493,508.50823974609375,16469200,0.0,0.0
2025-07-30 00:00:00-04:00,511.08764202727673,511.86149016920456,505.4030674134904,509.1729431152344,26380400,0.0,0.0
2025-07-31 00:00:00-04:00,550.8301860551579,551.0484742016899,527.6851029610986,529.2723999023438,51617300,0.0,0.0
2025-08-01 00:00:00-04:00,530.7605061500977,531.5541546097426,516.7325410439772,519.956787109375,28977600,0.0,0.0
2025-08-04 00:00:00-04:00,524.0838536533402,533.9847498429226,523.9449485218581,531.3954467773438,25349000,0.0,0.0
2025-08-05 00:00:00-04:00,532.9231983823397,533.0422426180032,523.0619638515897,523.5679321289062,19171600,0.0,0.0
2025-08-06 00:00:00-04:00,526.6930052823053,527.4866537198485,519.8774501718309,520.7802124023438,21355700,0.0,0.0
2025-08-07 00:00:00-04:00,522.6254396329194,523.9052559727172,513.4487398823029,516.7127075195312,16079100,0.0,0.0
2025-08-08 00:00:00-04:00,518.4587582353118,520.502431840537,515.2940341981842,517.9031982421875,15531000,0.0,0.0
2025-08-11 00:00:00-04:00,518.1611446296885,523.4092640243366,515.6015722772428,517.6353759765625,20194400,0.0,0.0
2025-08-12 00:00:00-04:00,519.5996565820958,526.7723446368122,518.5579891899393,525.046142578125,18667000,0.0,0.0
2025-08-13 00:00:00-04:00,527.8934364066101,528.4787877679453,515.2544004746543,516.454833984375,19619200,0.0,0.0
2025-08-14 00:00:00-04:00,518.4191046945965,521.7822560401938,516.0182983192124,518.3397216796875,20269100,0.0,0.0
2025-08-15 00:00:00-04:00,518.6274679925785,521.9310366989816,514.9667059909838,516.0480346679688,25213300,0.0,0.0
2025-08-18 00:00:00-04:00,517.4568516493948,518.6770855269226,509.94683045407294,513.0023803710938,23760600,0.0,0.0
2025-08-19 00:00:00-04:00,510.9189744125155,511.0776798784135,504.5200741760794,505.73040771484375,21481000,0.0,0.0
2025-08-20 00:00:00-04:00,505.829663283555,506.9507137373093,500.4426991689255,501.7125549316406,27723000,0.0,0.0
2025-08-21 00:00:00-04:00,500.5200933584279,504.43529989468334,499.55619671725805,501.0666198730469,18443300,0.83,0.0
2025-08-22 00:00:00-04:00,501.0765850227361,507.5158151187978,499.2481684011306,504.037841796875,24324200,0.0,0.0
2025-08-25 00:00:00-04:00,503.44159720621536,504.9917771303553,500.9473838488724,501.0865173339844,21638600,0.0,0.0
2025-08-26 00:00:00-04:00,501.18583887731603,501.8019624337255,495.37267961289456,498.8804626464844,30835700,0.0,0.0
2025-08-27 00:00:00-04:00,498.8407434548062,504.09746017877256,496.75395340313815,503.5509033203125,17277900,0.0,0.0
2025-08-28 00:00:00-04:00,503.89867767213724,507.87350408410515,502.3186878124423,506.4326477050781,18015600,0.0,0.0
2025-08-29 00:00:00-04:00,505.4588240002719,506.39291066950057,501.3150539612025,503.501220703125,20961600,0.0,0.0
2025-09-02 00:00:00-04:00,497.32034095368414,502.81553721257154,493.68337117589067,501.9410705566406,18128000,0.0,0.0
2025-09-03 00:00:00-04:00,500.619436889999,504.59426313425837,499.158687032213,502.16961669921875,16345100,0.0,0.0
2025-09-04 00:00:00-04:00,501.1262461318779,504.95202275876863,499.983489561643,504.7731628417969,15509500,0.0,0.0
2025-09-05 00:00:00-04:00,505.86625611105876,508.7479993566889,489.27134277765646,491.8847961425781,31994800,0.0,0.0
2025-09-08 00:00:00-04:00,494.975206462802,498.04578670760833,491.9146033142146,495.0646667480469,16771000,0.0,0.0
2025-09-09 00:00:00-04:00,498.27429847652155,499.0891451753406,494.5677922273047,495.2733154296875,14410500,0.0,0.0
2025-09-10 00:00:00-04:00,499.81456783685906,500.06299449245154,493.5939546766565,497.2209777832031,21611800,0.0,0.0
2025-09-11 00:00:00-04:00,499.08915061774627,500.00337405269875,494.7466575341409,497.8569641113281,18881600,0.0,0.0
2025-09-12 00:00:00-04:00,503.4614629424367,509.32432605160386,500.67909648146514,506.6910095214844,23624900,0.0,0.0
2025-09-15 00:00:00-04:00,505.58800862213144,512.2259313574772,503.80926524972944,512.1166381835938,17143800,0.0,0.0
2025-09-16 00:00:00-04:00,513.6270820344445,513.9748550906477,505.3991924428879,505.83642578125,19711900,0.0,0.0
2025-09-17 00:00:00-04:00,507.4064717390096,508.07226852063866,502.74598524416496,506.81024169921875,15816600,0.0,0.0
2025-09-18 00:00:00-04:00,508.270968235188,509.84104161182444,504.4650853819943,505.2501220703125,18913700,0.0,0.0
2025-09-19 00:00:00-04:00,507.34685812925306,516.0318444319288,507.09843147001845,514.6704711914062,52474100,0.0,0.0
2025-09-22 00:00:00-04:00,512.3452424901319,514.48167541423,509.3143886623668,511.21240234375,20009300,0.0,0.0
2025-09-23 00:00:00-04:00,510.56645428814153,511.35152134239047,504.1173079645634,506.0252380371094,19799600,0.0,0.0
2025-09-24 00:00:00-04:00,507.16798604562155,509.2547456727144,503.72976965544393,506.9394226074219,13533700,0.0,0.0
2025-09-25 00:00:00-04:00,505.10107733704126,506.8003375404676,501.8616142840625,503.8390808105469,15786500,0.0,0.0
2025-09-26 00:00:00-04:00,506.849997214163,510.70558375978015,503.4316440082871,508.2411804199219,16213100,0.0,0.0
2025-09-29 00:00:00-04:00,508.2809533120173,513.5972596483151,505.677446731691,511.3614196777344,17617800,0.0,0.0
2025-09-30 00:00:00-04:00,510.0099885223437,514.8990082310244,506.45253207823936,514.6903686523438,19728200,0.0,0.0
2025-10-01 00:00:00-04:00,511.56013673304216,517.2342231556227,508.4697238165545,516.4392700195312,22632300,0.0,0.0
2025-10-02 00:00:00-04:00,514.3823296081488,518.3173691617891,507.4661094259624,512.4942626953125,21222900,0.0,0.0
2025-10-03 00:00:00-04:00,513.8456285403139,517.2143082734997,511.75886906280147,514.0940551757812,15112300,0.0,0.0
2025-10-06 00:00:00-04:00,515.3461902238155,527.6880704621805,514.9387971845453,525.2435302734375,21388600,0.0,0.0
2025-10-07 00:00:00-04:00,524.9652461341774,526.4657528279373,518.1583800775612,520.682373046875,14615200,0.0,0.0
2025-10-08 00:00:00-04:00,519.9868698926625,523.6337564909833,519.798063194055,521.5469360351562,13363400,0.0,0.0
2025-10-09 00:00:00-04:00,519.0527457511332,521.0302122328587,514.1438325922749,519.1123657226562,18343600,0.0,0.0
2025-10-10 00:00:00-04:00,516.3697201998212,520.2849266906686,506.42270727517143,507.74432373046875,24133800,0.0,0.0
2025-10-13 00:00:00-04:00,513.1600441163425,513.1600441163425,508.45983088995337,510.8149108886719,14284200,0.0,0.0
2025-10-14 00:00:00-04:00,507.0189143190136,512.0371506947121,502.815524609146,510.337890625,14684300,0.0,0.0
2025-10-15 00:00:00-04:00,511.7192223799748,513.9351689053381,506.79041532984223,510.1988220214844,14694700,0.0,0.0
2025-10-16 00:00:00-04:00,509.3541552294708,513.597241245564,504.93214864922606,508.3902282714844,15559600,0.0,0.0
2025-10-17 00:00:00-04:00,505.8364332653001,512.235876086287,504.1173098719632,510.3478698730469,19867800,0.0,0.0
2025-10-20 00:00:00-04:00,511.3713853844849,515.4356724346321,510.1988187679518,513.5376586914062,14665600,0.0,0.0
2025-10-21 00:00:00-04:00,514.2431942660954,515.4257076122852,509.81124074780416,514.4021606445312,15586200,0.0,0.0
2025-10-22 00:00:00-04:00,517.870184130928,521.9244631183706,514.4518312300626,517.2639770507812,18962700,0.0,0.0
2025-10-23 00:00:00-04:00,519.1720024577996,520.6526156742948,515.3461954332505,517.283935546875,14023500,0.0,0.0
2025-10-24 00:00:00-04:00,519.4999115166443,522.0437982801024,517.4330452189278,520.3147583007812,15532400,0.0,0.0
2025-10-27 00:00:00-04:00,528.4333612309177,531.2157277722118,525.6807743511338,528.1749877929688,18734700,0.0,0.0
2025-10-28 00:00:00-04:00,546.5385938392855,550.2351530342114,537.3667019364588,538.6585083007812,29986700,0.0,0.0
2025-10-29 00:00:00-04:00,541.5104645203966,542.8321112501552,533.3521116884923,538.1417846679688,36023000,0.0,0.0
2025-10-30 00:00:00-04:00,527.1414993194383,531.6032326010347,518.834126044735,522.4512329101562,41023100,0.0,0.0
2025-10-31 00:00:00-04:00,525.5515477587454,525.9887810857076,511.85824179468614,514.5512084960938,34006400,0.0,0.0
2025-11-03 00:00:00-05:00,516.5385956979154,521.6562086548496,511.3514766558802,513.776123046875,22374700,0.0,0.0
2025-11-04 00:00:00-05:00,508.53927600780713,512.3054020147877,504.64393297114844,511.0931091308594,20958700,0.0,0.0
2025-11-05 00:00:00-05:00,510.06960470137113,511.5900049686576,503.39189488693165,503.96826171875,23024300,0.0,0.0
2025-11-06 00:00:00-05:00,502.47768369906356,502.51744045426454,492.6896676102462,493.9715576171875,27406500,0.0,0.0
2025-11-07 00:00:00-05:00,493.8225155697467,496.2372153715257,490.1457889557352,493.6933288574219,24019800,0.0,0.0
2025-11-10 00:00:00-05:00,496.8930989278779,503.6602390221828,495.6608820179433,502.8155822753906,26101500,0.0,0.0
2025-11-11 00:00:00-05:00,501.6230817360039,506.39289163210333,499.18851875070465,505.4786682128906,17980000,0.0,0.0
2025-11-12 00:00:00-05:00,506.1543604609167,508.4498505213197,495.9788149582036,507.9231872558594,26574900,0.0,0.0
2025-11-13 00:00:00-05:00,507.09842927280135,510.2683558569415,498.13520636364063,500.12261962890625,25273100,0.0,0.0
2025-11-14 00:00:00-05:00,495.0944623167857,508.38031503091224,494.30942559248354,506.96923828125,28505700,0.0,0.0
2025-11-17 00:00:00-05:00,505.2501533046029,508.8970396915909,501.73242330739504,504.2961730957031,19092800,0.0,0.0
2025-11-18 00:00:00-05:00,492.2524466910109,499.8145698875434,483.71651040889276,490.6824035644531,33815100,0.0,0.0
2025-11-19 00:00:00-05:00,487.0156390818261,492.0736023312663,479.79137227085766,484.05438232421875,23245300,0.0,0.0
2025-11-20 00:00:00-05:00,490.5255566668064,491.3817596467919,473.39186588492817,476.3088684082031,26802500,0.91,0.0
2025-11-21 00:00:00-05:00,476.3785437287191,476.796695003642,466.19388806310616,470.0268249511719,31769200,0.0,0.0
2025-11-24 00:00:00-05:00,472.8940955697233,474.7856658755464,465.9450303435204,471.8985290527344,34421000,0.0,0.0
2025-11-25 00:00:00-05:00,471.9681767111092,477.0256407210385,462.82888433135173,474.8752136230469,28019800,0.0,0.0
2025-11-26 00:00:00-05:00,484.1539100429923,486.14504291080743,479.06658014921754,483.3475036621094,25709100,0.0,0.0
2025-11-28 00:00:00-05:00,485.4382224868377,490.44592067381114,484.49242217644115,489.82867431640625,14386700,0.0,0.0
2025-12-01 00:00:00-05:00,486.27447583839387,487.68816317334665,482.5012705124726,484.5820007324219,23964000,0.0,0.0
2025-12-02 00:00:00-05:00,484.56211884124775,491.312058367048,484.16389832530854,487.82757568359375,19562700,0.0,0.0
2025-12-03 00:00:00-05:00,474.2082166599713,482.09308589504883,473.0931871020635,475.6119689941406,34615100,0.0,0.0
2025-12-04 00:00:00-05:00,477.6329620200481,479.186043226252,474.3774403367437,478.7081604003906,22318200,0.0,0.0
2025-12-05 00:00:00-05:00,480.3807061976695,481.2568095233099,476.7568601661199,481.01788330078125,22608700,0.0,0.0
2025-12-08 00:00:00-05:00,482.74025101921535,490.11737199051475,482.2325023858298,488.8430480957031,21965900,0.0,0.0
2025-12-09 00:00:00-05:00,486.93155551686203,489.93815525049575,486.33420957194573,489.8385925292969,14696100,0.0,0.0
2025-12-10 00:00:00-05:00,481.88401246545567,482.10303829287767,472.973680864489,476.4382629394531,35756200,0.0,0.0
2025-12-11 00:00:00-05:00,474.51683677020293,483.8751552220924,473.750231167373,481.3265075683594,24669200,0.0,0.0
2025-12-12 00:00:00-05:00,477.69270598810584,480.31105063829824,474.22812377070755,476.4084167480469,21248100,0.0,0.0
2025-12-15 00:00:00-05:00,477.97146396596463,478.588710310573,470.42505317808707,472.7148742675781,23727700,0.0,0.0
2025-12-16 00:00:00-05:00,469.8177748762136,475.7712732838117,468.79234263095657,474.2779235839844,20705600,0.0,0.0
2025-12-17 00:00:00-05:00,474.79560024235434,477.8718969329872,472.8940646732686,474.00909423828125,24527200,0.0,0.0
2025-12-18 00:00:00-05:00,476.06992080908344,487.4293375934554,475.7712630284666,481.8342590332031,28573500,0.0,0.0
2025-12-19 00:00:00-05:00,485.1992432324443,485.68709144559693,480.35083955461556,483.7656555175781,70836100,0.0,0.0
2025-12-22 00:00:00-05:00,483.9647726311972,486.5632169440421,480.5499868948874,482.7701110839844,16963000,0.0,0.0
2025-12-23 00:00:00-05:00,482.829854335465,485.66719456773416,482.5908977144131,484.6915588378906,14683600,0.0,0.0
2025-12-24 00:00:00-05:00,483.5267014178325,486.99128356758627,482.680463867149,485.8563232421875,5855900,0.0,0.0
2025-12-26 00:00:00-05:00,484.5521629916047,485.95591540329985,483.8054881161676,485.5477294921875,8842200,0.0,0.0
2025-12-29 00:00:00-05:00,482.71034015280554,486.1848877649252,482.0333622504328,484.9404296875,10893400,0.0,0.0
2025-12-30 00:00:00-05:00,483.77560983811236,487.5089841188462,483.3475235456682,485.3187561035156,13944500,0.0,0.0
2025-12-31 00:00:00-05:00,485.6771523949816,485.97584057107747,481.15727202744546,481.4758605957031,15601600,0.0,0.0
2026-01-02 00:00:00-05:00,482.24244872265706,482.5112407273309,468.07552715971417,470.84320068359375,25571600,0.0,0.0
2026-01-05 00:00:00-05:00,471.95822796941724,473.95932625248497,467.41844739653146,470.75360107421875,25250300,0.0,0.0
2026-01-06 00:00:00-05:00,471.69937935780575,476.617480129593,467.6673473241013,476.3885192871094,23037700,0.0,0.0
2026-01-07 00:00:00-05:00,477.63296458601815,487.5288974221053,475.83099176167434,481.3265075683594,25564200,0.0,0.0
2026-01-08 00:00:00-05:00,479.10639276886474,480.5201105081445,473.7502403609407,475.9902648925781,18162600,0.0,0.0
2026-01-09 00:00:00-05:00,471.9582322108041,477.6927047258898,470.106493184136,477.15509033203125,18491000,0.0,0.0
2026-01-12 00:00:00-05:00,474.5566738594685,478.85749783991434,473.57104241242143,475.06439208984375,23519900,0.0,0.0
2026-01-13 00:00:00-05:00,472.57548334410274,473.6706125344443,463.88420753037366,468.5832824707031,28545800,0.0,0.0
2026-01-14 00:00:00-05:00,464.3919508718589,466.12425727832346,455.14315976714454,457.3433532714844,28184300,0.0,0.0
2026-01-15 00:00:00-05:00,462.06232415810086,462.191752665677,453.8787662235596,454.6354064941406,23225800,0.0,0.0
2026-01-16 00:00:00-05:00,455.8001987238622,461.13645097900303,454.4562082505655,457.8211975097656,34246700,0.0,0.0
2026-01-20 00:00:00-05:00,449.2194951600843,454.77474258752966,447.28809381488645,452.5048522949219,26130000,0.0,0.0
2026-01-21 00:00:00-05:00,450.5933708341933,450.6829681667298,436.73507280530305,442.1409912109375,37980500,0.0,0.0
2026-01-22 00:00:00-05:00,445.6354487179439,450.8323067932568,442.7284117030413,449.1398620605469,25349400,0.0,0.0
2026-01-23 00:00:00-05:00,449.8665935761158,469.01134678020316,448.5325382185013,463.8841857910156,38000200,0.0,0.0
2026-01-26 00:00:00-05:00,463.2470104625561,472.14737672642065,459.9516880286902,468.1949768066406,29291200,0.0,0.0
2026-01-27 00:00:00-05:00,471.59986874099184,480.72919663912324,471.06225431764057,478.4493408203125,29213900,0.0,0.0
2026-01-28 00:00:00-05:00,481.0676409982362,481.59528998521284,475.8807484603396,479.4946594238281,36875400,0.0,0.0
2026-01-29 00:00:00-05:00,438.0392806211351,440.5381621786467,419.1533835040837,431.57806396484375,128855300,0.0,0.0
2026-01-30 00:00:00-05:00,437.2229285851671,437.65101486434605,424.55932220203715,428.3822937011719,58566800,0.0,0.0
2026-02-02 00:00:00-05:00,428.33251789753194,428.8303011436502,420.37795134689077,421.49298095703125,42219900,0.0,0.0
2026-02-03 00:00:00-05:00,420.1390072256922,420.178808008447,406.7486263222299,409.3868713378906,61424100,0.0,0.0
2026-02-04 00:00:00-05:00,409.17783910585314,417.93881231579195,407.4256323109538,412.35369873046875,45012400,0.0,0.0
2026-02-05 00:00:00-05:00,405.6335909812077,406.4897635323938,390.5806313349955,391.9246520996094,66289200,0.0,0.0
2026-02-06 00:00:00-05:00,397.4002746193236,400.0086538663787,391.17798428483076,399.3615417480469,53515300,0.0,0.0
2026-02-09 00:00:00-05:00,403.0550898097971,413.05058563481117,399.0927243377603,411.76629638671875,45480500,0.0,0.0
2026-02-10 00:00:00-05:00,417.75959730190846,421.80159473973595,410.8702943432265,411.437744140625,44857900,0.0,0.0
2026-02-11 00:00:00-05:00,414.33481566901673,414.61357304478975,399.2320904458023,402.5771789550781,42491000,0.0,0.0
2026-02-12 00:00:00-05:00,403.20440420967,404.3990960787573,396.24540458526855,400.05841064453125,40802400,0.0,0.0
2026-02-13 00:00:00-05:00,402.65686886295305,403.7420326637702,396.2852191820681,399.5407409667969,34091600,0.0,0.0
2026-02-17 00:00:00-05:00,397.45004705087115,398.7442713079252,392.78083787972264,395.1004943847656,32078800,0.0,0.0
2026-02-18 00:00:00-05:00,396.3648548030424,400.77520665339193,394.56288205367116,397.8283386230469,23223400,0.0,0.0
2026-02-19 00:00:00-05:00,399.82403795970674,403.55594539020564,395.8127368785549,397.5988464355469,28234000,0.91,0.0
2026-02-20 00:00:00-05:00,395.2539159508346,399.2552593187824,394.3059873534157,396.37152099609375,34015200,0.0,0.0
2026-02-23 00:00:00-05:00,394.14630950985264,394.50551684604494,382.27203437696886,383.6390686035156,43238300,0.0,0.0
2026-02-24 00:00:00-05:00,383.30981969967445,388.5185091169527,380.88504821898124,388.1593017578125,33884700,0.0,0.0
2026-02-25 00:00:00-05:00,389.68597856263057,400.60233728073825,389.31678308531696,399.7342224121094,43625500,0.0,0.0
2026-02-26 00:00:00-05:00,403.8353349281015,406.6093255926281,397.8782360341113,400.851806640625,34405900,0.0,0.0
2026-02-27 00:00:00-05:00,390.03523926255787,395.9624042352165,389.0374004516944,391.8912048339844,51367200,0.0,0.0
2026-03-02 00:00:00-05:00,392.01092411942045,400.32293811697235,389.78576315389057,397.6886291503906,35474900,0.0,0.0
2026-03-03 00:00:00-05:00,392.2903484387299,405.82103971635513,391.82136299902305,403.0570068359375,38199200,0.0,0.0
2026-03-04 00:00:00-05:00,400.4027502952161,410.14166638677375,399.44483360720756,404.32427978515625,35808000,0.0,0.0
2026-03-05 00:00:00-05:00,403.54596943015656,410.72040218284053,403.525993165685,409.79241943359375,39001300,0.0,0.0
2026-03-06 00:00:00-05:00,408.31564337314285,412.1572983375802,407.6271321747383,408.0761413574219,31123900,0.0,0.0
2026-03-09 00:00:00-04:00,404.044890641513,409.3234358422322,402.62794618065146,408.5251770019531,30131900,0.0,0.0
2026-03-10 00:00:00-04:00,409.1438479339772,409.31349393117443,402.05918625996463,404.8830871582031,31706400,0.0,0.0
2026-03-11 00:00:00-04:00,404.6934855668013,408.1260534422115,400.7220762180728,404.0049743652344,25512100,0.0,0.0
2026-03-12 00:00:00-04:00,403.7555185610488,405.2422886286942,400.84181586601125,400.9914855957031,27263900,0.0,0.0
2026-03-13 00:00:00-04:00,400.13336309353434,403.9251383935716,393.3979511212616,394.69512939453125,26848000,0.0,0.0
2026-03-16 00:00:00-04:00,397.209690545171,399.7641553863696,393.9367805641587,399.08563232421875,27733700,0.0,0.0
2026-03-17 00:00:00-04:00,399.4049101655112,403.5259891234105,396.8903674487218,398.5467834472656,26228300,0.0,0.0
2026-03-18 00:00:00-04:00,396.271723303423,397.13983817793417,390.1549666521916,390.9432678222656,25908500,0.0,0.0
2026-03-19 00:00:00-04:00,389.2569126674818,391.6417315076428,386.2234742615233,388.1792297363281,25138800,0.0,0.0
2026-03-20 00:00:00-04:00,385.95408868282834,386.16362631018524,379.29849030352204,381.0447082519531,50853200,0.0,0.0
2026-03-23 00:00:00-04:00,383.07032058481127,386.3731646745857,380.85511716508233,382.1722717285156,29680100,0.0,0.0
2026-03-24 00:00:00-04:00,381.53362193174286,381.6434000325674,371.04635704379217,371.9344177246094,42733600,0.0,0.0
2026-03-25 00:00:00-04:00,376.10542586510894,376.2451074667104,368.831172255135,370.2381286621094,31181200,0.0,0.0
2026-03-26 00:00:00-04:00,370.01860155518807,373.9101668945663,364.4007640805619,365.1790771484375,36836600,0.0,0.0
2026-03-27 00:00:00-04:00,361.11784971721505,361.6666793192034,355.73951450811694,355.9989318847656,37883400,0.0,0.0
2026-03-30 00:00:00-04:00,361.1178525849577,364.5703662773937,355.51000344849933,358.1842041015625,44797000,0.0,0.0
2026-03-31 00:00:00-04:00,363.7621155862403,372.09407550142714,362.28533367877645,369.3699951171875,45244400,0.0,0.0
2026-04-01 00:00:00-04:00,372.682807332766,373.1817267376728,367.4042619540212,368.57171630859375,29417200,0.0,0.0
2026-04-02 00:00:00-04:00,366.41637016886637,372.83249667260446,363.3629859357669,372.6528625488281,24099100,0.0,0.0
2026-04-06 00:00:00-04:00,372.682794233078,372.92229624611906,368.70142726638517,372.0741271972656,16146600,0.0,0.0
2026-04-07 00:00:00-04:00,369.5396147715723,371.64507045865594,365.7677853538718,371.48541259765625,21443300,0.0,0.0
2026-04-08 00:00:00-04:00,384.148004001906,384.167949815935,370.6073237610428,373.52099609375,33064800,0.0,0.0
2026-04-09 00:00:00-04:00,371.6949574789129,372.6927962909368,366.2567237727329,372.26373291015625,30435300,0.0,0.0
2026-04-10 00:00:00-04:00,372.17393720824543,374.8281921461914,369.23030048358606,370.0684814453125,28111100,0.0,0.0
2026-04-13 00:00:00-04:00,372.8025510733858,383.70895264062807,370.2181521550117,383.539306640625,35745800,0.0,0.0
2026-04-14 00:00:00-04:00,387.0816509997633,393.83700889302276,385.684652281273,392.2604064941406,37504500,0.0,0.0
2026-04-15 00:00:00-04:00,397.1398382929036,413.47445440771634,395.8725939925935,410.3312683105469,45063400,0.0,0.0
2026-04-16 00:00:00-04:00,418.95258572248235,419.9105328997013,411.2492993874727,419.35174560546875,41642400,0.0,0.0
2026-04-17 00:00:00-04:00,423.9018933176335,430.64726300981,419.78081413338697,421.87628173828125,48568200,0.0,0.0
2026-04-20 00:00:00-04:00,420.2398034863272,422.4150847565369,415.40027922801784,417.1664733886719,27582200,0.0,0.0
2026-04-21 00:00:00-04:00,419.33177508554746,426.25677891783357,416.2983670043314,423.2433166503906,32048500,0.0,0.0
2026-04-22 00:00:00-04:00,425.2689090952171,432.7626880248645,422.7543663498755,431.984375,29378200,0.0,0.0
2026-04-23 00:00:00-04:00,418.9825380949446,422.7443793162959,410.5208543154444,414.8514709472656,38308000,0.0,0.0
2026-04-24 00:00:00-04:00,416.0688403922519,424.0316048781353,414.9013556123021,423.7023010253906,27457400,0.0,0.0
2026-04-27 00:00:00-04:00,421.46715688013995,426.1869149113369,416.1686352924954,423.9018859863281,30867300,0.0,0.0
2026-04-28 00:00:00-04:00,423.6524179624475,428.99086152362304,420.9881750222059,428.3222961425781,30438100,0.0,0.0
2026-04-29 00:00:00-04:00,423.6623688360089,425.8975483734993,419.38166246548025,423.5426330566406,38288300,0.0,0.0
2026-04-30 00:00:00-04:00,409.92216255995794,413.5243765293071,397.1498378648014,406.8987121582031,70909400,0.0,0.0
2026-05-01 00:00:00-04:00,411.9078412872606,416.2085240460113,409.5529563541748,413.5443115234375,31372400,0.0,0.0
2026-05-04 00:00:00-04:00,410.6505829404435,419.87060358807366,409.91216153093814,412.72607421875,28066500,0.0,0.0
2026-05-05 00:00:00-04:00,414.42242364358015,415.8792597859335,407.916495085617,410.4909362792969,25700900,0.0,0.0
2026-05-06 00:00:00-04:00,407.11822745622237,417.51572107575487,404.23445872829495,413.0653381347656,30285900,0.0,0.0
2026-05-07 00:00:00-04:00,419.2020489501835,427.05506598481406,417.8549909144547,419.8606262207031,34942400,0.0,0.0
2026-05-08 00:00:00-04:00,416.48795292910256,417.7252633012779,413.105264767488,414.22283935546875,33383800,0.0,0.0
2026-05-11 00:00:00-04:00,406.9885016374445,411.79809190456297,404.6236285818644,411.7681579589844,35657900,0.0,0.0
2026-05-12 00:00:00-04:00,413.58422243338293,414.6020070114768,405.76117016707224,406.8887023925781,38594200,0.0,0.0
2026-05-13 00:00:00-04:00,402.3286237155428,405.4318878236479,400.1633000811369,404.3342590332031,29667100,0.0,0.0
2026-05-14 00:00:00-04:00,403.6058516736889,410.94993067744383,400.013625877668,408.5451354980469,27077500,0.0,0.0
2026-05-15 00:00:00-04:00,413.3746572242232,427.24464052002446,412.01761111071977,421.0081481933594,50771200,0.0,0.0
2026-05-18 00:00:00-04:00,415.71960624154525,424.2012362508279,414.7117792841577,422.6246643066406,32564100,0.0,0.0
2026-05-19 00:00:00-04:00,428.9708919761278,431.7648588737268,415.58987007798993,416.51788330078125,33018700,0.0,0.0
2026-05-20 00:00:00-04:00,413.2749005432513,421.18775475321456,410.4110776678385,420.1499938964844,27864000,0.0,0.0
2026-05-21 00:00:00-04:00,424.75,426.3399963378906,415.7099914550781,419.0899963378906,31393500,0.91,0.0
2026-05-22 00:00:00-04:00,419.5400085449219,424.3999938964844,416.3299865722656,418.57000732421875,22390300,0.0,0.0
2026-05-26 00:00:00-04:00,416.42999267578125,419.7699890136719,413.0199890136719,416.0299987792969,30398000,0.0,0.0
2026-05-27 00:00:00-04:00,411.010009765625,415.94000244140625,409.5799865722656,412.6700134277344,28901500,0.0,0.0
2026-05-28 00:00:00-04:00,412.9800109863281,429.489990234375,412.6700134277344,426.989990234375,47250500,0.0,0.0
2026-05-29 00:00:00-04:00,432.54998779296875,450.3299865722656,432.3599853515625,450.239990234375,79654400,0.0,0.0
2026-06-01 00:00:00-04:00,464.8399963378906,466.32000732421875,458.2699890136719,460.5199890136719,53628900,0.0,0.0
2026-06-02 00:00:00-04:00,446.8800048828125,453.5,440.42999267578125,441.30999755859375,37036800,0.0,0.0
2026-06-03 00:00:00-04:00,438.45001220703125,440.3900146484375,424.25,427.3399963378906,39037000,0.0,0.0
2026-06-04 00:00:00-04:00,435.80999755859375,436.1499938964844,426.4100036621094,428.04998779296875,26899500,0.0,0.0
2026-06-05 00:00:00-04:00,428.3399963378906,429.4700012207031,414.3999938964844,416.6700134277344,34782200,0.0,0.0
2026-06-08 00:00:00-04:00,414.1400146484375,417.1600036621094,408.55999755859375,411.739990234375,32086700,0.0,0.0
2026-06-09 00:00:00-04:00,409.0299987792969,411.9800109863281,398.4800109863281,403.4100036621094,35317300,0.0,0.0
2026-06-10 00:00:00-04:00,398.54998779296875,405.0400085449219,397.1600036621094,397.3599853515625,32576000,0.0,0.0
2026-06-11 00:00:00-04:00,395.2099914550781,396.8500061035156,384.0,390.3399963378906,47224100,0.0,0.0
2026-06-12 00:00:00-04:00,391.42999267578125,391.739990234375,382.2699890136719,390.739990234375,34865800,0.0,0.0
2026-06-15 00:00:00-04:00,396.79998779296875,401.75,392.8500061035156,399.760009765625,32266400,0.0,0.0
2026-06-16 00:00:00-04:00,395.7900085449219,396.8399963378906,390.69000244140625,393.8299865722656,31506800,0.0,0.0
2026-06-17 00:00:00-04:00,390.25,390.3699951171875,377.32000732421875,378.9100036621094,41987800,0.0,0.0
2026-06-18 00:00:00-04:00,377.82000732421875,381.3699951171875,373.2799987792969,379.3999938964844,59714200,0.0,0.0
2026-06-22 00:00:00-04:00,375.739990234375,381.6300048828125,367.07000732421875,367.3399963378906,45171100,0.0,0.0
2026-06-23 00:00:00-04:00,372.3800048828125,377.2200012207031,370.6700134277344,373.94000244140625,40647600,0.0,0.0
2026-06-24 00:00:00-04:00,371.57000732421875,378.8800048828125,364.7799987792969,365.4599914550781,44509900,0.0,0.0
2026-06-25 00:00:00-04:00,362.7699890136719,364.2300109863281,349.20001220703125,352.8299865722656,66179000,0.0,0.0
2026-06-26 00:00:00-04:00,357.1499938964844,376.6099853515625,355.42999267578125,372.9700012207031,186201600,0.0,0.0
2026-06-29 00:00:00-04:00,377.5,380.5,359.8999938964844,368.57000732421875,51229900,0.0,0.0
2026-06-30 00:00:00-04:00,371.0299987792969,374.1499938964844,367.45001220703125,373.0199890136719,44945700,0.0,0.0
2026-07-01 00:00:00-04:00,380.8299865722656,388.8299865722656,374.8900146484375,384.2799987792969,48065800,0.0,0.0
2026-07-02 00:00:00-04:00,384.4800109863281,392.20001220703125,383.70001220703125,390.489990234375,42194400,0.0,0.0
