Date,Open,High,Low,Close,Volume,Dividends,Stock Splits
2021-07-05 00:00:00+05:30,2912.751969004065,2940.6418741531165,2877.889587567751,2894.44921875,1972858,0.0,0.0
2021-07-06 00:00:00+05:30,2887.4770937903954,2900.550488419691,2837.8854352765143,2843.2890625,2159420,0.0,0.0
2021-07-07 00:00:00+05:30,2854.357585378772,2861.068551496173,2825.2475809189878,2854.31396484375,2640710,0.0,0.0
2021-07-08 00:00:00+05:30,2874.4024206222666,2874.4024206222666,2816.7922688010135,2839.975830078125,2485811,0.0,0.0
2021-07-09 00:00:00+05:30,2832.567861149529,2860.4577600900784,2789.861453396813,2796.093017578125,6365067,0.0,0.0
2021-07-12 00:00:00+05:30,2819.49457096593,2820.366130338717,2778.8364113386365,2782.976318359375,1892226,0.0,0.0
2021-07-13 00:00:00+05:30,2801.192601831849,2801.192601831849,2767.2017768562914,2778.139892578125,1809339,0.0,0.0
2021-07-14 00:00:00+05:30,2777.6596400020444,2808.164217159268,2775.916521307346,2801.671142578125,2044279,0.0,0.0
2021-07-15 00:00:00+05:30,2819.184519112929,2822.896730614884,2789.836126410262,2797.653564453125,2232968,7.0,0.0
2021-07-16 00:00:00+05:30,2806.4321146858747,2812.4154119318237,2788.089421125836,2790.53515625,1256526,0.0,0.0
2021-07-19 00:00:00+05:30,2777.6074802121598,2794.902060002589,2774.1136343251005,2781.62548828125,1597058,0.0,0.0
2021-07-20 00:00:00+05:30,2781.6259668093744,2808.1791148200396,2756.775813064705,2800.143310546875,1811945,0.0,0.0
2021-07-22 00:00:00+05:30,2786.342357051715,2816.8697957122436,2786.342357051715,2809.358154296875,2859334,0.0,0.0
2021-07-23 00:00:00+05:30,2821.2805602259114,2831.369082897258,2800.88514951478,2806.30078125,1776193,0.0,0.0
2021-07-26 00:00:00+05:30,2795.076949858996,2816.2583923696466,2787.0848620044726,2792.93701171875,1259611,0.0,0.0
2021-07-27 00:00:00+05:30,2795.0768878645167,2803.8115031390935,2761.142822223809,2780.184326171875,1121367,0.0,0.0
2021-07-28 00:00:00+05:30,2784.5955513391964,2798.963951857688,2736.0310015940213,2793.155517578125,1660654,0.0,0.0
2021-07-29 00:00:00+05:30,2795.296041931866,2817.3072359847115,2786.605139931036,2791.4091796875,1731997,0.0,0.0
2021-07-30 00:00:00+05:30,2811.6727376362114,2815.603314622655,2762.191225983625,2766.645751953125,2999943,0.0,0.0
2021-08-02 00:00:00+05:30,2777.6074324192127,2816.825766527671,2766.25243348165,2812.021728515625,2608669,0.0,0.0
2021-08-03 00:00:00+05:30,2820.4069892493094,2873.688137079662,2811.6286591294147,2869.2333984375,3804735,0.0,0.0
2021-08-04 00:00:00+05:30,2882.4226577298195,2886.96461441979,2848.5323123167254,2859.6689453125,2929598,0.0,0.0
2021-08-05 00:00:00+05:30,2860.586370931835,2895.5248304241322,2849.668102340492,2868.40380859375,2534521,0.0,0.0
2021-08-06 00:00:00+05:30,2858.446469339697,2903.3860207844823,2851.851792377056,2890.98291015625,2292362,0.0,0.0
2021-08-09 00:00:00+05:30,2903.298355204732,2914.7407852103993,2891.157326654606,2902.250244140625,1510489,0.0,0.0
2021-08-10 00:00:00+05:30,2896.049271108757,2926.008832406461,2896.049271108757,2912.033447265625,2040777,0.0,0.0
2021-08-11 00:00:00+05:30,2926.0961488608095,2934.8307642305435,2906.0939649630977,2921.030029296875,1929707,0.0,0.0
2021-08-12 00:00:00+05:30,2905.132878638491,2941.8182607499816,2905.132878638491,2927.62451171875,1310205,0.0,0.0
2021-08-13 00:00:00+05:30,2935.4857463855783,3039.646030624656,2932.646996500656,3025.146484375,4363584,0.0,0.0
2021-08-16 00:00:00+05:30,3022.176753470583,3052.180240931902,3001.6504084686876,3033.488037109375,2083489,0.0,0.0
2021-08-17 00:00:00+05:30,3041.480342454519,3110.221719131916,3024.7971426810414,3103.452392578125,4336019,0.0,0.0
2021-08-18 00:00:00+05:30,3121.6207437384664,3140.094370801781,3089.084299979811,3110.003662109375,2631309,0.0,0.0
2021-08-20 00:00:00+05:30,3062.3559918055994,3122.6248347703986,3057.1152228521387,3109.086181640625,2836148,0.0,0.0
2021-08-23 00:00:00+05:30,3126.9922993746472,3208.2242222354967,3111.182560271568,3177.12890625,3744176,0.0,0.0
2021-08-24 00:00:00+05:30,3194.249116348361,3203.2895293351253,3139.5703341165326,3155.991455078125,2511141,0.0,0.0
2021-08-25 00:00:00+05:30,3153.1957514059936,3229.8419916236876,3150.61908284588,3195.995361328125,2123263,0.0,0.0
2021-08-26 00:00:00+05:30,3196.869122383676,3220.976745326856,3186.3001528276395,3207.2197265625,1902533,0.0,0.0
2021-08-27 00:00:00+05:30,3202.109619317413,3257.5744204157913,3189.095129240541,3249.407470703125,3944728,0.0,0.0
2021-08-30 00:00:00+05:30,3244.9094952186683,3267.051829697669,3220.976735250082,3232.943115234375,2033114,0.0,0.0
2021-08-31 00:00:00+05:30,3240.0185843520367,3322.7355738468605,3234.821530143705,3307.31884765625,3207480,0.0,0.0
2021-09-01 00:00:00+05:30,3315.6598191363482,3333.740429346746,3237.9217464537523,3244.86572265625,2643336,0.0,0.0
2021-09-02 00:00:00+05:30,3261.505486236113,3370.819115881548,3251.0239474479945,3351.253662109375,3403717,0.0,0.0
2021-09-03 00:00:00+05:30,3340.9902512143804,3368.8535878797816,3323.1280061155453,3355.8828125,1746812,0.0,0.0
2021-09-06 00:00:00+05:30,3362.5647263498754,3386.934430383509,3331.3821931484454,3364.57373046875,1723693,0.0,0.0
2021-09-07 00:00:00+05:30,3375.0553326995914,3380.2523861240065,3326.359852679405,3333.041748046875,1585039,0.0,0.0
2021-09-08 00:00:00+05:30,3327.8883877901417,3332.2556953856665,3280.72146575847,3296.57470703125,4147175,0.0,0.0
2021-09-09 00:00:00+05:30,3310.1572478338157,3326.753017556797,3288.58278984343,3311.64208984375,1441148,0.0,0.0
2021-09-13 00:00:00+05:30,3290.329823827149,3364.9233586382898,3290.329823827149,3358.765625,1691473,0.0,0.0
2021-09-14 00:00:00+05:30,3362.783908250082,3403.443593989588,3340.991080972712,3394.184814453125,1991188,0.0,0.0
2021-09-15 00:00:00+05:30,3390.865213451585,3476.377015029846,3376.802397011403,3454.1474609375,2461369,0.0,0.0
2021-09-16 00:00:00+05:30,3432.703949488855,3477.9055854649487,3399.599841483605,3409.382568359375,2946666,0.0,0.0
2021-09-17 00:00:00+05:30,3423.9688793978444,3445.805415618494,3323.520812782857,3343.4794921875,6477148,0.0,0.0
2021-09-20 00:00:00+05:30,3327.01474032147,3381.1693514792364,3326.010344929612,3339.679931640625,2002008,0.0,0.0
2021-09-21 00:00:00+05:30,3369.8148354860814,3381.650282754764,3338.064421190229,3374.138427734375,1568129,0.0,0.0
2021-09-22 00:00:00+05:30,3373.7454941304222,3403.748985959733,3364.9671622340657,3373.439697265625,1744067,0.0,0.0
2021-09-23 00:00:00+05:30,3380.2964536338195,3388.157608177154,3349.7252970764075,3379.641357421875,2003869,0.0,0.0
2021-09-24 00:00:00+05:30,3397.7653284748635,3445.281550083093,3367.19417513383,3381.431640625,2320754,0.0,0.0
2021-09-27 00:00:00+05:30,3406.5000155572484,3409.9938617270504,3321.686814486319,3351.42822265625,1673362,0.0,0.0
2021-09-28 00:00:00+05:30,3362.8267262073114,3362.8267262073114,3276.572404333812,3300.94189453125,2253075,0.0,0.0
2021-09-29 00:00:00+05:30,3284.0408688426596,3324.3947509152617,3251.1549126304035,3312.078857421875,2489161,0.0,0.0
2021-09-30 00:00:00+05:30,3323.5210059352767,3323.5210059352767,3275.568054906828,3297.797607421875,2252412,0.0,0.0
2021-10-01 00:00:00+05:30,3303.2135130286547,3327.888804029662,3253.6445656195515,3258.1865234375,1578374,0.0,0.0
2021-10-04 00:00:00+05:30,3253.4698752268573,3304.8729634637243,3238.3152308655813,3295.832763671875,1356860,0.0,0.0
2021-10-05 00:00:00+05:30,3278.9742119661323,3354.091895031952,3268.1433755207263,3348.23974609375,1877966,0.0,0.0
2021-10-06 00:00:00+05:30,3350.5982851665585,3369.333991530842,3314.786363974737,3328.67431640625,1678154,0.0,0.0
2021-10-07 00:00:00+05:30,3345.3576943401195,3405.6265405305808,3336.666794676636,3400.29833984375,1647233,0.0,0.0
2021-10-08 00:00:00+05:30,3428.336392186259,3485.023958314772,3406.49985465641,3437.638671875,2934339,0.0,0.0
2021-10-11 00:00:00+05:30,3279.848126861973,3282.0317807413753,3196.869279444693,3219.22998046875,11845402,0.0,0.0
2021-10-12 00:00:00+05:30,3237.0481705945313,3237.9216320544865,3171.189261812868,3190.623779296875,5752877,0.0,0.0
2021-10-13 00:00:00+05:30,3188.1343126120823,3210.3638640053305,3183.7670053345314,3192.67626953125,3545655,0.0,0.0
2021-10-14 00:00:00+05:30,3172.3732920313196,3211.754477725501,3157.6709399741703,3160.51513671875,6442299,7.0,0.0
2021-10-18 00:00:00+05:30,3153.514585721593,3196.6151131193105,3151.76431049732,3191.758056640625,3590107,0.0,0.0
2021-10-19 00:00:00+05:30,3210.8797331869355,3229.345221312506,3172.5486650226335,3180.381103515625,3135441,0.0,0.0
2021-10-20 00:00:00+05:30,3160.9968321962406,3176.7493081041953,3131.5047394776734,3158.240234375,2933693,0.0,0.0
2021-10-21 00:00:00+05:30,3154.0825254935367,3157.014107344847,3072.8259392243617,3091.422607421875,4871211,0.0,0.0
2021-10-22 00:00:00+05:30,3115.489176480275,3116.8894817975106,3049.8538707959997,3061.974609375,2691670,0.0,0.0
2021-10-25 00:00:00+05:30,3065.6069429891672,3075.7148247703158,3019.224651245397,3056.811767578125,2595594,0.0,0.0
2021-10-26 00:00:00+05:30,3058.1674669622207,3088.3597055114255,3041.1022886518003,3047.75341796875,3878763,0.0,0.0
2021-10-27 00:00:00+05:30,3048.1035647364606,3072.826196290812,3048.1035647364606,3054.0107421875,2510813,0.0,0.0
2021-10-28 00:00:00+05:30,3078.7333928501857,3078.7333928501857,2988.5942400748677,2994.413818359375,2424942,0.0,0.0
2021-10-29 00:00:00+05:30,2975.5111498956726,3028.8507351056073,2963.17162630388,2973.498291015625,3960501,0.0,0.0
2021-11-01 00:00:00+05:30,3008.6786457031258,3051.6041788190378,2986.800210236973,3042.32763671875,2020718,0.0,0.0
2021-11-02 00:00:00+05:30,3057.7304430162308,3074.883223579942,3036.5083585161897,3049.154052734375,3087414,0.0,0.0
2021-11-03 00:00:00+05:30,3066.6565801646902,3080.396195266675,3033.2701722298416,3056.19873046875,1537639,0.0,0.0
2021-11-04 00:00:00+05:30,3074.3146481553817,3074.5772321717463,3067.3573468332656,3070.551513671875,328991,0.0,0.0
2021-11-08 00:00:00+05:30,3104.9884067094604,3104.9884067094604,3046.5291684966774,3065.388427734375,2526082,0.0,0.0
2021-11-09 00:00:00+05:30,3069.982341397558,3093.6110538313474,3059.480691426985,3067.969482421875,1782692,0.0,0.0
2021-11-10 00:00:00+05:30,3061.2307953933705,3080.2212352978518,3045.653306076,3049.241455078125,1516489,0.0,0.0
2021-11-11 00:00:00+05:30,3045.478943483215,3071.7768719190476,3006.972887875956,3052.655029296875,1284514,0.0,0.0
2021-11-12 00:00:00+05:30,3068.232015188849,3092.867049870975,3050.466681553837,3085.778564453125,1747259,0.0,0.0
2021-11-15 00:00:00+05:30,3087.4851985153273,3123.8910051396083,3087.4851985153273,3109.626220703125,1809157,0.0,0.0
2021-11-16 00:00:00+05:30,3123.3654399590746,3129.0976327693324,3099.7367297100145,3112.338623046875,2013204,0.0,0.0
2021-11-17 00:00:00+05:30,3107.263099990461,3117.983533699684,3068.5818539674124,3082.146484375,1632914,0.0,0.0
2021-11-18 00:00:00+05:30,3076.239463289162,3081.227917908715,3020.624646710882,3041.71533203125,2136598,0.0,0.0
2021-11-22 00:00:00+05:30,3044.078434976218,3076.939893428129,3010.735821786596,3026.57568359375,3167936,0.0,0.0
2021-11-23 00:00:00+05:30,3014.8489143573643,3046.3100671183884,2982.2938396390264,3031.6953125,2153461,0.0,0.0
2021-11-24 00:00:00+05:30,3038.6524730061487,3056.8991758736497,2996.4708870125883,3013.361083984375,2161746,0.0,0.0
2021-11-25 00:00:00+05:30,3013.8857114671073,3030.6009218524678,3005.2657359705536,3015.635986328125,1849619,0.0,0.0
2021-11-26 00:00:00+05:30,2997.3459336245774,3054.229871051029,2985.881546926754,3016.4677734375,1941251,0.0,0.0
2021-11-29 00:00:00+05:30,3016.7305498565015,3088.6670328724526,2981.1124915891824,3064.73193359375,2981745,0.0,0.0
2021-11-30 00:00:00+05:30,3055.105044565359,3118.771298358579,3055.105044565359,3088.491455078125,5588446,0.0,0.0
2021-12-01 00:00:00+05:30,3093.610967944755,3141.7435289735986,3093.610967944755,3131.06689453125,2102118,0.0,0.0
2021-12-02 00:00:00+05:30,3141.0434888119357,3192.501616814279,3127.8290406863075,3188.038330078125,3152938,0.0,0.0
2021-12-03 00:00:00+05:30,3191.1451121389855,3208.2102934852182,3177.4930952559694,3185.894287109375,2486263,0.0,0.0
2021-12-06 00:00:00+05:30,3185.894030279183,3201.2527349839775,3082.234043907482,3094.8359375,1849642,0.0,0.0
2021-12-07 00:00:00+05:30,3117.6771519656027,3148.744531304488,3084.2469442533907,3136.93017578125,1484458,0.0,0.0
2021-12-08 00:00:00+05:30,3151.369672091311,3191.144622860841,3151.369672091311,3174.03564453125,1428660,0.0,0.0
2021-12-09 00:00:00+05:30,3159.246495979602,3180.906149934033,3120.7404445050583,3152.026611328125,1567957,0.0,0.0
2021-12-10 00:00:00+05:30,3137.3675474360034,3187.250378734149,3128.7037727258034,3182.69970703125,1510718,0.0,0.0
2021-12-13 00:00:00+05:30,3194.2515775651827,3204.753226587315,3151.982397519782,3158.939697265625,1883864,0.0,0.0
2021-12-14 00:00:00+05:30,3154.870857709162,3181.1249841256044,3130.104422391659,3171.323486328125,1747007,0.0,0.0
2021-12-15 00:00:00+05:30,3167.9976086138045,3170.6230209966334,3113.870271191835,3124.547119140625,1603233,0.0,0.0
2021-12-16 00:00:00+05:30,3134.7427918327685,3157.890137946773,3124.2411409388565,3134.392822265625,2072320,0.0,0.0
2021-12-17 00:00:00+05:30,3152.6824864874143,3195.4330339805606,3127.478486612213,3136.798828125,4333992,0.0,0.0
2021-12-20 00:00:00+05:30,3140.8683653072517,3155.7457022284616,3071.863690654172,3112.7763671875,2312310,0.0,0.0
2021-12-21 00:00:00+05:30,3135.3118680567736,3186.551221041287,3121.0908810095625,3157.75927734375,2340989,0.0,0.0
2021-12-22 00:00:00+05:30,3171.4980956930385,3182.699897702745,3155.964406068714,3177.4052734375,1224328,0.0,0.0
2021-12-23 00:00:00+05:30,3192.5014887265843,3212.1920817902765,3176.749014275631,3205.365966796875,1792861,0.0,0.0
2021-12-24 00:00:00+05:30,3224.8817608213244,3242.3845112192694,3189.70127525278,3212.542236328125,2209923,0.0,0.0
2021-12-27 00:00:00+05:30,3212.6301520302295,3238.0091426074227,3196.9652743435154,3234.59619140625,1534135,0.0,0.0
2021-12-28 00:00:00+05:30,3246.7601484623697,3259.887211057231,3232.6267631978826,3243.740966796875,1456218,0.0,0.0
2021-12-29 00:00:00+05:30,3231.226561240893,3255.4678282113414,3224.881814116782,3233.37060546875,1456923,0.0,0.0
2021-12-30 00:00:00+05:30,3221.687316961898,3273.014042622196,3220.505795949113,3267.54443359375,1966475,0.0,0.0
2021-12-31 00:00:00+05:30,3275.4648760200544,3290.5171991999623,3265.4007941607993,3271.570556640625,1207141,0.0,0.0
2022-01-03 00:00:00+05:30,3281.765107781907,3351.7760967479207,3277.389420971531,3341.0556640625,2346158,0.0,0.0
2022-01-04 00:00:00+05:30,3352.7391471393594,3403.5407048377974,3335.7613525319584,3399.690185546875,2488606,0.0,0.0
2022-01-05 00:00:00+05:30,3382.406654521235,3386.7823423019872,3336.374333605073,3378.8623046875,1733031,0.0,0.0
2022-01-06 00:00:00+05:30,3336.023910257664,3356.1520713111595,3301.0184127733232,3332.0419921875,1810293,0.0,0.0
2022-01-07 00:00:00+05:30,3343.025179524296,3382.3187669832855,3322.3718494970512,3372.34228515625,2460591,0.0,0.0
2022-01-10 00:00:00+05:30,3481.296253693556,3481.296253693556,3378.9051874084516,3395.401611328125,3937092,0.0,0.0
2022-01-11 00:00:00+05:30,3374.530275769995,3434.9147646258375,3374.530275769995,3426.950927734375,1906106,0.0,0.0
2022-01-12 00:00:00+05:30,3434.914651347394,3438.4152013105504,3357.5087830184166,3377.943115234375,3203744,0.0,0.0
2022-01-13 00:00:00+05:30,3428.789326909936,3433.16501517807,3375.405930038699,3411.198974609375,6684507,0.0,0.0
2022-01-14 00:00:00+05:30,3393.6522516950954,3480.422054774276,3378.074760491307,3472.677001953125,3348123,0.0,0.0
2022-01-17 00:00:00+05:30,3494.1617360161467,3538.1811985563745,3467.557639327894,3517.30908203125,3442604,0.0,0.0
2022-01-18 00:00:00+05:30,3530.260565428187,3537.042880457683,3483.0469441799814,3492.323486328125,2389041,0.0,0.0
2022-01-19 00:00:00+05:30,3517.2208806487747,3517.2208806487747,3428.238348399061,3431.87646484375,3102539,7.0,0.0
2022-01-20 00:00:00+05:30,3427.800105770557,3436.5668579592284,3341.0092591027087,3354.6416015625,6176776,0.0,0.0
2022-01-21 00:00:00+05:30,3337.5029671349207,3376.5588957269547,3306.030408534417,3360.73486328125,3112358,0.0,0.0
2022-01-24 00:00:00+05:30,3366.4329374751173,3374.8927679681947,3278.8531661989327,3306.249267578125,3258414,0.0,0.0
2022-01-25 00:00:00+05:30,3304.627198732507,3339.606453941932,3263.1604185603896,3304.977783203125,3330501,0.0,0.0
2022-01-27 00:00:00+05:30,3270.8754797512975,3272.9794148169553,3178.0356529262563,3199.207275390625,5718297,0.0,0.0
2022-01-28 00:00:00+05:30,3196.358239154663,3269.823674292716,3196.358239154663,3234.975830078125,3143862,0.0,0.0
2022-01-31 00:00:00+05:30,3286.655882179972,3294.545960318041,3262.4595569437342,3275.478271484375,2739393,0.0,0.0
2022-02-01 00:00:00+05:30,3305.0660216803485,3338.3796844983467,3275.6096447337136,3331.93603515625,2105169,0.0,0.0
2022-02-02 00:00:00+05:30,3355.825542423141,3387.473608696932,3331.9361387386193,3380.635498046875,1984212,0.0,0.0
2022-02-03 00:00:00+05:30,3376.0762690799093,3403.691538484224,3345.4365129758144,3352.93212890625,1960538,0.0,0.0
2022-02-04 00:00:00+05:30,3344.779509497143,3353.0201721837657,3304.189397939181,3344.4287109375,2307366,0.0,0.0
2022-02-07 00:00:00+05:30,3323.475913676423,3359.244307123296,3292.9236952248752,3312.955810546875,1919149,0.0,0.0
2022-02-08 00:00:00+05:30,3323.958452984582,3331.1032714460657,3262.1089644796893,3281.790283203125,2946443,0.0,0.0
2022-02-09 00:00:00+05:30,3287.532283037312,3312.0353141804735,3284.1133350757727,3296.78125,1638721,0.0,0.0
2022-02-10 00:00:00+05:30,3322.4240945117594,3322.4240945117594,3294.5457771673173,3305.372802734375,2112459,0.0,0.0
2022-02-11 00:00:00+05:30,3289.723944738236,3289.723944738236,3234.9317404621156,3239.271240234375,3851488,0.0,0.0
2022-02-14 00:00:00+05:30,3264.7385493388015,3325.448308882763,3252.4650961457983,3273.2861328125,5951745,0.0,0.0
2022-02-15 00:00:00+05:30,3319.092872491744,3362.049964607987,3285.779209217923,3346.97119140625,3931683,0.0,0.0
2022-02-16 00:00:00+05:30,3369.9400125159605,3378.794519077385,3336.6263495410367,3342.850830078125,3256906,0.0,0.0
2022-02-17 00:00:00+05:30,3353.283043710153,3362.0497967656042,3312.9559796550766,3317.5146484375,3134372,0.0,0.0
2022-02-18 00:00:00+05:30,3304.1891813505617,3345.3490435758326,3294.195168617033,3326.018310546875,3688883,0.0,0.0
2022-02-21 00:00:00+05:30,3340.1331732860235,3355.738037741911,3248.5644733234813,3260.706298828125,7465922,0.0,0.0
2022-02-22 00:00:00+05:30,3199.8645395262893,3215.5569402853985,3129.730522221603,3144.10791015625,5408531,0.0,0.0
2022-02-23 00:00:00+05:30,3165.6744406252515,3176.10679085941,3117.150378194761,3124.29541015625,2426203,0.0,0.0
2022-02-24 00:00:00+05:30,3045.5701244470206,3054.205462139813,2972.8938245340382,2982.142578125,5039136,0.0,0.0
2022-02-25 00:00:00+05:30,3040.3103040345627,3094.664179135527,3035.050251605437,3086.554931640625,2549723,0.0,0.0
2022-02-28 00:00:00+05:30,3059.597121253513,3124.2519314805745,3029.702404742474,3115.879638671875,3288942,0.0,0.0
2022-03-02 00:00:00+05:30,3114.389239815684,3131.440532889471,3073.623835269187,3108.822265625,2761341,0.0,0.0
2022-03-03 00:00:00+05:30,3123.4616906308065,3137.2693222400617,3094.7505836337846,3107.286865234375,1928039,0.0,0.0
2022-03-04 00:00:00+05:30,3069.678334491801,3122.015803200218,3057.0104201560107,3089.71044921875,2370257,0.0,0.0
2022-03-07 00:00:00+05:30,3024.5300911087525,3110.444279204016,3008.3554729931516,3055.1259765625,3054130,0.0,0.0
2022-03-08 00:00:00+05:30,3033.296400672888,3163.9210144590907,3033.296400672888,3155.987060546875,3300992,0.0,0.0
2022-03-09 00:00:00+05:30,3160.414273213555,3203.371360422283,3153.44474778916,3184.610595703125,2719654,0.0,0.0
2022-03-10 00:00:00+05:30,3229.671882735904,3229.671882735904,3169.1812855836843,3174.3974609375,2005441,0.0,0.0
2022-03-11 00:00:00+05:30,3158.8800986737456,3190.966498478323,3149.762761674697,3155.28564453125,1623423,0.0,0.0
2022-03-14 00:00:00+05:30,3138.497245091185,3198.4180811794126,3138.497245091185,3193.727783203125,1765688,0.0,0.0
2022-03-15 00:00:00+05:30,3207.7552471656413,3207.7552471656413,3143.2318529462536,3150.68359375,3651133,0.0,0.0
2022-03-16 00:00:00+05:30,3191.5363955122302,3215.644966004357,3170.277019714628,3205.037109375,3090475,0.0,0.0
2022-03-17 00:00:00+05:30,3240.7176270045443,3252.464989061117,3208.8942744668934,3219.808837890625,3600452,0.0,0.0
2022-03-21 00:00:00+05:30,3240.191872844113,3255.928151498079,3169.1811743321073,3179.438232421875,2413831,0.0,0.0
2022-03-22 00:00:00+05:30,3191.0981760054083,3253.3421239439754,3177.948046159232,3244.531494140625,2907611,0.0,0.0
2022-03-23 00:00:00+05:30,3250.712050185486,3269.8236147540456,3234.9318946020617,3254.5693359375,1596195,0.0,0.0
2022-03-24 00:00:00+05:30,3243.6987715524565,3294.7212337472197,3239.3153948341424,3287.401123046875,1879046,0.0,0.0
2022-03-25 00:00:00+05:30,3296.2113121317043,3313.394233297543,3219.1516403409387,3250.229736328125,1690133,0.0,0.0
2022-03-28 00:00:00+05:30,3239.3152410797343,3255.0953965166586,3209.6835730639873,3250.448974609375,1760990,0.0,0.0
2022-03-29 00:00:00+05:30,3239.0960722012105,3262.985474181719,3235.8085398185717,3248.388916015625,2689063,0.0,0.0
2022-03-30 00:00:00+05:30,3277.0124232969383,3277.0124232969383,3249.134104658304,3271.35791015625,1583455,0.0,0.0
2022-03-31 00:00:00+05:30,3278.765556258031,3291.608763532692,3261.4073428596666,3278.7216796875,2168110,0.0,0.0
2022-04-01 00:00:00+05:30,3285.7788659793814,3298.9289948453606,3268.289237394038,3295.203125,1387014,0.0,0.0
2022-04-04 00:00:00+05:30,3298.0524783670694,3313.832633765955,3276.2233490114336,3305.372802734375,1472994,0.0,0.0
2022-04-05 00:00:00+05:30,3306.8185936238133,3362.5752175596504,3306.8185936238133,3344.34033203125,2314947,0.0,0.0
2022-04-06 00:00:00+05:30,3339.518997983247,3339.518997983247,3271.0067003079744,3292.222412109375,2051729,0.0,0.0
2022-04-07 00:00:00+05:30,3283.587337953615,3283.587337953615,3225.2884304715926,3229.80322265625,2494829,0.0,0.0
2022-04-08 00:00:00+05:30,3234.931298290416,3248.081425519239,3193.289228732477,3231.11767578125,2296773,0.0,0.0
2022-04-11 00:00:00+05:30,3234.9316004658776,3254.525377479889,3205.2123957654703,3240.542236328125,2291660,0.0,0.0
2022-04-12 00:00:00+05:30,3228.795572000482,3277.889395522618,3198.4188543089945,3235.896728515625,4483476,0.0,0.0
2022-04-13 00:00:00+05:30,3249.8345879990643,3252.3331976409463,3204.729697017348,3210.34033203125,1621672,0.0,0.0
2022-04-18 00:00:00+05:30,3164.7978439809913,3164.7978439809913,3088.0887549648314,3092.954345703125,3820792,0.0,0.0
2022-04-19 00:00:00+05:30,3112.1974330460894,3124.076426618072,3015.0178867422333,3043.72900390625,3170014,0.0,0.0
2022-04-20 00:00:00+05:30,3068.363252251255,3128.9852577507763,3050.8297479526764,3118.158447265625,2640370,0.0,0.0
2022-04-21 00:00:00+05:30,3138.497778704766,3194.6050015642927,3127.451583591469,3181.14794921875,2280996,0.0,0.0
2022-04-22 00:00:00+05:30,3139.461567426191,3170.934120722403,3131.0454000995474,3167.032958984375,1581465,0.0,0.0
2022-04-25 00:00:00+05:30,3119.210601050943,3142.0041580007246,3097.3814725080088,3110.619140625,1960694,0.0,0.0
2022-04-26 00:00:00+05:30,3134.2453207667304,3145.4229297988936,3084.274833328823,3108.953369140625,1943469,0.0,0.0
2022-04-27 00:00:00+05:30,3108.6909342944846,3128.372254002144,3073.8869641027354,3122.016357421875,1727648,0.0,0.0
2022-04-28 00:00:00+05:30,3145.5117229797133,3159.889115699331,3101.721824157696,3142.26806640625,1703660,0.0,0.0
2022-04-29 00:00:00+05:30,3153.4010089842677,3176.4137352800244,3100.669076056526,3109.30419921875,2051115,0.0,0.0
2022-05-02 00:00:00+05:30,3085.809472633501,3110.400258957858,3062.007822541794,3105.53466796875,1324161,0.0,0.0
2022-05-04 00:00:00+05:30,3102.1147683345944,3108.2076173297837,3037.942195331445,3050.610107421875,2305825,0.0,0.0
2022-05-05 00:00:00+05:30,3078.9715772569134,3097.294006428791,3055.5205116831885,3080.111083984375,1612262,0.0,0.0
2022-05-06 00:00:00+05:30,3032.420022432544,3046.008490298316,3002.174722989375,3009.27587890625,2010812,0.0,0.0
2022-05-09 00:00:00+05:30,2978.9426390374124,3029.7898059191575,2934.100783512281,3020.234130859375,2481830,0.0,0.0
2022-05-10 00:00:00+05:30,3010.5030285861963,3037.50467106659,2999.9829248171122,3014.667236328125,1622685,0.0,0.0
2022-05-11 00:00:00+05:30,3011.379350168065,3023.170588951108,2965.0469796480074,2991.2158203125,1841769,0.0,0.0
2022-05-12 00:00:00+05:30,2961.40928345353,3024.2668622053225,2936.9501272047946,2988.279296875,2807195,0.0,0.0
2022-05-13 00:00:00+05:30,3011.379313783876,3015.6749366536083,2965.0469438236173,2993.758056640625,2187823,0.0,0.0
2022-05-16 00:00:00+05:30,2993.845637378155,3006.995764628718,2951.4146457291463,2960.356689453125,1195813,0.0,0.0
2022-05-17 00:00:00+05:30,2954.3960639009565,3039.4335767194707,2937.2131406464464,3025.932861328125,1754076,0.0,0.0
2022-05-18 00:00:00+05:30,3037.6798800958636,3063.9801387979924,3018.436900285217,3023.477783203125,1866781,0.0,0.0
2022-05-19 00:00:00+05:30,2978.0656840417078,2985.0790857115144,2831.660924184491,2859.670654296875,4642963,0.0,0.0
2022-05-20 00:00:00+05:30,2901.795326230593,2905.214274385835,2866.772189797455,2886.891845703125,3065125,0.0,0.0
2022-05-23 00:00:00+05:30,2897.236102018416,2927.130596456602,2864.097738273312,2912.095703125,2293690,0.0,0.0
2022-05-24 00:00:00+05:30,2906.3099488564503,2914.813870239504,2871.6376129969626,2882.50830078125,1711510,0.0,0.0
2022-05-25 00:00:00+05:30,2906.2050526688586,2906.2050526688586,2783.7028459932203,2795.705810546875,3548046,22.0,0.0
2022-05-26 00:00:00+05:30,2816.314968609626,2860.8852932460363,2807.0920435370494,2848.043701171875,2813186,0.0,0.0
2022-05-27 00:00:00+05:30,2871.2111184877385,2893.893396446921,2850.0291844295866,2878.360107421875,3103153,0.0,0.0
2022-05-30 00:00:00+05:30,2909.8684821812967,2988.947796761305,2900.469084192705,2978.930419921875,2094624,0.0,0.0
2022-05-31 00:00:00+05:30,2960.3075643045477,2986.123046252866,2934.5804266036826,2969.31005859375,4840965,0.0,0.0
2022-06-01 00:00:00+05:30,2990.1830616669745,2990.1830616669745,2947.8633651492946,2961.234375,1493835,0.0,0.0
2022-06-02 00:00:00+05:30,2961.0577643993756,3029.0164671888692,2953.3793566594723,3021.0732421875,2657939,0.0,0.0
2022-06-03 00:00:00+05:30,3053.19914869008,3068.997470234373,3028.31041962099,3036.20947265625,1913622,0.0,0.0
2022-06-06 00:00:00+05:30,3016.6604681605313,3047.550788928705,2980.6069647315944,3028.08984375,1084210,0.0,0.0
2022-06-07 00:00:00+05:30,3001.701059109505,3017.4110382784365,2961.940756456237,2967.85400390625,2308256,0.0,0.0
2022-06-08 00:00:00+05:30,2983.2550748623253,3013.0863456965512,2953.5563204177347,3004.43701171875,2185707,0.0,0.0
2022-06-09 00:00:00+05:30,2987.534925978468,3033.4291109565715,2959.3806948448623,3024.691650390625,1279197,0.0,0.0
2022-06-10 00:00:00+05:30,2984.8879321908275,2994.59631990641,2958.4105111483304,2965.3828125,1527582,0.0,0.0
2022-06-13 00:00:00+05:30,2903.6899803920114,2906.337722015469,2817.5942055078235,2841.556396484375,3030921,0.0,0.0
2022-06-14 00:00:00+05:30,2815.432503146479,2858.5906142622416,2801.928975005278,2833.569580078125,2611493,0.0,0.0
2022-06-15 00:00:00+05:30,2840.586045196815,2854.2660463465904,2825.14088260836,2829.818603515625,1404536,0.0,0.0
2022-06-16 00:00:00+05:30,2859.5612617361553,2863.841864011911,2765.1693057745297,2773.068359375,2032028,0.0,0.0
2022-06-17 00:00:00+05:30,2728.9392110453464,2752.548242059403,2668.7914294364296,2726.203125,5240434,0.0,0.0
2022-06-20 00:00:00+05:30,2730.704207668576,2770.199687078133,2708.6396940319523,2746.943603515625,1502769,0.0,0.0
2022-06-21 00:00:00+05:30,2762.4770132167114,2857.575063751568,2758.4170566563466,2834.804443359375,2964461,0.0,0.0
2022-06-22 00:00:00+05:30,2824.1696570831255,2868.87249504478,2809.254130703088,2844.51318359375,3336315,0.0,0.0
2022-06-23 00:00:00+05:30,2844.5130845990975,2928.40241322025,2844.5130845990975,2920.28271484375,3692578,0.0,0.0
2022-06-24 00:00:00+05:30,2946.9368805574036,2952.2323646195014,2892.6581689209015,2906.426513671875,2132118,0.0,0.0
2022-06-27 00:00:00+05:30,2956.645129771199,2968.0303337828927,2918.2528721159615,2925.489990234375,2037686,0.0,0.0
2022-06-28 00:00:00+05:30,2918.693980682418,2938.993334040657,2888.333294892649,2928.53466796875,1400046,0.0,0.0
2022-06-29 00:00:00+05:30,2886.921269341309,2941.6412689436206,2886.921269341309,2904.131591796875,2133994,0.0,0.0
2022-06-30 00:00:00+05:30,2887.80331790918,2922.135612241278,2872.7994498149087,2883.478759765625,2719603,0.0,0.0
2022-07-01 00:00:00+05:30,2877.2129806718635,2941.641369502859,2870.1965074487266,2925.84326171875,1502879,0.0,0.0
2022-07-04 00:00:00+05:30,2923.106916166727,2928.3582275862204,2846.3665769061995,2855.1923828125,2622535,0.0,0.0
2022-07-05 00:00:00+05:30,2872.7998692876445,2887.80373957271,2830.3918281224514,2838.64404296875,2170627,0.0,0.0
2022-07-06 00:00:00+05:30,2840.585483697553,2884.7145109415733,2826.243549843247,2877.87451171875,2182144,0.0,0.0
2022-07-07 00:00:00+05:30,2886.9209123553114,2929.6377237989454,2881.6696012988828,2901.79248046875,1989921,0.0,0.0
2022-07-08 00:00:00+05:30,2912.5159071400585,2916.9288100296644,2868.3868782439968,2882.022705078125,2136916,0.0,0.0
2022-07-11 00:00:00+05:30,2829.6856303492573,2846.3223604128075,2741.2952717650173,2748.179443359375,6974600,0.0,0.0
2022-07-12 00:00:00+05:30,2749.1502289566492,2767.949238860167,2718.568897309372,2722.496337890625,3734815,0.0,0.0
2022-07-13 00:00:00+05:30,2739.530530131633,2744.826014403795,2678.632461001774,2681.942138671875,3863530,0.0,0.0
2022-07-14 00:00:00+05:30,2704.285621613172,2705.1705318296686,2625.5286123449873,2653.62451171875,4764908,8.0,0.0
2022-07-15 00:00:00+05:30,2671.1457043358505,2680.304395201188,2613.1397980186016,2649.9521484375,4574806,0.0,0.0
2022-07-18 00:00:00+05:30,2675.0837415493156,2722.8246073241294,2667.385065422238,2710.922607421875,3202795,0.0,0.0
2022-07-19 00:00:00+05:30,2681.322554002557,2724.5945821637847,2681.322554002557,2720.435546875,1865074,0.0,0.0
2022-07-20 00:00:00+05:30,2750.1240812703145,2806.890986629367,2741.4962064485426,2800.56396484375,3402251,0.0,0.0
2022-07-21 00:00:00+05:30,2802.5108691484493,2817.5543439749486,2782.202221341185,2811.62548828125,2420640,0.0,0.0
2022-07-22 00:00:00+05:30,2818.439281202573,2829.058204711029,2781.7155040691646,2806.050537109375,2075886,0.0,0.0
2022-07-25 00:00:00+05:30,2800.74095783458,2819.7222396009693,2786.6709711932813,2802.28955078125,1797504,0.0,0.0
2022-07-26 00:00:00+05:30,2800.4751632795137,2804.1917427737144,2740.124333077432,2757.29150390625,2639367,0.0,0.0
2022-07-27 00:00:00+05:30,2756.495720256356,2826.492214850678,2752.0711685384485,2821.846435546875,1389808,0.0,0.0
2022-07-28 00:00:00+05:30,2845.871251293897,2888.346941611716,2833.1727032922854,2885.249755859375,2106333,0.0,0.0
2022-07-29 00:00:00+05:30,2911.354664417725,2935.512756969273,2898.0810109325375,2921.885009765625,2430257,0.0,0.0
2022-08-01 00:00:00+05:30,2944.0965166592227,2944.0965166592227,2894.5415407250725,2919.14208984375,1306913,0.0,0.0
2022-08-02 00:00:00+05:30,2911.3548721658553,2931.6192315155813,2895.116681826572,2912.94775390625,1269114,0.0,0.0
2022-08-03 00:00:00+05:30,2902.5060357089383,2963.564851704035,2899.8955933060683,2955.158203125,2895824,0.0,0.0
2022-08-04 00:00:00+05:30,2964.4495711102013,2997.9875858111113,2926.7082323905533,2968.829833984375,2150567,0.0,0.0
2022-08-05 00:00:00+05:30,2974.3605869043527,2988.342213462795,2968.874186013526,2977.767578125,1106933,0.0,0.0
2022-08-08 00:00:00+05:30,2977.723090286633,2990.02325675371,2952.0606921831227,2986.08544921875,1068836,0.0,0.0
2022-08-10 00:00:00+05:30,2995.4211952566006,2995.4211952566006,2951.1756827712743,2968.210205078125,1878359,0.0,0.0
2022-08-11 00:00:00+05:30,3008.6949872169466,3034.091869341709,2986.6165186810267,3028.60546875,1449248,0.0,0.0
2022-08-12 00:00:00+05:30,3025.507801008975,3025.507801008975,2992.1024428668024,3010.066162109375,1472354,0.0,0.0
2022-08-16 00:00:00+05:30,3018.429254447469,3021.8362457691064,2997.633860873879,3002.2353515625,839942,0.0,0.0
2022-08-17 00:00:00+05:30,2995.5098924698354,3024.57906570946,2983.121148478597,3009.66845703125,1622326,0.0,0.0
2022-08-18 00:00:00+05:30,2999.8457478916357,3001.615568391867,2975.0682608884013,2992.102783203125,1430659,0.0,0.0
2022-08-19 00:00:00+05:30,2997.190854549514,3027.720256522339,2983.2535188662678,2996.084716796875,1398410,0.0,0.0
2022-08-22 00:00:00+05:30,2977.723344218881,2994.625218414386,2962.1488355557162,2968.47607421875,1536532,0.0,0.0
2022-08-23 00:00:00+05:30,2937.8578650454288,2957.2816026427063,2893.6566394043225,2906.576416015625,1849256,0.0,0.0
2022-08-24 00:00:00+05:30,2913.124994506489,2927.2835607009315,2876.135697114994,2880.693115234375,1691923,0.0,0.0
2022-08-25 00:00:00+05:30,2898.9659707472765,2900.868441362344,2844.7652180890746,2847.818115234375,1946930,0.0,0.0
2022-08-26 00:00:00+05:30,2862.0654111458343,2882.1528316395706,2846.579480978904,2851.35791015625,1457962,0.0,0.0
2022-08-29 00:00:00+05:30,2765.345006303131,2781.007877210316,2726.408948614383,2772.026123046875,2539173,0.0,0.0
2022-08-30 00:00:00+05:30,2791.8919635030225,2855.1630492052304,2780.476707184959,2841.57958984375,3431525,0.0,0.0
2022-09-01 00:00:00+05:30,2822.8637492288995,2822.8637492288995,2761.8049408599986,2771.2734375,3546935,0.0,0.0
2022-09-02 00:00:00+05:30,2798.970961661716,2798.970961661716,2761.1853393428887,2770.122802734375,2052900,0.0,0.0
2022-09-05 00:00:00+05:30,2764.1497132737554,2785.653074758153,2754.06182321566,2772.777587890625,2147912,0.0,0.0
2022-09-06 00:00:00+05:30,2774.636629548569,2779.3709867256357,2748.8415771515884,2767.1591796875,1936453,0.0,0.0
2022-09-07 00:00:00+05:30,2744.9914688760246,2797.9975039888873,2744.9914688760246,2787.11328125,1291534,0.0,0.0
2022-09-08 00:00:00+05:30,2805.1652737303557,2817.111561173687,2796.404749355589,2804.85546875,1346113,0.0,0.0
2022-09-09 00:00:00+05:30,2827.288895916641,2861.35794834005,2803.8387689239053,2847.33203125,1561185,0.0,0.0
2022-09-12 00:00:00+05:30,2867.0207070213914,2893.4796538091186,2853.83563037096,2869.7197265625,1785928,0.0,0.0
2022-09-13 00:00:00+05:30,2887.8603690881314,2887.8603690881314,2853.835612513342,2857.68505859375,1972678,0.0,0.0
2022-09-14 00:00:00+05:30,2774.193947449832,2779.857287273214,2755.433891236994,2761.274169921875,5090269,0.0,0.0
2022-09-15 00:00:00+05:30,2769.769397278171,2776.6274524950736,2743.2220867611272,2747.071533203125,2138023,0.0,0.0
2022-09-16 00:00:00+05:30,2721.9841963836157,2738.2223874832284,2654.7310107772587,2662.4296875,5322221,0.0,0.0
2022-09-19 00:00:00+05:30,2686.587374702411,2691.896835917238,2643.9347461518078,2680.216064453125,2072220,0.0,0.0
2022-09-20 00:00:00+05:30,2698.976653867412,2725.4796764894973,2681.2784463010685,2690.39306640625,1544295,0.0,0.0
2022-09-21 00:00:00+05:30,2679.5083636387303,2691.3660751321318,2653.093705010806,2655.792724609375,2253818,0.0,0.0
2022-09-22 00:00:00+05:30,2645.881700493006,2681.2338224800474,2636.413203836875,2661.279052734375,2017983,0.0,0.0
2022-09-23 00:00:00+05:30,2658.270170716274,2674.6410089846663,2636.1474162995273,2638.846435546875,2652374,0.0,0.0
2022-09-26 00:00:00+05:30,2619.2014290844972,2677.6054997691786,2589.3357111207397,2649.77490234375,2925489,0.0,0.0
2022-09-27 00:00:00+05:30,2663.049279611865,2676.8539683117606,2633.493358577124,2670.1728515625,2227447,0.0,0.0
2022-09-28 00:00:00+05:30,2637.0321815419015,2698.931601789391,2637.0321815419015,2686.27734375,2739767,0.0,0.0
2022-09-29 00:00:00+05:30,2702.5164185443264,2704.1535892358543,2645.882151750994,2652.342041015625,2493902,0.0,0.0
2022-09-30 00:00:00+05:30,2646.6340961387687,2672.1636290441115,2610.574000882851,2658.75732421875,2817353,0.0,0.0
2022-10-03 00:00:00+05:30,2650.306723058508,2673.0488777740657,2631.723604132221,2641.413330078125,1763331,0.0,0.0
2022-10-04 00:00:00+05:30,2681.233674530913,2741.4518581351913,2675.083591718103,2735.39013671875,2145875,0.0,0.0
2022-10-06 00:00:00+05:30,2752.95574647594,2764.4595795534674,2736.540618376038,2744.947265625,1790816,0.0,0.0
2022-10-07 00:00:00+05:30,2740.9209604826137,2747.6463648942195,2706.144160002529,2712.161376953125,1939879,0.0,0.0
2022-10-10 00:00:00+05:30,2663.5803812572212,2767.114901060243,2659.155829128887,2759.637451171875,3064063,0.0,0.0
2022-10-11 00:00:00+05:30,2743.2220883096206,2783.0430541076635,2701.9411068493428,2716.276611328125,4730645,0.0,0.0
2022-10-12 00:00:00+05:30,2729.860312639009,2751.983075119608,2709.6402373573023,2743.88623046875,1665247,0.0,0.0
2022-10-13 00:00:00+05:30,2743.8857693820296,2752.0711901243612,2701.0561948337768,2746.142333984375,2054781,0.0,0.0
2022-10-14 00:00:00+05:30,2783.043198826417,2787.4677508118325,2717.559829442266,2742.469970703125,2245977,0.0,0.0
2022-10-17 00:00:00+05:30,2726.056468339946,2775.5178951019166,2724.9918710842394,2760.74609375,1517005,8.0,0.0
2022-10-18 00:00:00+05:30,2794.6814538133085,2799.4280629231534,2775.6510472338673,2789.979248046875,1793722,0.0,0.0
2022-10-19 00:00:00+05:30,2802.666690988057,2802.666690988057,2760.9682628536984,2769.707275390625,1194289,0.0,0.0
2022-10-20 00:00:00+05:30,2754.7575733042404,2803.5536011727536,2754.7575733042404,2801.158203125,1587601,0.0,0.0
2022-10-21 00:00:00+05:30,2801.602196666558,2803.9087883467655,2774.276373903861,2783.503173828125,1021913,0.0,0.0
2022-10-24 00:00:00+05:30,2812.514136923427,2819.5229335978725,2799.117323946283,2805.0615234375,260949,0.0,0.0
2022-10-25 00:00:00+05:30,2821.7409048142667,2825.067906352721,2795.701486132634,2805.41650390625,2069643,0.0,0.0
2022-10-27 00:00:00+05:30,2804.1746311987695,2815.974441397047,2780.7970275331877,2801.246826171875,2438421,0.0,0.0
2022-10-28 00:00:00+05:30,2794.6813618497094,2819.966574171207,2790.245359688043,2806.436767578125,1355739,0.0,0.0
2022-10-31 00:00:00+05:30,2838.154320749786,2838.154320749786,2819.345713992005,2832.964111328125,1919414,0.0,0.0
2022-11-01 00:00:00+05:30,2851.90566560246,2894.5800911808988,2842.102057931558,2892.007080078125,2991060,0.0,0.0
2022-11-02 00:00:00+05:30,2901.1456594790648,2901.1456594790648,2858.6044384654506,2876.037841796875,1405955,0.0,0.0
2022-11-03 00:00:00+05:30,2863.92768787321,2863.92768787321,2834.6056673057806,2845.0302734375,1422652,0.0,0.0
2022-11-04 00:00:00+05:30,2854.1239662115554,2856.8299710167985,2809.0097348143217,2854.478759765625,1464013,0.0,0.0
2022-11-07 00:00:00+05:30,2864.770630343667,2877.014041486473,2834.69461776829,2868.9404296875,1474498,0.0,0.0
2022-11-09 00:00:00+05:30,2883.224020577956,2883.224020577956,2840.5051896184455,2853.281005859375,1162267,0.0,0.0
2022-11-10 00:00:00+05:30,2812.425588000678,2861.2216155527403,2812.425588000678,2844.05419921875,1573092,0.0,0.0
2022-11-11 00:00:00+05:30,2900.790982443406,2964.669421548433,2887.8821712205927,2941.91259765625,3265394,0.0,0.0
2022-11-14 00:00:00+05:30,2949.0545182740593,2971.2345311973,2935.746510520115,2959.25732421875,1342074,0.0,0.0
2022-11-15 00:00:00+05:30,2946.392957532895,2963.205364241237,2920.664142185574,2956.6845703125,1400708,0.0,0.0
2022-11-16 00:00:00+05:30,2962.2737860893976,2988.002601660146,2946.792180040441,2976.868408203125,1748235,0.0,0.0
2022-11-17 00:00:00+05:30,2963.249814251922,2980.9938251157064,2943.5096021659624,2971.234619140625,1417986,0.0,0.0
2022-11-18 00:00:00+05:30,2972.1217536240656,2983.4335602983065,2946.3929384434396,2966.310546875,1164540,0.0,0.0
2022-11-21 00:00:00+05:30,2947.723621770964,2957.660223917546,2903.8071976091396,2913.122802734375,1304194,0.0,0.0
2022-11-22 00:00:00+05:30,2910.017533464894,2944.5739483544544,2888.0593218937793,2941.025146484375,1149739,0.0,0.0
2022-11-23 00:00:00+05:30,2954.377450271006,2954.377450271006,2919.7766332858505,2935.125244140625,1150011,0.0,0.0
2022-11-24 00:00:00+05:30,2942.1788211585995,3010.2270599589883,2935.1256201131005,2998.870849609375,1296591,0.0,0.0
2022-11-25 00:00:00+05:30,3001.3990319508653,3019.4536472052473,2970.3470171361205,3007.298828125,1588981,0.0,0.0
2022-11-28 00:00:00+05:30,2986.3167207691354,3031.563943811092,2985.9175238861585,3012.267333984375,2195437,0.0,0.0
2022-11-29 00:00:00+05:30,3001.398958689799,3042.210177164446,3001.398958689799,3014.13037109375,1576028,0.0,0.0
2022-11-30 00:00:00+05:30,3001.3991290916215,3029.7007368695226,2994.3015254756792,3008.3193359375,3410702,0.0,0.0
2022-12-01 00:00:00+05:30,3038.661528566979,3087.45755311331,3034.2255263354946,3083.59814453125,2180856,0.0,0.0
2022-12-02 00:00:00+05:30,3068.0279537907963,3077.6095453413673,3028.0151269724374,3051.21533203125,2411749,0.0,0.0
2022-12-05 00:00:00+05:30,3045.7594154734948,3051.2156120851228,3022.692201723914,3039.460205078125,1475065,0.0,0.0
2022-12-06 00:00:00+05:30,3016.5256889568245,3023.534485303333,2988.090873517657,3003.48388671875,1166999,0.0,0.0
2022-12-07 00:00:00+05:30,2988.357167090223,3010.891970733605,2975.670157980053,2999.269775390625,1167505,0.0,0.0
2022-12-08 00:00:00+05:30,2980.993620377601,2999.270036952731,2962.7616071469197,2972.609619140625,1285619,0.0,0.0
2022-12-09 00:00:00+05:30,2993.5031905316173,2993.5031905316173,2906.779344645206,2921.329345703125,1797896,0.0,0.0
2022-12-12 00:00:00+05:30,2888.280936706034,2924.212553335306,2871.069335381073,2915.73974609375,1527610,0.0,0.0
2022-12-13 00:00:00+05:30,2907.5332877172273,2960.0999146743784,2899.19369008115,2956.24072265625,1378016,0.0,0.0
2022-12-14 00:00:00+05:30,2971.0572659898444,2996.0762783549085,2964.048251634688,2985.740478515625,1213311,0.0,0.0
2022-12-15 00:00:00+05:30,2979.928999146625,2985.2077986532413,2926.829964070142,2932.286376953125,1415694,0.0,0.0
2022-12-16 00:00:00+05:30,2905.581929457242,2920.6643394727453,2861.3992967973677,2874.751708984375,2703680,0.0,0.0
2022-12-19 00:00:00+05:30,2862.9957142629496,2879.4089217974597,2834.1617010266477,2840.860107421875,2120965,0.0,0.0
2022-12-20 00:00:00+05:30,2838.06551085569,2882.514341262833,2806.7916941337708,2878.033935546875,1529971,0.0,0.0
2022-12-21 00:00:00+05:30,2882.513833041741,2912.723047188499,2874.5290301801297,2899.858642578125,1432566,0.0,0.0
2022-12-22 00:00:00+05:30,2922.4380969029407,2922.4380969029407,2879.054084290856,2892.007080078125,1384101,0.0,0.0
2022-12-23 00:00:00+05:30,2854.1242785284967,2898.3513142784873,2854.1242785284967,2864.194091796875,1360281,0.0,0.0
2022-12-26 00:00:00+05:30,2864.193766652603,2902.9199811046005,2861.265961737632,2885.974365234375,870157,0.0,0.0
2022-12-27 00:00:00+05:30,2900.4358797986224,2904.5170888075672,2866.9884637094456,2891.830078125,835883,0.0,0.0
2022-12-28 00:00:00+05:30,2883.2243205566224,2897.685732490091,2862.108904660057,2889.700927734375,910795,0.0,0.0
2022-12-29 00:00:00+05:30,2866.6338503909797,2902.4766668035973,2863.8834419813575,2900.036865234375,1037927,0.0,0.0
2022-12-30 00:00:00+05:30,2915.385123342042,2926.874326011963,2880.0300982680355,2889.345703125,1163131,0.0,0.0
2023-01-02 00:00:00+05:30,2893.160861684784,2898.351071306402,2870.2710452177225,2893.56005859375,709547,0.0,0.0
2023-01-03 00:00:00+05:30,2885.176105207512,2945.505740863758,2879.2319050146616,2937.83154296875,1245178,0.0,0.0
2023-01-04 00:00:00+05:30,2933.705345480247,2952.0261626153765,2915.5177383582186,2940.758544921875,1231668,0.0,0.0
2023-01-05 00:00:00+05:30,2954.555018481283,2960.8542285796434,2911.7475949836166,2937.609619140625,1826057,0.0,0.0
2023-01-06 00:00:00+05:30,2927.7616595191807,2929.136863618989,2839.041609230721,2849.288818359375,2488376,0.0,0.0
2023-01-09 00:00:00+05:30,2864.7703415409696,2951.7159883266663,2857.805731152668,2945.461181640625,2885060,0.0,0.0
2023-01-10 00:00:00+05:30,2914.4538066519704,2925.9874138015825,2865.7465830992874,2915.69580078125,3864655,0.0,0.0
2023-01-11 00:00:00+05:30,2918.978313377468,2971.6779339396694,2902.1656914177715,2953.22412109375,2720512,0.0,0.0
2023-01-12 00:00:00+05:30,2953.4902075036,2972.1214163824147,2941.5574051372632,2958.23681640625,2250391,0.0,0.0
2023-01-13 00:00:00+05:30,2965.8225611920748,2997.850586923589,2932.1977477900155,2993.902587890625,1742837,0.0,0.0
2023-01-16 00:00:00+05:30,3009.736136495261,3042.4013462974403,2992.5415773071954,3025.206787109375,1843607,75.0,0.0
2023-01-17 00:00:00+05:30,3021.5315322541833,3068.533178172047,3013.3652308156584,3065.447998046875,1688475,0.0,0.0
2023-01-18 00:00:00+05:30,3066.8994774382377,3093.1676993674937,3059.8673854411527,3075.97314453125,2421189,0.0,0.0
2023-01-19 00:00:00+05:30,3066.900147348573,3073.2517157010698,3049.6601761060806,3060.639404296875,1585044,0.0,0.0
2023-01-20 00:00:00+05:30,3053.2900708647344,3080.1934148255905,3044.760909351133,3051.566162109375,1529349,0.0,0.0
2023-01-23 00:00:00+05:30,3074.1590576682065,3102.2874315724907,3044.760458713778,3098.567138671875,1067916,0.0,0.0
2023-01-24 00:00:00+05:30,3107.732059877436,3132.1855568902733,3100.745378091647,3117.9853515625,1387863,0.0,0.0
2023-01-25 00:00:00+05:30,3108.003521839882,3116.804935431131,3089.583931628239,3112.041259765625,874110,0.0,0.0
2023-01-27 00:00:00+05:30,3108.638820538231,3126.7861574940875,3068.986933594706,3095.07373046875,1785879,0.0,0.0
2023-01-30 00:00:00+05:30,3103.19485247326,3138.0830660856614,3071.936106524571,3115.580322265625,1953798,0.0,0.0
2023-01-31 00:00:00+05:30,3129.5085196989075,3129.5085196989075,3040.5865611803533,3047.5732421875,2820375,0.0,0.0
2023-02-01 00:00:00+05:30,3051.4746055363516,3102.2871472877746,3044.2156710004338,3092.623779296875,2205161,0.0,0.0
2023-02-02 00:00:00+05:30,3109.5460876470793,3147.655494032016,3103.2853452081667,3139.85205078125,1813847,0.0,0.0
2023-02-03 00:00:00+05:30,3179.4136948565433,3179.4136948565433,3133.0471565298344,3159.723876953125,1804469,0.0,0.0
2023-02-06 00:00:00+05:30,3151.421045615969,3151.421045615969,3118.4838066080183,3139.44384765625,1138714,0.0,0.0
2023-02-07 00:00:00+05:30,3147.5651749297117,3169.4328073868965,3140.759922695128,3150.877197265625,1455647,0.0,0.0
2023-02-08 00:00:00+05:30,3155.867395499648,3211.987903653968,3155.867395499648,3194.022216796875,1986946,0.0,0.0
2023-02-09 00:00:00+05:30,3189.394817614889,3218.9750686870316,3180.5934025370234,3212.850341796875,1655427,0.0,0.0
2023-02-10 00:00:00+05:30,3193.9316229583487,3214.21136264031,3183.179236128962,3209.85595703125,1187821,0.0,0.0
2023-02-13 00:00:00+05:30,3220.244929405752,3220.244929405752,3151.6479073882488,3159.814208984375,1087939,0.0,0.0
2023-02-14 00:00:00+05:30,3180.32100923453,3198.332330949659,3171.2473401639604,3175.875,1579818,0.0,0.0
2023-02-15 00:00:00+05:30,3163.9884321589793,3199.375741838991,3139.6255418846135,3194.521240234375,1429449,0.0,0.0
2023-02-16 00:00:00+05:30,3200.464188093824,3243.8363661901417,3200.282759035701,3228.45654296875,1618931,0.0,0.0
2023-02-17 00:00:00+05:30,3199.5115640731206,3211.0804915355684,3166.7103407014015,3176.827392578125,1061369,0.0,0.0
2023-02-20 00:00:00+05:30,3177.5985014261782,3195.7458372424326,3153.145010718794,3164.26025390625,1296082,0.0,0.0
2023-02-21 00:00:00+05:30,3170.339772580638,3183.859450029968,3125.6519552367354,3131.322998046875,1139541,0.0,0.0
2023-02-22 00:00:00+05:30,3098.6124850134906,3127.6936378456253,3080.5105600481284,3086.453857421875,1218430,0.0,0.0
2023-02-23 00:00:00+05:30,3104.1023336676694,3132.5935672666674,3092.3065633263427,3097.5693359375,1441570,0.0,0.0
2023-02-24 00:00:00+05:30,3105.463295514014,3115.852602482513,3068.987189496275,3085.455810546875,977592,0.0,0.0
2023-02-27 00:00:00+05:30,3075.9742418586943,3075.9742418586943,3008.8290814169413,3023.2109375,1128022,0.0,0.0
2023-02-28 00:00:00+05:30,3020.170907349562,3077.7887089468877,2994.2201238468547,3005.970703125,4116217,0.0,0.0
2023-03-01 00:00:00+05:30,3015.180641278551,3075.06686527024,3007.921705037134,3072.072509765625,1669307,0.0,0.0
2023-03-02 00:00:00+05:30,3049.660333125586,3057.735810408069,3010.643554094226,3013.77392578125,1556538,0.0,0.0
2023-03-03 00:00:00+05:30,3043.3085385632116,3046.938006110693,3022.5299254639276,3032.55615234375,1043190,0.0,0.0
2023-03-06 00:00:00+05:30,3050.4766492061635,3089.5388380017994,3047.845373843557,3059.505126953125,1334132,0.0,0.0
2023-03-08 00:00:00+05:30,3052.3817877310116,3081.417524118465,3022.30266817717,3076.336181640625,1844590,0.0,0.0
2023-03-09 00:00:00+05:30,3071.436694206459,3071.436694206459,3022.302869377422,3027.7470703125,1648500,0.0,0.0
2023-03-10 00:00:00+05:30,3006.0155363166627,3028.1100076327843,2985.2369241476845,3022.43896484375,1024404,0.0,0.0
2023-03-13 00:00:00+05:30,3024.2537396226567,3057.6448843231524,2968.9043612497244,2977.9326171875,1901233,0.0,0.0
2023-03-14 00:00:00+05:30,2976.1634210899015,2998.3030847586924,2912.1032295746863,2917.13916015625,2670334,0.0,0.0
2023-03-15 00:00:00+05:30,2948.942465572347,2958.333801726604,2896.3151846482865,2902.575927734375,1780522,0.0,0.0
2023-03-16 00:00:00+05:30,2910.833062083006,2921.540035980481,2878.1678531568878,2889.963623046875,1901060,0.0,0.0
2023-03-17 00:00:00+05:30,2858.6595359477537,2922.991763191914,2852.761650855337,2884.791748046875,6739966,0.0,0.0
2023-03-20 00:00:00+05:30,2876.035450110584,2876.035450110584,2808.346011246895,2852.12646484375,2289468,0.0,0.0
2023-03-21 00:00:00+05:30,2852.1265646681036,2864.3306057825034,2810.5237015985185,2818.37255859375,1815297,0.0,0.0
2023-03-22 00:00:00+05:30,2840.103898631804,2852.3079395141376,2818.3725050009734,2840.784423828125,1123939,0.0,0.0
2023-03-23 00:00:00+05:30,2826.357030265614,2854.8938961077,2813.7447191349406,2835.203857421875,1372218,0.0,0.0
2023-03-24 00:00:00+05:30,2857.207608505045,2876.3531391453694,2818.2816562099424,2831.4384765625,1329577,0.0,0.0
2023-03-27 00:00:00+05:30,2844.595047783863,2860.700809218684,2818.2814093833103,2833.071533203125,1524217,0.0,0.0
2023-03-28 00:00:00+05:30,2837.336265387191,2857.7974330642905,2822.0470446787185,2827.264404296875,1303530,0.0,0.0
2023-03-29 00:00:00+05:30,2839.150945629806,2858.2056499628916,2816.55759910205,2848.1337890625,1740616,0.0,0.0
2023-03-31 00:00:00+05:30,2894.4547893885947,2915.369639228699,2860.0202623245746,2908.92724609375,2382581,0.0,0.0
2023-04-03 00:00:00+05:30,2926.2124875934796,2926.2124875934796,2879.755352210999,2903.57373046875,1521830,0.0,0.0
2023-04-05 00:00:00+05:30,2890.4176701729384,2961.9636490021603,2890.4176701729384,2939.687744140625,2655065,0.0,0.0
2023-04-06 00:00:00+05:30,2926.2584116403386,2955.6118210617306,2917.1847421468806,2922.356689453125,1703464,0.0,0.0
2023-04-10 00:00:00+05:30,2921.7211981908126,2968.904273441099,2917.1843640321313,2961.100830078125,2203187,0.0,0.0
2023-04-11 00:00:00+05:30,2961.6457238357684,2969.7666137305973,2896.45131988944,2916.095947265625,2348779,0.0,0.0
2023-04-12 00:00:00+05:30,2928.934840854399,2958.8779475351903,2902.666614298546,2941.36572265625,2417727,0.0,0.0
2023-04-13 00:00:00+05:30,2912.6477525986616,2930.7950906210835,2885.4267455650293,2893.45703125,4174070,0.0,0.0
2023-04-17 00:00:00+05:30,2843.778530281314,2870.3642017389866,2785.843068358131,2848.67822265625,5505048,0.0,0.0
2023-04-18 00:00:00+05:30,2862.696756998552,2864.4208867828047,2822.455173519428,2840.738525390625,2617302,0.0,0.0
2023-04-19 00:00:00+05:30,2840.7386910527553,2849.13183419489,2786.9772066017845,2803.400634765625,3298034,0.0,0.0
2023-04-20 00:00:00+05:30,2803.7635533311773,2824.632990783157,2792.875151182318,2817.192626953125,2419999,0.0,0.0
2023-04-21 00:00:00+05:30,2821.910845131191,2871.3169247867468,2813.5631145888788,2868.050537109375,1929184,0.0,0.0
2023-04-24 00:00:00+05:30,2859.204187054987,2886.288958566477,2836.565203622376,2880.708740234375,1640676,0.0,0.0
2023-04-25 00:00:00+05:30,2888.148931777147,2895.5892962816,2855.9374058336693,2881.79736328125,2024090,0.0,0.0
2023-04-26 00:00:00+05:30,2886.3340104775543,2911.1957740797325,2886.3340104775543,2901.895263671875,2000029,0.0,0.0
2023-04-27 00:00:00+05:30,2889.963936616484,2902.848503896997,2876.943131368921,2892.640625,2434446,0.0,0.0
2023-04-28 00:00:00+05:30,2903.937060230904,2928.299951130164,2900.1715760476527,2921.041015625,2931312,0.0,0.0
2023-05-02 00:00:00+05:30,2935.3320146523815,2935.3320146523815,2912.647841432502,2921.177001953125,2321159,0.0,0.0
2023-05-03 00:00:00+05:30,2918.091971436183,2918.091971436183,2879.2112108808474,2885.3359375,2468285,0.0,0.0
2023-05-04 00:00:00+05:30,2885.562915352124,2925.7593155131717,2883.6121650210844,2922.356689453125,1953253,0.0,0.0
2023-05-05 00:00:00+05:30,2921.7213943349125,2943.498199758527,2912.693138058063,2931.43017578125,1710027,0.0,0.0
2023-05-08 00:00:00+05:30,2944.40547335836,2953.3431255778287,2931.9745916279403,2949.48681640625,928235,0.0,0.0
2023-05-09 00:00:00+05:30,2951.3015984635645,2992.4959661492044,2945.3128884537045,2979.1123046875,1107375,0.0,0.0
2023-05-10 00:00:00+05:30,2985.2370257955795,3000.2085792684147,2963.505633393064,2982.33349609375,1559987,0.0,0.0
2023-05-11 00:00:00+05:30,3002.4769021680513,3003.112014657081,2968.9043287681666,2978.114013671875,1719623,0.0,0.0
2023-05-12 00:00:00+05:30,2975.3918070815257,2985.2368256484924,2958.015821159296,2970.9912109375,1027479,0.0,0.0
2023-05-15 00:00:00+05:30,2979.792885529059,2987.0518206947813,2947.4453443068564,2953.524658203125,1150390,0.0,0.0
2023-05-16 00:00:00+05:30,2954.5678371838712,2980.7000462781807,2949.3504778943434,2956.337158203125,986306,0.0,0.0
2023-05-17 00:00:00+05:30,2954.3413497168876,2976.1635689712307,2901.9863214823895,2911.46826171875,1588815,0.0,0.0
2023-05-18 00:00:00+05:30,2927.1201308420364,2929.8422314714453,2899.037170320326,2903.43798828125,1369364,0.0,0.0
2023-05-19 00:00:00+05:30,2912.6473771198916,2934.877863331554,2906.3412222750712,2924.30712890625,1152449,0.0,0.0
2023-05-22 00:00:00+05:30,2930.795281788258,3001.9781755192334,2919.044923957323,2993.13134765625,1333243,0.0,0.0
2023-05-23 00:00:00+05:30,2999.7551673241283,3019.671827774928,2985.328121281898,2991.63427734375,1687418,0.0,0.0
2023-05-24 00:00:00+05:30,2972.5340122132757,3009.9174847895656,2972.5340122132757,2997.3505859375,1016555,0.0,0.0
2023-05-25 00:00:00+05:30,2988.8665252402934,2999.7549278823344,2964.458444594432,2988.412841796875,1374917,0.0,0.0
2023-05-26 00:00:00+05:30,2988.4129906226353,3029.3805189934887,2986.144573292574,3020.53369140625,1791115,0.0,0.0
2023-05-29 00:00:00+05:30,3049.4790740866038,3059.6415402355,3005.1995199466123,3012.776123046875,1210372,0.0,0.0
2023-05-30 00:00:00+05:30,3007.920725707687,3018.7637138829746,2995.535258388335,3009.009521484375,1344224,0.0,0.0
2023-05-31 00:00:00+05:30,3002.4768564038986,3019.444571909924,2962.6887320872042,2984.783203125,5815424,0.0,0.0
2023-06-01 00:00:00+05:30,3007.013977271125,3030.6055172255756,2992.042423069262,3016.087646484375,1177314,0.0,0.0
2023-06-02 00:00:00+05:30,3018.1291275724834,3026.885129479105,2991.9969167513864,2999.39208984375,2030661,0.0,0.0
2023-06-05 00:00:00+05:30,3007.920887048009,3018.8092884490875,2980.745296189502,2984.238525390625,1861468,0.0,0.0
2023-06-06 00:00:00+05:30,2976.1631892319806,2984.193474251993,2922.265688378492,2932.8818359375,2022849,0.0,0.0
2023-06-07 00:00:00+05:30,2951.6643988850446,2975.119920852353,2940.7759965528526,2971.53564453125,1567196,0.0,0.0
2023-06-08 00:00:00+05:30,2958.9233618921558,2967.089663718905,2933.517089542269,2936.6474609375,1759366,0.0,0.0
2023-06-09 00:00:00+05:30,2944.405649991978,2948.942484583645,2908.4286402901084,2912.0126953125,1775689,0.0,0.0
2023-06-12 00:00:00+05:30,2917.1847217996856,2952.934890744503,2913.5552540276176,2946.129638671875,2324605,0.0,0.0
2023-06-13 00:00:00+05:30,2958.0164448888486,2962.553279927022,2938.9617377285217,2943.226318359375,1371928,0.0,0.0
2023-06-14 00:00:00+05:30,2943.2260282131615,2954.250669184191,2927.0296616386267,2949.895263671875,1658544,0.0,0.0
2023-06-15 00:00:00+05:30,2966.577942883082,2968.5432011878183,2934.3096334323036,2940.068603515625,2273810,24.0,0.0
2023-06-16 00:00:00+05:30,2922.425909481337,2924.619696403326,2884.947191217735,2902.223876953125,4156189,0.0,0.0
2023-06-19 00:00:00+05:30,2916.026947334096,2938.788322324805,2902.315221876412,2934.6748046875,1468186,0.0,0.0
2023-06-20 00:00:00+05:30,2937.966168706114,2954.8772994220635,2926.128421839479,2950.489501953125,1528452,0.0,0.0
2023-06-21 00:00:00+05:30,2970.8739300864027,2981.294752449042,2947.0611882584167,2978.36962890625,1645987,0.0,0.0
2023-06-22 00:00:00+05:30,2980.0152914881505,2987.008182887772,2952.683338666562,2960.36181640625,1529603,0.0,0.0
2023-06-23 00:00:00+05:30,2959.2646792263045,2970.3253373650405,2933.5322068110854,2940.114013671875,1119505,0.0,0.0
2023-06-26 00:00:00+05:30,2929.7385414678183,2937.8740756056604,2900.486861802617,2915.706787109375,1978803,0.0,0.0
2023-06-27 00:00:00+05:30,2926.9966398261013,2933.989531286174,2908.988616439213,2922.74609375,863542,0.0,0.0
2023-06-28 00:00:00+05:30,2932.4813906976683,2953.460288680506,2919.1352202864086,2939.29150390625,1575872,0.0,0.0
2023-06-30 00:00:00+05:30,2943.45074854266,3025.721111079567,2938.057558489853,3018.63671875,2672406,0.0,0.0
2023-07-03 00:00:00+05:30,3029.6516220136277,3033.76513982982,2988.0136359285348,2991.2587890625,1687264,0.0,0.0
2023-07-04 00:00:00+05:30,3007.4385197427887,3030.2913960326273,2995.8293032220745,3024.669677734375,1656681,0.0,0.0
2023-07-05 00:00:00+05:30,3034.861912495592,3043.08894780055,3021.150186987329,3034.816162109375,1453008,0.0,0.0
2023-07-06 00:00:00+05:30,3022.567777532823,3042.5868119275374,3018.40850857545,3037.513427734375,1848238,0.0,0.0
2023-07-07 00:00:00+05:30,3018.407748906473,3068.592573451774,3018.407748906473,3043.3173828125,1789326,0.0,0.0
2023-07-10 00:00:00+05:30,3039.204288501629,3039.204288501629,2984.7686876958783,2990.93896484375,1407431,0.0,0.0
2023-07-11 00:00:00+05:30,3012.0089419005876,3012.0089419005876,2980.746253359692,2991.349853515625,1110172,0.0,0.0
2023-07-12 00:00:00+05:30,2999.1659962790054,3006.661695723324,2970.9656783737587,2979.923828125,1515240,0.0,0.0
2023-07-13 00:00:00+05:30,3001.9539636829727,3078.23682351536,2991.6701688926455,3053.647216796875,4585146,0.0,0.0
2023-07-14 00:00:00+05:30,3075.997202974214,3222.1185858228855,3064.113707093481,3212.79443359375,6306101,0.0,0.0
2023-07-17 00:00:00+05:30,3208.544024917349,3245.0171284101766,3178.4239767823524,3191.815673828125,2743228,0.0,0.0
2023-07-18 00:00:00+05:30,3177.464048629703,3221.341572891563,3167.4087826530267,3196.5234375,2600090,0.0,0.0
2023-07-19 00:00:00+05:30,3199.4026028392373,3214.8055303533806,3149.720361723245,3172.02490234375,2405370,0.0,0.0
2023-07-20 00:00:00+05:30,3164.7389834644387,3188.384300817306,3149.1127482930447,3174.087158203125,1715404,9.0,0.0
2023-07-21 00:00:00+05:30,3119.7851016890736,3148.058749845472,3078.5429555507294,3087.0205078125,3770223,0.0,0.0
2023-07-24 00:00:00+05:30,3098.659708565961,3128.399831677828,3090.503018591767,3111.261474609375,1680132,0.0,0.0
2023-07-25 00:00:00+05:30,3113.7820669129846,3122.305488623781,3097.926708032121,3115.294189453125,1272980,0.0,0.0
2023-07-26 00:00:00+05:30,3116.3943617689633,3135.182451989526,3102.3261169074967,3105.3505859375,1066803,0.0,0.0
2023-07-27 00:00:00+05:30,3111.44506274488,3126.750437306845,3102.3718797194615,3113.232177734375,1701769,0.0,0.0
2023-07-28 00:00:00+05:30,3102.325519193569,3110.298955097925,3052.8349496111605,3075.197265625,2599831,0.0,0.0
2023-07-31 00:00:00+05:30,3083.4462532273114,3140.4978924006705,3080.2385305428656,3135.732177734375,2743678,0.0,0.0
2023-08-01 00:00:00+05:30,3129.8205341354496,3171.062678801949,3129.8205341354496,3163.776611328125,1956167,0.0,0.0
2023-08-02 00:00:00+05:30,3148.10489653474,3158.5986876704637,3128.5379219504644,3153.328857421875,1914899,0.0,0.0
2023-08-03 00:00:00+05:30,3134.4035466974287,3146.5470692102185,3086.745948911386,3116.02783203125,2026351,0.0,0.0
2023-08-04 00:00:00+05:30,3117.2189097618743,3181.1442369080387,3117.2189097618743,3155.986572265625,2248493,0.0,0.0
2023-08-07 00:00:00+05:30,3165.5182312426314,3196.7248358153356,3153.8788248995197,3193.104736328125,1853889,0.0,0.0
2023-08-08 00:00:00+05:30,3193.1048521210755,3198.5120668673753,3167.9471847371406,3180.778076171875,1634225,0.0,0.0
2023-08-09 00:00:00+05:30,3175.5534955196863,3177.478218496164,3139.0314183474447,3173.35400390625,1794589,0.0,0.0
2023-08-10 00:00:00+05:30,3161.8979133179873,3175.5535568337395,3143.613939700264,3154.65771484375,1096701,0.0,0.0
2023-08-11 00:00:00+05:30,3150.9916746844083,3177.1573459356628,3128.90412489908,3160.798095703125,1679974,0.0,0.0
2023-08-14 00:00:00+05:30,3153.3744607157764,3166.480343065744,3126.1546889138212,3161.760498046875,1190425,0.0,0.0
2023-08-16 00:00:00+05:30,3161.8977472619245,3176.5616208724146,3148.3336194216304,3169.59619140625,1328445,0.0,0.0
2023-08-17 00:00:00+05:30,3166.480118927022,3171.795817712279,3128.1707054438275,3148.837646484375,1843241,0.0,0.0
2023-08-18 00:00:00+05:30,3125.238323326548,3125.238323326548,3076.205991860868,3085.9208984375,2526749,0.0,0.0
2023-08-21 00:00:00+05:30,3093.160780563889,3125.008880452658,3090.4113043144994,3117.585205078125,1375579,0.0,0.0
2023-08-22 00:00:00+05:30,3116.0726054453794,3126.154016815938,3084.0412567958697,3099.713134765625,1222012,0.0,0.0
2023-08-23 00:00:00+05:30,3105.0751943785403,3117.9060836115095,3094.0772893217095,3114.46923828125,1330046,0.0,0.0
2023-08-24 00:00:00+05:30,3123.4051569072394,3128.033486881535,3096.0021319156044,3104.84619140625,1152881,0.0,0.0
2023-08-25 00:00:00+05:30,3093.1611130987044,3103.059273411215,3070.477931602647,3098.93505859375,1158046,0.0,0.0
2023-08-28 00:00:00+05:30,3110.5737830777434,3110.5737830777434,3079.504794427371,3093.66455078125,1037485,0.0,0.0
2023-08-29 00:00:00+05:30,3098.705544985246,3106.4957275474662,3083.9958025730525,3094.214599609375,944517,0.0,0.0
2023-08-30 00:00:00+05:30,3114.240122580418,3123.496782192859,3100.5386105821626,3107.77880859375,1188200,0.0,0.0
2023-08-31 00:00:00+05:30,3116.9898661423113,3132.020248209701,3064.428950759541,3076.48095703125,3417652,0.0,0.0
2023-09-01 00:00:00+05:30,3084.9123589907613,3105.9916769517795,3076.4806765569438,3097.010009765625,1277950,0.0,0.0
2023-09-04 00:00:00+05:30,3095.909906860191,3146.1795814387087,3088.6238403734937,3133.02783203125,1828332,0.0,0.0
2023-09-05 00:00:00+05:30,3134.4033645678983,3159.1486542881707,3120.7933657205554,3142.97265625,1501842,0.0,0.0
2023-09-06 00:00:00+05:30,3147.2342700872027,3156.307453525399,3114.332289030408,3143.4765625,1314818,0.0,0.0
2023-09-07 00:00:00+05:30,3144.301284541943,3171.06281032939,3136.5111013373767,3166.70947265625,1885092,0.0,0.0
2023-09-08 00:00:00+05:30,3166.708890154945,3175.6446868929556,3148.195797048318,3154.4736328125,1518917,0.0,0.0
2023-09-11 00:00:00+05:30,3172.8957923205735,3194.6166113129034,3157.3154259226967,3189.98828125,1783604,0.0,0.0
2023-09-12 00:00:00+05:30,3200.390598540652,3290.1150908255845,3192.14216916297,3281.775146484375,4476016,0.0,0.0
2023-09-13 00:00:00+05:30,3272.885582251462,3289.1533197822837,3248.965044888043,3269.906982421875,1754929,0.0,0.0
2023-09-14 00:00:00+05:30,3271.9224888622016,3297.2634045513405,3249.514302983379,3262.757568359375,2604721,0.0,0.0
2023-09-15 00:00:00+05:30,3269.9063376433924,3306.1077745876632,3264.9571461891155,3297.8134765625,2952897,0.0,0.0
2023-09-18 00:00:00+05:30,3281.0872611790915,3317.0595725280446,3276.688054785831,3305.007568359375,1395753,0.0,0.0
2023-09-20 00:00:00+05:30,3281.0418390696896,3322.283985091515,3281.0418390696896,3304.91650390625,1649396,0.0,0.0
2023-09-21 00:00:00+05:30,3288.8777692460058,3303.9540195360164,3233.3841278566065,3285.899169921875,2004073,0.0,0.0
2023-09-22 00:00:00+05:30,3284.7073302824083,3330.302807314091,3267.3398516209263,3302.71630859375,1989083,0.0,0.0
2023-09-25 00:00:00+05:30,3301.6628521719144,3317.701464222715,3261.474583332011,3278.4296875,1238778,0.0,0.0
2023-09-26 00:00:00+05:30,3269.677252510413,3294.7431767877106,3240.716013118244,3286.265625,1726062,0.0,0.0
2023-09-27 00:00:00+05:30,3290.2066852753064,3312.2024959846676,3258.770961052586,3289.565185546875,1541134,0.0,0.0
2023-09-28 00:00:00+05:30,3299.371940605782,3301.938163532405,3232.7888713611383,3241.40380859375,1755753,0.0,0.0
2023-09-29 00:00:00+05:30,3241.816024498274,3270.4564045061975,3212.8091371274368,3233.934326171875,2243791,0.0,0.0
2023-10-03 00:00:00+05:30,3239.066250983437,3239.066250983437,3189.484163912358,3220.415771484375,1948148,0.0,0.0
2023-10-04 00:00:00+05:30,3195.166833095943,3251.7143576425697,3186.9184032146622,3242.3203125,1788138,0.0,0.0
2023-10-05 00:00:00+05:30,3257.213239742299,3321.3676929730136,3254.6470168624746,3289.611328125,2990768,0.0,0.0
2023-10-06 00:00:00+05:30,3291.1228627919404,3331.4026425525494,3276.5048597392606,3318.984130859375,2075691,0.0,0.0
2023-10-09 00:00:00+05:30,3340.659739733684,3371.7746033230796,3327.782980338707,3334.519287109375,4233074,0.0,0.0
2023-10-10 00:00:00+05:30,3336.07693076371,3343.3629978093345,3300.6087331855642,3325.85791015625,1848148,0.0,0.0
2023-10-11 00:00:00+05:30,3345.1964946926682,3345.1964946926682,3303.954346127964,3308.445068359375,2426417,0.0,0.0
2023-10-12 00:00:00+05:30,3276.4596095114603,3288.969638519313,3242.6411368893027,3246.719482421875,4241281,0.0,0.0
2023-10-13 00:00:00+05:30,3235.2169715692426,3278.2920983861704,3230.6345112695694,3272.65576171875,2890357,0.0,0.0
2023-10-16 00:00:00+05:30,3268.2107135060846,3276.1382803907245,3225.227325030977,3229.763916015625,1671104,0.0,0.0
2023-10-17 00:00:00+05:30,3235.2170422343333,3239.0203948649587,3210.7926178047637,3214.18359375,1672065,0.0,0.0
2023-10-18 00:00:00+05:30,3217.804042782525,3228.5269565339395,3193.0587539317335,3196.037353515625,1408245,0.0,0.0
2023-10-19 00:00:00+05:30,3187.996856794897,3194.7505931330616,3171.8247697485194,3175.2705078125,1514545,9.0,0.0
2023-10-20 00:00:00+05:30,3170.446206184081,3215.562489149364,3164.6115581553804,3211.01416015625,1481211,0.0,0.0
2023-10-23 00:00:00+05:30,3191.2130654023267,3196.680258583494,3125.33059463688,3133.46240234375,1106272,0.0,0.0
2023-10-25 00:00:00+05:30,3115.4067623155947,3147.1075537327565,3103.185832642016,3115.039306640625,1518537,0.0,0.0
2023-10-26 00:00:00+05:30,3094.778541475233,3099.9700309962845,3059.8157372092046,3066.01806640625,1984471,0.0,0.0
2023-10-27 00:00:00+05:30,3078.193042420122,3089.219405557149,3066.247815688342,3079.06591796875,1108851,0.0,0.0
2023-10-30 00:00:00+05:30,3078.1929142674794,3108.3776718312,3063.261381474391,3104.426513671875,910972,0.0,0.0
2023-10-31 00:00:00+05:30,3123.2170073341836,3123.2170073341836,3078.2386842955907,3095.42138671875,999811,0.0,0.0
2023-11-01 00:00:00+05:30,3082.787259328347,3098.0404842339485,3042.3572624846965,3060.412841796875,1563475,0.0,0.0
2023-11-02 00:00:00+05:30,3071.944703570906,3102.0374860880515,3071.944703570906,3087.4736328125,1245384,0.0,0.0
2023-11-03 00:00:00+05:30,3107.596275079441,3113.017479853767,3072.9551669090106,3079.01953125,1402598,0.0,0.0
2023-11-06 00:00:00+05:30,3101.1649792596936,3117.0613660938457,3086.4631600987586,3105.989013671875,1099852,0.0,0.0
2023-11-07 00:00:00+05:30,3103.921107326189,3127.949299700163,3092.8947446003413,3096.983642578125,1191144,0.0,0.0
2023-11-08 00:00:00+05:30,3097.902493811986,3125.927832295336,3096.1567427867762,3107.18310546875,992899,0.0,0.0
2023-11-09 00:00:00+05:30,3115.0397671487226,3116.3260865331913,3070.8883236510724,3075.85009765625,2112352,0.0,0.0
2023-11-10 00:00:00+05:30,3067.1664696398684,3075.8496851503864,3052.786345097661,3062.985595703125,1338557,0.0,0.0
2023-11-13 00:00:00+05:30,3083.7061597919806,3083.7061597919806,3057.059116098903,3061.239990234375,1030990,0.0,0.0
2023-11-15 00:00:00+05:30,3108.6072962449807,3136.081226043034,3083.7519929067357,3128.087158203125,2059802,0.0,0.0
2023-11-16 00:00:00+05:30,3151.7478830543773,3242.991076076638,3137.183806430668,3214.046875,3951984,0.0,0.0
2023-11-17 00:00:00+05:30,3214.047043797082,3238.534668324732,3209.1770219858477,3218.273681640625,2021292,0.0,0.0
2023-11-20 00:00:00+05:30,3207.9825974720807,3247.172040938642,3207.9825974720807,3234.032470703125,1475621,0.0,0.0
2023-11-21 00:00:00+05:30,3234.0322273250904,3251.904078434434,3216.941275630958,3225.394775390625,1807236,0.0,0.0
2023-11-22 00:00:00+05:30,3216.0221858385917,3246.022988782295,3198.655755767825,3243.725830078125,1798051,0.0,0.0
2023-11-23 00:00:00+05:30,3243.5888007286394,3256.452892289603,3216.0228902408608,3223.603515625,2729804,0.0,0.0
2023-11-24 00:00:00+05:30,3210.7392094309985,3220.20354959885,3172.836085044069,3176.603515625,1989733,0.0,0.0
2023-11-28 00:00:00+05:30,3176.6037349395933,3198.794203198118,3154.4590303997525,3188.5947265625,1689195,0.0,0.0
2023-11-29 00:00:00+05:30,3198.5639575829327,3232.5619082955354,3193.7859120788967,3228.65673828125,1441634,0.0,0.0
2023-11-30 00:00:00+05:30,3215.5173057360876,3231.3217154069443,3198.5643165203733,3204.62890625,3266235,0.0,0.0
2023-12-01 00:00:00+05:30,3216.022380305287,3231.597072394953,3206.879732976231,3226.72705078125,1172141,0.0,0.0
2023-12-04 00:00:00+05:30,3257.050011733857,3259.9445668878407,3214.1851113453504,3227.462646484375,1625213,0.0,0.0
2023-12-05 00:00:00+05:30,3250.938986137575,3250.938986137575,3218.595036568669,3245.058349609375,1377656,0.0,0.0
2023-12-06 00:00:00+05:30,3245.9777638281844,3319.716570470928,3239.1320502880085,3311.676513671875,1896572,0.0,0.0
2023-12-07 00:00:00+05:30,3312.5027068954923,3335.979712694237,3300.2817782561006,3321.599365234375,1967653,0.0,0.0
2023-12-08 00:00:00+05:30,3338.231023463337,3349.257385225396,3309.7922436184076,3332.442138671875,1641155,0.0,0.0
2023-12-11 00:00:00+05:30,3328.95036736493,3356.6082474751893,3321.691435702932,3347.32763671875,1102503,0.0,0.0
2023-12-12 00:00:00+05:30,3343.698474230384,3398.324867473977,3336.3935538659134,3374.158935546875,2236866,0.0,0.0
2023-12-13 00:00:00+05:30,3347.9248604760237,3353.8514846716,3273.910367091756,3301.981689453125,3850968,0.0,0.0
2023-12-14 00:00:00+05:30,3335.474241624557,3379.5796861419067,3333.2690591314463,3369.701904296875,3290396,0.0,0.0
2023-12-15 00:00:00+05:30,3369.1967126856007,3579.8461676911347,3369.1967126856007,3547.73193359375,8531230,0.0,0.0
2023-12-18 00:00:00+05:30,3545.0672656351603,3610.21459633512,3519.384852021619,3546.077880859375,2521612,0.0,0.0
2023-12-19 00:00:00+05:30,3533.030208580236,3542.310819797178,3482.4927153495696,3506.56689453125,2004435,0.0,0.0
2023-12-20 00:00:00+05:30,3516.7206581730966,3582.4653925926305,3460.9456833906206,3473.350341796875,2586083,0.0,0.0
2023-12-21 00:00:00+05:30,3451.481071849861,3497.837691229688,3439.6278222609985,3480.195556640625,1517562,0.0,0.0
2023-12-22 00:00:00+05:30,3491.6814061887094,3533.903140431371,3456.764592126822,3513.734130859375,2413058,0.0,0.0
2023-12-26 00:00:00+05:30,3509.920712322704,3522.9225406782575,3482.6302878237593,3487.59228515625,1285231,0.0,0.0
2023-12-27 00:00:00+05:30,3490.762566000509,3508.4047009886162,3462.2777964437796,3501.97265625,1293976,0.0,0.0
2023-12-28 00:00:00+05:30,3513.7343014406606,3526.598391456395,3484.422643209007,3491.589599609375,1682889,0.0,0.0
2023-12-29 00:00:00+05:30,3484.330380055923,3512.447692792302,3459.8885213069443,3485.61669921875,1574996,0.0,0.0
2024-01-01 00:00:00+05:30,3482.492749322785,3521.085017257233,3466.8720694445565,3501.880859375,825907,0.0,0.0
2024-01-02 00:00:00+05:30,3501.881057224548,3501.881057224548,3461.588799764739,3476.24462890625,1344068,0.0,0.0
2024-01-03 00:00:00+05:30,3461.3590835588857,3465.815661625944,3387.895985677585,3392.214599609375,1803075,0.0,0.0
2024-01-04 00:00:00+05:30,3401.4030536919613,3417.2534494983192,3354.770729797893,3369.288818359375,3598144,0.0,0.0
2024-01-05 00:00:00+05:30,3376.8236872126063,3443.6710132655903,3376.685947407125,3434.6201171875,1963127,0.0,0.0
2024-01-08 00:00:00+05:30,3434.6198437984353,3436.319831034353,3374.4342835516945,3379.855712890625,1067805,0.0,0.0
2024-01-09 00:00:00+05:30,3408.938399095198,3447.8983552617738,3383.9453508806173,3390.51513671875,1370944,0.0,0.0
2024-01-10 00:00:00+05:30,3390.606527086916,3426.671921717854,3388.7687999719633,3411.786376953125,1292227,0.0,0.0
2024-01-11 00:00:00+05:30,3421.847774755498,3466.8720875812282,3406.227094795551,3432.460693359375,1777909,0.0,0.0
2024-01-12 00:00:00+05:30,3535.7869314092995,3588.3918695130374,3511.5290234837503,3567.763427734375,6813450,0.0,0.0
2024-01-15 00:00:00+05:30,3638.6999045964144,3643.2942226577734,3569.7851336760277,3587.059814453125,2801505,0.0,0.0
2024-01-16 00:00:00+05:30,3582.649169426814,3582.649169426814,3542.724590950909,3548.008056640625,1432672,0.0,0.0
2024-01-17 00:00:00+05:30,3509.139941106088,3592.7105371518787,3503.213316001241,3569.41748046875,3458696,0.0,0.0
2024-01-18 00:00:00+05:30,3581.730412979628,3591.6541850035787,3548.6513224544183,3585.957275390625,2239110,0.0,0.0
2024-01-19 00:00:00+05:30,3650.1701882508987,3667.33389806662,3622.4585484772238,3648.365966796875,2941975,27.0,0.0
2024-01-23 00:00:00+05:30,3608.5336236676276,3639.9000178846713,3555.5622006022504,3569.90380859375,2618854,0.0,0.0
2024-01-24 00:00:00+05:30,3590.0279365554666,3593.405063199735,3521.188315964987,3554.682861328125,2657709,0.0,0.0
2024-01-25 00:00:00+05:30,3552.9253086283948,3572.4484922748393,3496.299130619781,3525.53759765625,2205154,0.0,0.0
2024-01-29 00:00:00+05:30,3516.747365220146,3534.512408586967,3498.288373082006,3516.932373046875,1646747,0.0,0.0
2024-01-30 00:00:00+05:30,3522.899862568521,3560.2343923222415,3503.978240197422,3516.515625,1411621,0.0,0.0
2024-01-31 00:00:00+05:30,3526.3701277133873,3547.4662161180863,3512.7224681704183,3530.76513671875,2459358,0.0,0.0
2024-02-01 00:00:00+05:30,3534.512397161187,3613.0673074626943,3520.679730209892,3566.110107421875,2363107,0.0,0.0
2024-02-02 00:00:00+05:30,3585.4484682920206,3686.626068543693,3582.62636463885,3669.87890625,2826510,0.0,0.0
2024-02-05 00:00:00+05:30,3685.3307388054186,3721.4160761926673,3665.9927893840145,3676.355712890625,1691523,0.0,0.0
2024-02-06 00:00:00+05:30,3698.2841625693227,3839.7570890882835,3691.807307643632,3826.89599609375,4474396,0.0,0.0
2024-02-07 00:00:00+05:30,3842.625585823318,3844.4761158429774,3769.4833416173137,3778.22705078125,2124267,0.0,0.0
2024-02-08 00:00:00+05:30,3784.3339061306156,3847.2519270638386,3780.679154505362,3825.13818359375,2345173,0.0,0.0
2024-02-09 00:00:00+05:30,3827.4049545026455,3872.002910542726,3793.586697705998,3824.768310546875,2100596,0.0,0.0
2024-02-12 00:00:00+05:30,3821.344040674974,3848.7319720992136,3798.721133132417,3812.7392578125,1013716,0.0,0.0
2024-02-13 00:00:00+05:30,3817.134278526908,3858.3546492800338,3776.468705284522,3839.38671875,1257415,0.0,0.0
2024-02-14 00:00:00+05:30,3800.0631929479614,3807.372695778341,3746.860457716769,3793.678955078125,1391283,0.0,0.0
2024-02-15 00:00:00+05:30,3819.4937535655404,3836.425921611901,3777.8568303798697,3796.54736328125,1091582,0.0,0.0
2024-02-16 00:00:00+05:30,3805.8461829865505,3837.9530585421244,3793.6790388446657,3819.771240234375,1307556,0.0,0.0
2024-02-19 00:00:00+05:30,3814.9136460247614,3819.7712872346397,3751.949544010636,3797.102294921875,772291,0.0,0.0
2024-02-20 00:00:00+05:30,3777.02400598197,3791.7356277963377,3710.312315144781,3729.4189453125,1193648,0.0,0.0
2024-02-21 00:00:00+05:30,3713.0887558057943,3759.6759428133064,3683.110257654341,3693.195556640625,1885939,0.0,0.0
2024-02-22 00:00:00+05:30,3674.2272789613758,3788.9138294075187,3674.2272789613758,3781.650634765625,2982052,0.0,0.0
2024-02-23 00:00:00+05:30,3821.344409805824,3821.344409805824,3743.9921662615307,3749.266357421875,2538072,0.0,0.0
2024-02-26 00:00:00+05:30,3734.369460019071,3747.3231697416345,3685.0990998243196,3702.031494140625,1379284,0.0,0.0
2024-02-27 00:00:00+05:30,3700.1343948846816,3815.7925092534197,3700.1343948846816,3797.6572265625,2960475,0.0,0.0
2024-02-28 00:00:00+05:30,3789.5150909802637,3844.3831199375004,3783.4082521595947,3811.1201171875,1939225,0.0,0.0
2024-02-29 00:00:00+05:30,3792.660933089219,3828.838882067221,3760.785601555576,3789.052490234375,3772719,0.0,0.0
2024-03-01 00:00:00+05:30,3800.248387556673,3830.5968972344103,3781.37284701895,3788.358642578125,2043265,0.0,0.0
2024-03-04 00:00:00+05:30,3798.2129895593343,3810.1488182185494,3771.287686534873,3775.72900390625,1749271,0.0,0.0
2024-03-05 00:00:00+05:30,3758.426246117549,3760.276776027011,3682.554519829602,3712.255615234375,2070859,0.0,0.0
2024-03-06 00:00:00+05:30,3695.5548194727744,3767.6791830158427,3662.615294214232,3760.5546875,1744204,0.0,0.0
2024-03-07 00:00:00+05:30,3761.20205859874,3815.792691183568,3735.942280037316,3801.543701171875,2688905,0.0,0.0
2024-03-11 00:00:00+05:30,3783.408678550958,3842.625640015194,3783.408678550958,3814.266357421875,2304068,0.0,0.0
2024-03-12 00:00:00+05:30,3814.265966419898,3913.8245630337647,3813.0628509397507,3878.94189453125,4039801,0.0,0.0
2024-03-13 00:00:00+05:30,3890.7394015665486,3924.048942222053,3823.1024383775984,3838.924560546875,2837260,0.0,0.0
2024-03-14 00:00:00+05:30,3843.0415292335488,3909.2440495220876,3780.6322334549704,3893.14453125,2919608,0.0,0.0
2024-03-15 00:00:00+05:30,3879.2660947342424,3922.198299993149,3864.8318705051624,3903.92431640625,3373143,0.0,0.0
2024-03-18 00:00:00+05:30,3900.2232194784533,3936.771186305901,3810.102500494757,3842.162841796875,1526904,0.0,0.0
2024-03-19 00:00:00+05:30,3748.479695578933,3754.7252341028843,3670.1561065216574,3680.056396484375,8931209,0.0,0.0
2024-03-20 00:00:00+05:30,3688.106112670511,3717.7145912468923,3664.2342316393506,3674.134521484375,1817913,0.0,0.0
2024-03-21 00:00:00+05:30,3691.8538610073474,3708.8323391521208,3652.946420443474,3676.03173828125,3829582,0.0,0.0
2024-03-22 00:00:00+05:30,3605.7578029927627,3643.6936690237358,3566.8966719366435,3618.618896484375,5852485,0.0,0.0
2024-03-26 00:00:00+05:30,3585.401925358136,3651.7433816109683,3582.1171893830456,3587.715087890625,3440925,0.0,0.0
2024-03-27 00:00:00+05:30,3597.892800149196,3603.907022394527,3543.209550606818,3553.85009765625,1968575,0.0,0.0
2024-03-28 00:00:00+05:30,3562.36308118918,3622.412692944183,3553.480446296842,3586.60498046875,4311783,0.0,0.0
2024-04-01 00:00:00+05:30,3606.405394611388,3639.3449194194973,3597.4766775972653,3624.03173828125,1569676,0.0,0.0
2024-04-02 00:00:00+05:30,3599.2810317043986,3617.6476332395196,3583.5515259103177,3593.54443359375,2142666,0.0,0.0
2024-04-03 00:00:00+05:30,3563.195519200383,3683.4799693421774,3563.195519200383,3652.298583984375,3973090,0.0,0.0
2024-04-04 00:00:00+05:30,3678.761128130228,3727.5688582731514,3641.1491951647313,3704.113525390625,3394637,0.0,0.0
2024-04-05 00:00:00+05:30,3680.704014501987,3702.910373563839,3664.511877686053,3681.860595703125,1636819,0.0,0.0
2024-04-08 00:00:00+05:30,3685.3305954282823,3731.269913572256,3664.049499848355,3675.66162109375,2302538,0.0,0.0
2024-04-09 00:00:00+05:30,3686.2553734846415,3715.7251510025535,3631.7110526327383,3651.604248046875,1876992,0.0,0.0
2024-04-10 00:00:00+05:30,3660.718440875778,3691.992443782896,3625.18835440643,3686.857177734375,2101965,0.0,0.0
2024-04-12 00:00:00+05:30,3674.2277439646064,3713.412811647357,3650.6334837099857,3702.355712890625,4354821,0.0,0.0
2024-04-15 00:00:00+05:30,3702.3552035360053,3760.4618895048175,3626.1597679097335,3646.654296875,4200329,0.0,0.0
2024-04-16 00:00:00+05:30,3610.3841487881004,3635.088679921969,3574.160113204175,3583.366455078125,3051420,0.0,0.0
2024-04-18 00:00:00+05:30,3587.067257661961,3641.8428983525378,3562.270111447477,3573.373291015625,3476284,0.0,0.0
2024-04-19 00:00:00+05:30,3551.1669511103,3564.6296015885387,3516.8395304016394,3540.248779296875,2957749,0.0,0.0
2024-04-22 00:00:00+05:30,3550.2418918920625,3588.1777578205415,3527.1102663259167,3575.779296875,1728883,0.0,0.0
2024-04-23 00:00:00+05:30,3587.2989749852045,3603.9074377672014,3572.0784098044014,3585.12451171875,1807586,0.0,0.0
2024-04-24 00:00:00+05:30,3599.28089958814,3606.683019690121,3538.6297328235796,3544.736572265625,1317312,0.0,0.0
2024-04-25 00:00:00+05:30,3526.369800379696,3584.1525524444287,3526.1847925650745,3564.3056640625,2856271,0.0,0.0
2024-04-26 00:00:00+05:30,3567.0354969857567,3587.0676210226866,3518.366690485543,3535.76171875,2039178,0.0,0.0
2024-04-29 00:00:00+05:30,3551.167204410655,3587.9927979834483,3533.772176573303,3580.960693359375,1110693,0.0,0.0
2024-04-30 00:00:00+05:30,3582.6262194890505,3591.647553590295,3525.2597872554966,3535.11376953125,2203078,0.0,0.0
2024-05-02 00:00:00+05:30,3495.6973338865346,3581.793283755537,3495.6973338865346,3574.576171875,2491044,0.0,0.0
2024-05-03 00:00:00+05:30,3599.418973627607,3602.611318082779,3513.785892291329,3556.162841796875,2962234,0.0,0.0
2024-05-06 00:00:00+05:30,3565.046167455169,3645.497916789637,3565.046167455169,3628.010498046875,2053831,0.0,0.0
2024-05-07 00:00:00+05:30,3637.0313486712853,3689.9564562754226,3621.024220570177,3681.582763671875,2062112,0.0,0.0
2024-05-08 00:00:00+05:30,3664.974491004591,3686.5332096600414,3644.2486463464647,3679.732421875,1247685,0.0,0.0
2024-05-09 00:00:00+05:30,3665.899408660846,3674.2267924765824,3617.831943925627,3664.23388671875,1726486,0.0,0.0
2024-05-10 00:00:00+05:30,3666.4552924738027,3676.6332077878074,3594.7009443311135,3602.889404296875,1672489,0.0,0.0
2024-05-13 00:00:00+05:30,3594.191910496532,3659.423093323152,3580.7755679293546,3652.76123046875,931326,0.0,0.0
2024-05-14 00:00:00+05:30,3641.8430662390724,3650.9107084833586,3601.9640540938385,3609.643798828125,1058317,0.0,0.0
2024-05-15 00:00:00+05:30,3612.697170078893,3633.469324021022,3585.864485245422,3590.398193359375,1115021,0.0,0.0
2024-05-16 00:00:00+05:30,3626.466519045034,3643.6150446878205,3582.103702329617,3635.646484375,2599399,28.0,0.0
2024-05-17 00:00:00+05:30,3652.468629512838,3653.400619466784,3569.521523611679,3573.3427734375,2765804,0.0,0.0
2024-05-21 00:00:00+05:30,3570.0810162003927,3583.2685838009415,3550.928576025766,3560.38818359375,1908117,0.0,0.0
2024-05-22 00:00:00+05:30,3574.1814679044273,3580.0064051076615,3557.91828874032,3571.385498046875,1311168,0.0,0.0
2024-05-23 00:00:00+05:30,3579.726777292213,3639.420779503035,3565.3275779741,3628.65625,2095742,0.0,0.0
2024-05-24 00:00:00+05:30,3614.4897775983236,3619.6623669761175,3582.8487664565187,3587.695068359375,1309452,0.0,0.0
2024-05-27 00:00:00+05:30,3592.8213842320465,3642.5431408365193,3580.099811979568,3585.412109375,1841538,0.0,0.0
2024-05-28 00:00:00+05:30,3595.617646232284,3606.8015269359616,3569.5219245903704,3578.74853515625,1801993,0.0,0.0
2024-05-29 00:00:00+05:30,3587.1359229136956,3587.1359229136956,3541.561706702611,3544.96337890625,1568095,0.0,0.0
2024-05-30 00:00:00+05:30,3520.126111198893,3536.342645636951,3462.7620831275535,3482.0078125,2919230,0.0,0.0
2024-05-31 00:00:00+05:30,3485.6425278948263,3494.7760752132112,3405.25839205768,3421.28857421875,10956800,0.0,0.0
2024-06-03 00:00:00+05:30,3478.9325884163013,3496.407402277088,3444.635308238204,3451.01953125,2156773,0.0,0.0
2024-06-04 00:00:00+05:30,3448.3629237466353,3490.3024728192295,3347.2420109827135,3462.3427734375,3395997,0.0,0.0
2024-06-05 00:00:00+05:30,3463.274759262659,3526.4637252968946,3448.3629196102897,3491.65380859375,2799670,0.0,0.0
2024-06-06 00:00:00+05:30,3523.8540736442465,3578.748191817024,3487.0404698598118,3569.894287109375,4328036,0.0,0.0
2024-06-07 00:00:00+05:30,3576.3251734304413,3648.740748916949,3576.3251734304413,3629.122314453125,4552445,0.0,0.0
2024-06-10 00:00:00+05:30,3630.101057972248,3640.259657979909,3580.6122978489143,3596.269775390625,1734661,0.0,0.0
2024-06-11 00:00:00+05:30,3583.5016762366204,3616.074682376751,3579.773716105295,3590.118896484375,1419898,0.0,0.0
2024-06-12 00:00:00+05:30,3610.9016510674905,3628.70274953458,3567.1447698788693,3571.05908203125,2177001,0.0,0.0
2024-06-13 00:00:00+05:30,3594.498636836368,3625.4406555356777,3590.025039877489,3614.396484375,1932323,0.0,0.0
2024-06-14 00:00:00+05:30,3624.508910984573,3624.508910984573,3567.657524106183,3571.43212890625,1860730,0.0,0.0
2024-06-18 00:00:00+05:30,3565.840499225813,3580.70569469464,3536.948808300375,3555.63525390625,1774045,0.0,0.0
2024-06-19 00:00:00+05:30,3567.3313345631773,3573.109854433855,3534.9913279582247,3543.146240234375,1509050,0.0,0.0
2024-06-20 00:00:00+05:30,3537.833867179764,3550.8350815373415,3522.968672913241,3529.678955078125,2846526,0.0,0.0
2024-06-21 00:00:00+05:30,3566.725402515704,3614.070535675963,3539.7443400003353,3551.58056640625,4642195,0.0,0.0
2024-06-24 00:00:00+05:30,3549.7169174041856,3594.6854349663126,3533.4537373890407,3557.219482421875,1702154,0.0,0.0
2024-06-25 00:00:00+05:30,3557.4055898723664,3585.9709904295314,3534.9445413738563,3577.396728515625,1338808,0.0,0.0
2024-06-26 00:00:00+05:30,3583.035348485668,3603.9584772724033,3579.7733836736766,3593.613525390625,1639845,0.0,0.0
2024-06-27 00:00:00+05:30,3570.453463381977,3673.9043468159107,3558.4308841597035,3666.588134765625,4526556,0.0,0.0
2024-06-28 00:00:00+05:30,3651.3504621125517,3690.6803945471183,3632.7573071473466,3638.628662109375,2731571,0.0,0.0
2024-07-01 00:00:00+05:30,3619.849165498956,3729.544343158271,3619.849165498956,3707.642578125,2658723,0.0,0.0
2024-07-02 00:00:00+05:30,3721.9955765217287,3749.768698145293,3711.6970409015075,3744.1767578125,2307449,0.0,0.0
2024-07-03 00:00:00+05:30,3746.599693233403,3752.2849230860397,3686.0203449597284,3695.5732421875,1821198,0.0,0.0
2024-07-04 00:00:00+05:30,3727.820255141,3772.0897796971713,3711.2774328068517,3747.485107421875,2518001,0.0,0.0
2024-07-05 00:00:00+05:30,3737.2798920275045,3752.8907244942034,3716.776112071244,3738.95751953125,1668616,0.0,0.0
2024-07-08 00:00:00+05:30,3748.4636711812386,3757.0845784309718,3707.5027573776674,3721.622314453125,1758882,0.0,0.0
2024-07-09 00:00:00+05:30,3713.979805824434,3734.4369389213416,3704.753196694115,3714.44580078125,1305801,0.0,0.0
2024-07-10 00:00:00+05:30,3712.7687221974984,3731.03581821931,3636.6251805066217,3643.288818359375,2669716,0.0,0.0
2024-07-11 00:00:00+05:30,3663.6526936077744,3709.320203652745,3630.6603385899334,3656.84912109375,4872189,0.0,0.0
2024-07-12 00:00:00+05:30,3709.3201197843787,3914.31149788065,3701.2118524670477,3899.399658203125,13509164,0.0,0.0
2024-07-15 00:00:00+05:30,3947.630166106164,3951.637541017052,3874.3287896416814,3885.65283203125,4848030,0.0,0.0
2024-07-16 00:00:00+05:30,3888.2621642902236,3909.2783561355113,3863.005145027192,3894.273681640625,2029521,0.0,0.0
2024-07-18 00:00:00+05:30,3877.077981309866,4030.856314703166,3877.077981309866,4022.048828125,5613364,0.0,0.0
2024-07-19 00:00:00+05:30,4033.1187635646565,4071.7461454391314,4003.085786003565,4019.1064453125,3903354,10.0,0.0
2024-07-22 00:00:00+05:30,4016.8182908544136,4035.501383022473,3984.1694048386576,4005.0478515625,1896386,0.0,0.0
2024-07-23 00:00:00+05:30,4000.9838331566834,4074.5019767736776,3985.383270127061,4019.059814453125,2365208,0.0,0.0
2024-07-24 00:00:00+05:30,4005.187240622732,4053.3897019049946,3987.0647353547406,4022.70263671875,1809793,0.0,0.0
2024-07-25 00:00:00+05:30,4012.1940490122543,4057.0334702817745,3992.763815580868,4037.88330078125,2810342,0.0,0.0
2024-07-26 00:00:00+05:30,4063.5718504032297,4131.251522639573,4051.4743678448162,4098.9296875,3552210,0.0,0.0
2024-07-29 00:00:00+05:30,4124.29225913021,4139.23873164348,4083.18945971872,4092.62451171875,1746803,0.0,0.0
2024-07-30 00:00:00+05:30,4101.9658549692,4108.411429696998,4042.3665250804256,4077.911376953125,1797906,0.0,0.0
2024-07-31 00:00:00+05:30,4063.5727565045063,4123.358654531239,4058.901983221168,4096.59521484375,2330091,0.0,0.0
2024-08-01 00:00:00+05:30,4109.719173657026,4128.308756789134,4077.6308756871877,4107.57080078125,2202244,0.0,0.0
2024-08-02 00:00:00+05:30,4077.5849152603046,4108.412017712444,3988.8402263829325,4001.03076171875,2811282,0.0,0.0
2024-08-05 00:00:00+05:30,3959.8811983653177,3959.8811983653177,3839.8423368437457,3881.458740234375,2787771,0.0,0.0
2024-08-06 00:00:00+05:30,3896.312359784595,3977.8638749268666,3886.8303255725164,3896.5458984375,2203067,0.0,0.0
2024-08-07 00:00:00+05:30,3949.605404089638,3965.439506030656,3905.046049978384,3923.86962890625,1237666,0.0,0.0
2024-08-08 00:00:00+05:30,3905.7004295419442,3953.342314714544,3886.083182706168,3897.806640625,2441283,0.0,0.0
2024-08-09 00:00:00+05:30,3939.329836106082,3973.56650999584,3928.6335837883744,3950.30615234375,1302536,0.0,0.0
2024-08-12 00:00:00+05:30,3951.473798487575,3959.8811895481867,3910.698043069639,3919.385498046875,936912,0.0,0.0
2024-08-13 00:00:00+05:30,3935.593095642134,3955.2103410749573,3907.5684593095293,3920.60009765625,1495593,0.0,0.0
2024-08-14 00:00:00+05:30,3931.8564178589354,4022.6564206521393,3912.379204677013,4012.42724609375,3226545,0.0,0.0
2024-08-16 00:00:00+05:30,4063.5722246731834,4135.502123822571,4040.3118679924623,4125.27294921875,3457058,0.0,0.0
2024-08-19 00:00:00+05:30,4129.898300368005,4198.325138301042,4101.266547462351,4194.35498046875,2055210,0.0,0.0
2024-08-20 00:00:00+05:30,4208.366092318441,4264.415363248319,4203.69531974095,4225.4609375,2212298,0.0,0.0
2024-08-21 00:00:00+05:30,4220.510992898976,4259.745490840932,4196.7365730034835,4251.80517578125,1896990,0.0,0.0
2024-08-22 00:00:00+05:30,4259.744931072301,4260.63256038501,4201.080205263111,4205.56396484375,1829872,0.0,0.0
2024-08-23 00:00:00+05:30,4203.696220996849,4209.301149291511,4161.659258786881,4169.97314453125,1809253,0.0,0.0
2024-08-26 00:00:00+05:30,4193.420300556836,4252.412076557385,4189.683681888486,4205.98486328125,1844164,0.0,0.0
2024-08-27 00:00:00+05:30,4208.365918713926,4213.036691098735,4191.36412478117,4201.03271484375,930697,0.0,0.0
2024-08-28 00:00:00+05:30,4202.528021816373,4262.080377779873,4163.807131055486,4209.34716796875,1848058,0.0,0.0
2024-08-29 00:00:00+05:30,4166.329239106743,4256.008074746709,4166.329239106743,4214.71826171875,2133641,0.0,0.0
2024-08-30 00:00:00+05:30,4203.694960798106,4289.870707494467,4192.2980942301265,4253.90576171875,3637222,0.0,0.0
2024-09-02 00:00:00+05:30,4274.691351544587,4285.901206487449,4214.905458515991,4223.359375,1216500,0.0,0.0
2024-09-03 00:00:00+05:30,4223.359782095085,4255.915163522401,4199.86588340543,4215.23291015625,1717263,0.0,0.0
2024-09-04 00:00:00+05:30,4182.162662519623,4191.550731650632,4144.562948468155,4184.31103515625,1265505,0.0,0.0
2024-09-05 00:00:00+05:30,4185.946301664735,4202.761082613176,4160.864162190618,4181.22900390625,1688793,0.0,0.0
2024-09-06 00:00:00+05:30,4179.360608219492,4221.397559718623,4147.645881247546,4163.29296875,1649179,0.0,0.0
2024-09-09 00:00:00+05:30,4161.658218912157,4194.587164415334,4138.771434094347,4156.56689453125,1184938,0.0,0.0
2024-09-10 00:00:00+05:30,4149.935671573333,4241.015753552719,4148.0673621993965,4211.029296875,1385591,0.0,0.0
2024-09-11 00:00:00+05:30,4223.733764076483,4249.796587828451,4176.839017757158,4184.40576171875,1325919,0.0,0.0
2024-09-12 00:00:00+05:30,4213.271321921695,4234.149771120126,4139.519624394889,4220.23095703125,2742216,0.0,0.0
2024-09-13 00:00:00+05:30,4231.720758970384,4247.601388750184,4208.366891647148,4224.80810546875,1458786,0.0,0.0
2024-09-16 00:00:00+05:30,4228.918357687261,4246.713822399725,4198.511804432986,4216.07373046875,1155120,0.0,0.0
2024-09-17 00:00:00+05:30,4216.0732990838,4237.138303114714,4171.934493703706,4208.9736328125,1699364,0.0,0.0
2024-09-18 00:00:00+05:30,4200.939664746227,4200.939664746227,4036.4819336551354,4059.975830078125,2961779,0.0,0.0
2024-09-19 00:00:00+05:30,4100.9848398642125,4131.018272379729,3999.8626137698093,4013.267822265625,2927551,0.0,0.0
2024-09-20 00:00:00+05:30,4032.651980992276,4045.5435884044587,3949.1386493323726,4002.759033203125,5447908,0.0,0.0
2024-09-23 00:00:00+05:30,4016.864835147739,4025.645797282258,3972.9595683449616,3987.43896484375,1702319,0.0,0.0
2024-09-24 00:00:00+05:30,3971.6986393318166,4008.457717080139,3960.8158285760405,3990.0546875,3012026,0.0,0.0
2024-09-25 00:00:00+05:30,3972.352372106861,4007.149630672786,3960.8154716650097,3993.27734375,2713073,0.0,0.0
2024-09-26 00:00:00+05:30,3979.4986179109637,4032.5584170310385,3979.4986179109637,4009.858642578125,3964251,0.0,0.0
2024-09-27 00:00:00+05:30,4049.560271516411,4089.7289201150743,4016.9113851451907,4024.9921875,3012477,0.0,0.0
2024-09-30 00:00:00+05:30,4004.6273184936945,4015.697141881708,3979.5451759133052,3987.43896484375,2503416,0.0,0.0
2024-10-01 00:00:00+05:30,3975.3417724055544,4012.894973053944,3963.571788322826,4005.561767578125,1823365,0.0,0.0
2024-10-03 00:00:00+05:30,3981.9275753897014,3997.247619935326,3932.7909511399207,3954.04296875,3350119,0.0,0.0
2024-10-04 00:00:00+05:30,3946.8035620618125,4014.996854376727,3945.915932654942,3972.25927734375,2965463,0.0,0.0
2024-10-07 00:00:00+05:30,3992.4828770510344,4014.295476129203,3950.9130012728624,3991.502197265625,1472619,0.0,0.0
2024-10-08 00:00:00+05:30,3991.2695887587247,3997.6216584676604,3927.139957800244,3973.193603515625,1541867,0.0,0.0
2024-10-09 00:00:00+05:30,3979.4986935769084,4012.1941053785968,3967.0746195443417,3972.9130859375,1082504,0.0,0.0
2024-10-10 00:00:00+05:30,3973.1931542704974,4011.119923228477,3922.1416952982436,3949.045166015625,2378875,0.0,0.0
2024-10-11 00:00:00+05:30,3870.2019563375943,3962.6367232886987,3841.6637198260582,3875.993896484375,5759183,0.0,0.0
2024-10-14 00:00:00+05:30,3867.399772588283,3891.1272065370717,3850.7720043272802,3864.270263671875,2137590,0.0,0.0
2024-10-15 00:00:00+05:30,3859.0389973491433,3895.377974493319,3825.3629080466067,3845.727294921875,2759474,0.0,0.0
2024-10-16 00:00:00+05:30,3816.0216134166303,3844.0462519484536,3799.393615608063,3825.31640625,2359151,0.0,0.0
2024-10-17 00:00:00+05:30,3841.9910114211275,3858.0121283615904,3823.4481787021273,3838.44140625,2522659,0.0,0.0
2024-10-18 00:00:00+05:30,3830.013454514362,3882.594110124687,3820.649118439755,3860.96240234375,2361000,10.0,0.0
2024-10-21 00:00:00+05:30,3869.905415130514,3876.788293233767,3811.2845829224775,3820.508544921875,1595450,0.0,0.0
2024-10-22 00:00:00+05:30,3807.538919013043,3829.8260838402684,3751.6807476679483,3760.2490234375,1928049,0.0,0.0
2024-10-23 00:00:00+05:30,3745.359984263881,3852.066320525731,3741.192671772974,3807.773193359375,1966476,0.0,0.0
2024-10-24 00:00:00+05:30,3749.479771713221,3819.7122849196376,3749.479771713221,3790.589111328125,2676744,0.0,0.0
2024-10-25 00:00:00+05:30,3799.1580039005003,3831.8863126796623,3776.3557541640885,3799.626220703125,1759676,0.0,0.0
2024-10-28 00:00:00+05:30,3810.301294003955,3871.2163428984345,3793.4923573008123,3830.809326171875,1532534,0.0,0.0
2024-10-29 00:00:00+05:30,3835.4913054593726,3842.654930403522,3802.013807284174,3816.20068359375,1445885,0.0,0.0
2024-10-30 00:00:00+05:30,3815.966438037417,3845.9323094526803,3801.96680320989,3825.0029296875,1935002,0.0,0.0
2024-10-31 00:00:00+05:30,3811.284570542396,3819.0570147766425,3708.276879446656,3716.189697265625,3740372,0.0,0.0
2024-11-01 00:00:00+05:30,3736.22946325371,3744.7508713227357,3723.306634635094,3730.9384765625,154895,0.0,0.0
2024-11-04 00:00:00+05:30,3714.176555308054,3738.149117791104,3664.49870814831,3712.1630859375,2269192,0.0,0.0
2024-11-05 00:00:00+05:30,3690.578402330056,3732.624177811658,3690.578402330056,3718.905517578125,967590,0.0,0.0
2024-11-06 00:00:00+05:30,3749.105713751395,3886.0120339656723,3722.5577293084234,3876.50732421875,3792017,0.0,0.0
2024-11-07 00:00:00+05:30,3904.6474627956704,3938.452350809554,3825.3782193936936,3887.042236328125,3724349,0.0,0.0
2024-11-08 00:00:00+05:30,3890.881605513963,3904.6940011051383,3855.905719127717,3883.39013671875,1648039,0.0,0.0
2024-11-11 00:00:00+05:30,3865.7853860118053,3965.1406255782304,3855.9057371461695,3931.803955078125,1406487,0.0,0.0
2024-11-12 00:00:00+05:30,3948.0039375194488,3949.8768046624846,3899.6372349991407,3930.586181640625,1587640,0.0,0.0
2024-11-13 00:00:00+05:30,3912.5133765547907,3929.9777720182447,3868.4539006426844,3886.52734375,1098813,0.0,0.0
2024-11-14 00:00:00+05:30,3872.152585273737,3895.5634231532636,3854.781926464299,3882.359619140625,1825432,0.0,0.0
2024-11-18 00:00:00+05:30,3945.194775506029,3945.194775506029,3736.5573227124837,3763.994873046875,3313944,0.0,0.0
2024-11-19 00:00:00+05:30,3764.369206895897,3869.48387485758,3758.9380751010713,3782.770263671875,1776233,0.0,0.0
2024-11-21 00:00:00+05:30,3787.780111716493,3832.307574351096,3768.208741263394,3813.95361328125,2384347,0.0,0.0
2024-11-22 00:00:00+05:30,3812.2211691072102,3984.4783119791628,3796.301797976082,3974.7861328125,3096553,0.0,0.0
2024-11-25 00:00:00+05:30,4007.935292636629,4052.977834453394,3981.902624801247,4040.80419921875,4052167,0.0,0.0
2024-11-26 00:00:00+05:30,4046.3759173117037,4089.0307389004984,4036.0285097141345,4076.014404296875,2060669,0.0,0.0
2024-11-27 00:00:00+05:30,4081.8672312002336,4099.144155960028,4049.185334306465,4057.14501953125,1558993,0.0,0.0
2024-11-28 00:00:00+05:30,4044.4564672909987,4064.0749328901306,3963.9231826910855,3975.066650390625,2558544,0.0,0.0
2024-11-29 00:00:00+05:30,3951.7496928270443,4025.447198194722,3928.9474437906947,3999.367431640625,2017425,0.0,0.0
2024-12-02 00:00:00+05:30,3998.571635878377,4015.61491099407,3961.1609291279406,4004.798828125,1670944,0.0,0.0
2024-12-03 00:00:00+05:30,4040.1024675010203,4050.0753940748286,3994.310955072099,4029.23974609375,2010905,0.0,0.0
2024-12-04 00:00:00+05:30,4039.353040657334,4108.0876338534845,4016.41041706955,4077.6064453125,3302642,0.0,0.0
2024-12-05 00:00:00+05:30,4121.056708977947,4203.65033349106,4082.850401875924,4180.2861328125,3746747,0.0,0.0
2024-12-06 00:00:00+05:30,4169.93829016878,4181.175491938829,4132.246842565077,4162.9150390625,1842087,0.0,0.0
2024-12-09 00:00:00+05:30,4148.821758339719,4185.295566844141,4134.868534150862,4169.14208984375,2066639,0.0,0.0
2024-12-10 00:00:00+05:30,4144.795003046134,4208.144637237795,4131.63829540013,4150.7880859375,2087828,0.0,0.0
2024-12-11 00:00:00+05:30,4150.13340004317,4165.86530184749,4126.862933306924,4146.01318359375,1635256,0.0,0.0
2024-12-12 00:00:00+05:30,4148.447573795295,4199.904784091783,4144.6552005329395,4171.76513671875,1914642,0.0,0.0
2024-12-13 00:00:00+05:30,4153.036438989519,4209.175359798749,4115.063781598932,4189.51025390625,1967048,0.0,0.0
2024-12-16 00:00:00+05:30,4175.557109616659,4190.540046094315,4117.498230765743,4134.54150390625,1646224,0.0,0.0
2024-12-17 00:00:00+05:30,4129.672369316377,4151.163704339607,4043.520474083473,4053.35302734375,3225027,0.0,0.0
2024-12-18 00:00:00+05:30,4037.6204331342105,4084.7228544504474,4016.9251617031996,4071.472412109375,1575404,0.0,0.0
2024-12-19 00:00:00+05:30,4009.808656702463,4086.596211548236,3991.0799847888597,4000.3505859375,3015763,0.0,0.0
2024-12-20 00:00:00+05:30,4053.8206774936325,4103.451653679163,3888.5401624606857,3905.20849609375,4116989,0.0,0.0
2024-12-23 00:00:00+05:30,3933.0672895418265,3948.940020065292,3853.330069463599,3893.97119140625,2195338,0.0,0.0
2024-12-24 00:00:00+05:30,3893.971886498204,3949.8771586248727,3893.971886498204,3913.824462890625,1181886,0.0,0.0
2024-12-26 00:00:00+05:30,3913.8242672999845,3932.9745174938084,3879.7848141774207,3904.08544921875,1208464,0.0,0.0
2024-12-27 00:00:00+05:30,3898.372975186565,3915.1821407656116,3883.624146371002,3900.10546875,858100,0.0,0.0
2024-12-30 00:00:00+05:30,3887.135698411994,3932.3652563563705,3850.6147896579423,3894.439697265625,1527169,0.0,0.0
2024-12-31 00:00:00+05:30,3872.1526387464664,3876.7881676077986,3775.746852751546,3834.508056640625,1555429,0.0,0.0
2025-01-01 00:00:00+05:30,3834.1334768483284,3871.216337275171,3825.752442210114,3851.036376953125,763161,0.0,0.0
2025-01-02 00:00:00+05:30,3858.106569085643,3917.1018879818557,3836.5219567358895,3910.312744140625,1720835,0.0,0.0
2025-01-03 00:00:00+05:30,3914.2454689148967,3914.2454689148967,3832.1669338378674,3839.28369140625,1791953,0.0,0.0
2025-01-06 00:00:00+05:30,3844.52810934996,3885.871560960142,3807.9134644789865,3834.695556640625,2085593,0.0,0.0
2025-01-07 00:00:00+05:30,3853.3774566252837,3877.162777576041,3756.5500894487573,3772.2353515625,2669054,0.0,0.0
2025-01-08 00:00:00+05:30,3778.4155440164827,3863.7247297154518,3762.355800488186,3847.243408203125,2181277,0.0,0.0
2025-01-09 00:00:00+05:30,3840.3139999504324,3874.727933015094,3769.4260257292876,3782.11474609375,2392472,0.0,0.0
2025-01-10 00:00:00+05:30,3933.021270136816,4023.8553328042613,3904.92826106441,3994.498046875,7894300,0.0,0.0
2025-01-13 00:00:00+05:30,3975.160400233359,4048.155577994656,3958.6790783856877,4018.330078125,4003771,0.0,0.0
2025-01-14 00:00:00+05:30,4028.537744976922,4039.6812144686323,3950.86038728989,3963.970458984375,3441709,0.0,0.0
2025-01-15 00:00:00+05:30,3949.8768689287285,3985.882923236608,3939.9976774856577,3979.46826171875,1653474,0.0,0.0
2025-01-16 00:00:00+05:30,3989.2068293675015,4021.0455693202,3925.3889758814885,3938.920166015625,2637705,0.0,0.0
2025-01-17 00:00:00+05:30,3967.148790924069,3967.8165423249693,3910.071878467617,3933.1982421875,1761466,76.0,0.0
2025-01-20 00:00:00+05:30,3953.70197855909,3953.70197855909,3879.6025285384753,3888.85302734375,1287799,0.0,0.0
2025-01-21 00:00:00+05:30,3905.542231174273,3920.514717096685,3843.2678934321675,3848.846923828125,1971591,0.0,0.0
2025-01-22 00:00:00+05:30,3862.3409864324167,3970.2480248109573,3856.8096861084223,3964.001708984375,2409223,0.0,0.0
2025-01-23 00:00:00+05:30,3974.8733548946852,3997.141512526167,3948.218247742152,3953.368408203125,1822998,0.0,0.0
2025-01-24 00:00:00+05:30,3913.839443095865,3984.410622138042,3913.839443095865,3959.94921875,1910099,0.0,0.0
2025-01-27 00:00:00+05:30,3911.9316916717908,3963.7634492210204,3853.8058882600144,3876.7890625,1551782,0.0,0.0
2025-01-28 00:00:00+05:30,3882.177834258726,3911.932122707326,3841.647089447643,3853.091064453125,2468272,0.0,0.0
2025-01-29 00:00:00+05:30,3866.155848644477,3917.5107746444246,3866.155848644477,3909.83349609375,1217089,0.0,0.0
2025-01-30 00:00:00+05:30,3909.9288208062503,3938.5387545651533,3870.447205350259,3910.07177734375,1531251,0.0,0.0
2025-01-31 00:00:00+05:30,3919.5611518137493,3937.1564483563893,3895.9579550966228,3921.849853515625,1492943,0.0,0.0
2025-02-01 00:00:00+05:30,3922.4220804091583,3944.260904282812,3868.0632040212854,3884.41845703125,437172,0.0,0.0
2025-02-03 00:00:00+05:30,3844.1261184510477,3888.0901447868278,3813.4181682881867,3880.126953125,1265713,0.0,0.0
2025-02-04 00:00:00+05:30,3894.479875194974,3928.0013238151814,3877.647789023421,3916.747802734375,2547132,0.0,0.0
2025-02-05 00:00:00+05:30,3957.707610233867,3957.707610233867,3887.136438388733,3901.536865234375,1693912,0.0,0.0
2025-02-06 00:00:00+05:30,3915.174138224137,3947.6941907477535,3863.819444687176,3893.57373046875,2284536,0.0,0.0
2025-02-07 00:00:00+05:30,3900.4879649829604,3900.4879649829604,3822.287472775478,3842.69580078125,1548940,0.0,0.0
2025-02-10 00:00:00+05:30,3852.804719489709,3864.248693904035,3828.34331731039,3849.89599609375,1339511,0.0,0.0
2025-02-11 00:00:00+05:30,3832.2053307443857,3852.8045770599656,3771.743094621823,3779.89697265625,1810908,0.0,0.0
2025-02-12 00:00:00+05:30,3787.0973784585635,3835.400394667701,3757.5812744449863,3767.117919921875,1678002,0.0,0.0
2025-02-13 00:00:00+05:30,3784.140776452309,3799.828511079361,3721.437334907012,3728.97119140625,2277310,0.0,0.0
2025-02-14 00:00:00+05:30,3743.132923471687,3765.067205571011,3719.29131249416,3752.526611328125,1681975,0.0,0.0
2025-02-17 00:00:00+05:30,3677.807112211271,3751.7161103174226,3677.520966298114,3723.5830078125,1799806,0.0,0.0
2025-02-18 00:00:00+05:30,3717.765697945917,3742.5609756413837,3685.4365636204366,3693.7333984375,2149879,0.0,0.0
2025-02-19 00:00:00+05:30,3692.7799162903398,3695.402493868423,3593.551070815755,3608.76220703125,4366672,0.0,0.0
2025-02-20 00:00:00+05:30,3587.209039488717,3612.4811488989126,3577.4817080927064,3604.279541015625,2888572,0.0,0.0
2025-02-21 00:00:00+05:30,3601.1325452240194,3640.137329423988,3600.0834211620527,3610.57373046875,1833931,0.0,0.0
2025-02-24 00:00:00+05:30,3569.7091569360205,3588.8301766028944,3499.9486923438976,3505.289306640625,2508516,0.0,0.0
2025-02-25 00:00:00+05:30,3457.033826816381,3488.504755446709,3453.4575849265707,3461.373046875,4101954,0.0,0.0
2025-02-27 00:00:00+05:30,3444.349936596485,3469.4313588459286,3433.8596273751255,3445.16064453125,3823856,0.0,0.0
2025-02-28 00:00:00+05:30,3418.83943788603,3433.192134904543,3296.8181139902795,3321.851806640625,7085018,0.0,0.0
2025-03-03 00:00:00+05:30,3323.5204647090454,3359.9981283460957,3315.0804415597713,3331.197509765625,4990439,0.0,0.0
2025-03-04 00:00:00+05:30,3313.03059628982,3386.462765522496,3303.780096861225,3368.390869140625,2797737,0.0,0.0
2025-03-05 00:00:00+05:30,3357.7095944485823,3433.5259187324127,3357.7095944485823,3382.695556640625,2501894,0.0,0.0
2025-03-06 00:00:00+05:30,3392.184489465064,3442.204143903758,3372.2529953515404,3434.718017578125,2786513,0.0,0.0
2025-03-07 00:00:00+05:30,3433.192051502639,3457.0336629714075,3408.778148227326,3443.873046875,2051315,0.0,0.0
2025-03-10 00:00:00+05:30,3439.3913630469438,3454.268623865353,3416.598872349936,3423.322021484375,1004626,0.0,0.0
2025-03-11 00:00:00+05:30,3393.1385193645992,3422.4637047132396,3373.7313523521616,3409.636962890625,1995450,0.0,0.0
2025-03-12 00:00:00+05:30,3399.814294502728,3403.8673690473665,3325.2854992426232,3343.73876953125,3174167,0.0,0.0
2025-03-13 00:00:00+05:30,3340.019205205493,3360.999824081682,3322.662557973568,3348.36376953125,1693004,0.0,0.0
2025-03-17 00:00:00+05:30,3327.3354895121856,3366.86483705381,3316.225391054831,3335.63232421875,2690906,0.0,0.0
2025-03-18 00:00:00+05:30,3335.63232421875,3335.63232421875,3335.63232421875,3335.63232421875,0,0.0,0.0
2025-03-19 00:00:00+05:30,3382.6480693895237,3382.6480693895237,3302.301833176931,3335.060302734375,3051244,0.0,0.0
2025-03-20 00:00:00+05:30,3349.269714639503,3413.117506170413,3349.269714639503,3398.049560546875,2845192,0.0,0.0
2025-03-21 00:00:00+05:30,3313.9842232799383,3448.6893373916764,3304.4475780330895,3412.30712890625,4161925,0.0,0.0
2025-03-24 00:00:00+05:30,3433.1922402172363,3480.6370496480163,3401.33993867541,3460.80078125,1834751,0.0,0.0
2025-03-25 00:00:00+05:30,3476.1071349334247,3538.0953280117983,3469.4314833711383,3488.266357421875,3135390,0.0,0.0
2025-03-26 00:00:00+05:30,3478.7294955586594,3509.9620062788417,3457.8443372465335,3467.333251953125,1734499,0.0,0.0
2025-03-27 00:00:00+05:30,3447.354210516991,3493.2730630548403,3443.2056768112207,3482.019775390625,2528474,0.0,0.0
2025-03-28 00:00:00+05:30,3481.829074680501,3491.3179898494645,3425.467409839091,3439.05712890625,2051919,0.0,0.0
2025-04-01 00:00:00+05:30,3407.1571321951615,3417.933587672838,3361.667381848982,3386.27197265625,2618493,0.0,0.0
2025-04-02 00:00:00+05:30,3379.7869876031436,3398.955737182192,3366.4834143953553,3379.7392578125,1764313,0.0,0.0
2025-04-03 00:00:00+05:30,3329.242651246095,3339.732960373482,3238.7874835027424,3245.463134765625,4537821,0.0,0.0
2025-04-04 00:00:00+05:30,3206.7925383276747,3242.1256239661316,3142.80155330537,3146.520751953125,5317367,0.0,0.0
2025-04-07 00:00:00+05:30,2956.3598667283995,3138.8911537557533,2914.446359699624,3122.34521484375,6623955,0.0,0.0
2025-04-08 00:00:00+05:30,3149.0478246149446,3193.822325127449,3104.464010431693,3140.369384765625,5557558,0.0,0.0
2025-04-09 00:00:00+05:30,3109.4708094407843,3118.4828923346345,3063.2180815269526,3096.167236328125,2990265,0.0,0.0
2025-04-11 00:00:00+05:30,3137.126868218105,3146.0912207172287,3057.448158628926,3081.7666015625,7108961,0.0,0.0
2025-04-15 00:00:00+05:30,3160.825412160961,3160.825412160961,3088.537831919463,3097.69287109375,3512160,0.0,0.0
2025-04-16 00:00:00+05:30,3097.6927866639667,3126.207493109741,3079.382475986214,3122.106689453125,2384391,0.0,0.0
2025-04-17 00:00:00+05:30,3095.1181104037555,3150.526110549214,3068.8923368600476,3146.043701171875,2932346,0.0,0.0
2025-04-21 00:00:00+05:30,3137.651464694997,3198.590529231532,3131.92947805952,3167.69189453125,2432946,0.0,0.0
2025-04-22 00:00:00+05:30,3168.645674402416,3179.421896695883,3142.3244417890623,3160.825439453125,2710498,0.0,0.0
2025-04-23 00:00:00+05:30,3209.0807969556886,3262.39054529537,3182.664338892606,3254.856689453125,3543923,0.0,0.0
2025-04-24 00:00:00+05:30,3243.5082751937634,3254.379956863419,3230.7290317834236,3243.985107421875,2252175,0.0,0.0
2025-04-25 00:00:00+05:30,3261.532502141187,3316.65435532197,3247.2275350265327,3288.235107421875,2742991,0.0,0.0
2025-04-28 00:00:00+05:30,3275.837455517982,3297.581052006719,3247.227521408655,3283.943603515625,1593296,0.0,0.0
2025-04-29 00:00:00+05:30,3294.9109682944113,3333.0575496928996,3271.450727603039,3311.60009765625,1578332,0.0,0.0
2025-04-30 00:00:00+05:30,3311.123250052752,3347.2670426291115,3210.0348098149666,3293.671142578125,2809332,0.0,0.0
2025-05-02 00:00:00+05:30,3311.123194312883,3329.7196523454577,3261.532639559349,3272.02294921875,1721761,0.0,0.0
2025-05-05 00:00:00+05:30,3290.142360352066,3342.117073001106,3286.7090751925784,3294.2431640625,1284443,0.0,0.0
2025-05-06 00:00:00+05:30,3299.67919921875,3312.076837828531,3277.7449155245213,3299.67919921875,1324763,0.0,0.0
2025-05-07 00:00:00+05:30,3262.104703449532,3299.202157339632,3262.104703449532,3285.469482421875,1477128,0.0,0.0
2025-05-08 00:00:00+05:30,3288.2350568363695,3315.89132616591,3269.8292861996833,3289.09326171875,2543591,0.0,0.0
2025-05-09 00:00:00+05:30,3241.505698660658,3286.518617372084,3240.6474937252347,3280.89208984375,2531757,0.0,0.0
2025-05-12 00:00:00+05:30,3342.594178981706,3462.279077544389,3339.9238717309913,3452.64697265625,2228678,0.0,0.0
2025-05-13 00:00:00+05:30,3452.646757336565,3455.1263780922163,3347.8391251152984,3352.130615234375,3062887,0.0,0.0
2025-05-14 00:00:00+05:30,3357.8528260686357,3395.999407449705,3346.0274789718064,3384.269287109375,2119499,0.0,0.0
2025-05-15 00:00:00+05:30,3398.8602651386764,3433.192187008764,3351.272499900048,3414.0234375,3548330,0.0,0.0
2025-05-16 00:00:00+05:30,3427.37472311883,3427.37472311883,3381.789746684424,3396.285400390625,1666727,0.0,0.0
2025-05-19 00:00:00+05:30,3385.5089240585153,3385.5089240585153,3341.3542118072583,3355.754638671875,2537377,0.0,0.0
2025-05-20 00:00:00+05:30,3368.1523508133114,3393.1383143193784,3332.103785899918,3336.20458984375,2038374,0.0,0.0
2025-05-21 00:00:00+05:30,3345.454901948022,3373.111171091834,3336.2044033172906,3362.43017578125,1440153,0.0,0.0
2025-05-22 00:00:00+05:30,3333.057317857191,3335.7276249349993,3291.382227143766,3315.891357421875,2034383,0.0,0.0
2025-05-23 00:00:00+05:30,3315.8913900733005,3371.2039297984234,3305.0197081551764,3351.749267578125,1274331,0.0,0.0
2025-05-26 00:00:00+05:30,3357.8524401052096,3380.74038630303,3347.457591004991,3373.397216796875,967470,0.0,0.0
2025-05-27 00:00:00+05:30,3368.3430118958113,3375.972327891045,3321.708911006242,3336.5859375,2467680,0.0,0.0
2025-05-28 00:00:00+05:30,3356.8990894476624,3365.482070074091,3331.1501475683763,3335.63232421875,1222933,0.0,0.0
2025-05-29 00:00:00+05:30,3342.3079620855306,3368.8198820327834,3324.951314566822,3336.013916015625,3188072,0.0,0.0
2025-05-30 00:00:00+05:30,3328.2892004179307,3344.2153514588645,3293.0990724903722,3302.921630859375,3404365,0.0,0.0
2025-06-02 00:00:00+05:30,3290.1425906350296,3299.679235825276,3260.197617868956,3289.951904296875,1877585,0.0,0.0
2025-06-03 00:00:00+05:30,3286.3277699067066,3312.553542881876,3242.936036438699,3247.418212890625,2848125,0.0,0.0
2025-06-04 00:00:00+05:30,3260.6957796433117,3266.2762443041534,3242.415101032151,3252.90234375,2544807,30.0,0.0
2025-06-05 00:00:00+05:30,3279.9386829080418,3279.9386829080418,3236.353648443686,3243.4736328125,3584683,0.0,0.0
2025-06-06 00:00:00+05:30,3243.473730125776,3262.5239346599506,3231.5430403786086,3256.07763671875,2070390,0.0,0.0
2025-06-09 00:00:00+05:30,3271.2793043315464,3303.992097374862,3262.5237275285212,3292.35009765625,1718678,0.0,0.0
2025-06-10 00:00:00+05:30,3309.7651599636156,3353.8312663403485,3293.601143598204,3331.798095703125,2419874,0.0,0.0
2025-06-11 00:00:00+05:30,3338.629301432497,3356.909980604606,3318.5206483022603,3340.457275390625,2847013,0.0,0.0
2025-06-12 00:00:00+05:30,3340.4572389790806,3343.1512807546196,3293.6010193282204,3304.1845703125,4060134,0.0,0.0
2025-06-13 00:00:00+05:30,3264.7368639985107,3319.8675914563746,3264.7368639985107,3315.249267578125,2178493,0.0,0.0
2025-06-16 00:00:00+05:30,3309.7650089781714,3376.152737355931,3296.487416323079,3363.93359375,1934088,0.0,0.0
2025-06-17 00:00:00+05:30,3377.115204884563,3386.7366157246897,3356.044409103775,3382.214599609375,2111940,0.0,0.0
2025-06-18 00:00:00+05:30,3385.8705329382847,3404.0549041256045,3312.747815947458,3320.7333984375,2696327,0.0,0.0
2025-06-19 00:00:00+05:30,3319.3867621020736,3320.348903192538,3283.7875417548917,3294.37109375,2672768,0.0,0.0
2025-06-20 00:00:00+05:30,3295.332824141505,3315.826473793808,3281.7665424976394,3305.627685546875,2351248,0.0,0.0
2025-06-23 00:00:00+05:30,3285.71154983106,3295.332959933054,3242.4152043720856,3265.121826171875,3123421,0.0,0.0
2025-06-24 00:00:00+05:30,3304.5697916881572,3311.7858496666604,3253.9610777731646,3262.04296875,3403048,0.0,0.0
2025-06-25 00:00:00+05:30,3278.3030139670477,3319.3863869066126,3271.2793378210094,3314.38330078125,1757699,0.0,0.0
2025-06-26 00:00:00+05:30,3314.3832490719788,3320.7332385135887,3286.000090554292,3311.496826171875,2879106,0.0,0.0
2025-06-27 00:00:00+05:30,3324.1971522580116,3335.1654656898822,3301.105768277059,3310.823486328125,1778433,0.0,0.0
2025-06-30 00:00:00+05:30,3309.6687189307536,3333.7222438362,3300.143617027278,3330.93212890625,1468351,0.0,0.0
2025-07-01 00:00:00+05:30,3324.1971950415045,3353.0614253891877,3284.268343060543,3299.85498046875,2375183,0.0,0.0
2025-07-02 00:00:00+05:30,3355.1779803217332,3357.7757139896216,3290.5221534097136,3293.697265625,3090585,0.0,0.0
2025-07-03 00:00:00+05:30,3300.1437879715377,3305.243182495177,3268.9705120384147,3272.04931640625,2531870,0.0,0.0
2025-07-04 00:00:00+05:30,3278.9765232213795,3297.257202194738,3261.7542933055606,3290.329833984375,1109320,0.0,0.0
2025-07-07 00:00:00+05:30,3288.8866014623586,3296.3913481829886,3279.361264698508,3282.536376953125,1639174,0.0,0.0
2025-07-08 00:00:00+05:30,3276.090106685197,3295.3329266950955,3264.929177120374,3277.24462890625,2325242,0.0,0.0
2025-07-09 00:00:00+05:30,3280.9006731219124,3284.749236961352,3239.528611847941,3255.692626953125,2034938,0.0,0.0
2025-07-10 00:00:00+05:30,3252.036411459103,3270.317089511684,3228.945028655843,3253.960693359375,3035012,0.0,0.0
2025-07-11 00:00:00+05:30,3174.968778671878,3208.740019462478,3137.6378982976325,3142.352294921875,7635550,0.0,0.0
2025-07-14 00:00:00+05:30,3142.352401281831,3148.1252470894524,3078.8510973979974,3100.691650390625,3924009,0.0,0.0
2025-07-15 00:00:00+05:30,3084.6237277539685,3136.0019578941046,3084.6237277539685,3129.1708984375,2590889,0.0,0.0
2025-07-16 00:00:00+05:30,3115.366054388286,3132.6467324603605,3109.1875484963994,3121.255126953125,2540733,11.0,0.0
2025-07-17 00:00:00+05:30,3112.5660896618524,3129.846765619747,3093.257966493316,3098.181396484375,2947640,0.0,0.0
2025-07-18 00:00:00+05:30,3113.434923384125,3117.103513998714,3076.749488627971,3079.549072265625,3432645,0.0,0.0
2025-07-21 00:00:00+05:30,3079.645764950135,3086.982946316993,3042.960329505588,3048.94580078125,3844346,0.0,0.0
2025-07-22 00:00:00+05:30,3050.29736328125,3070.088189339792,3045.4703325352643,3050.29736328125,3198036,0.0,0.0
2025-07-23 00:00:00+05:30,3050.297382705153,3071.92238630693,3048.3665703944635,3069.122802734375,1922875,0.0,0.0
2025-07-24 00:00:00+05:30,3055.6071726498794,3063.909524321329,3031.37538342797,3039.0986328125,2934778,0.0,0.0
2025-07-25 00:00:00+05:30,3031.375459671135,3047.6907301283586,3017.47370470728,3027.32080078125,2568917,0.0,0.0
2025-07-28 00:00:00+05:30,3002.413314143324,3010.1365638260077,2963.700430830921,2972.775390625,3374473,0.0,0.0
2025-07-29 00:00:00+05:30,2954.1431191329557,2967.658806606113,2935.993434530025,2950.281494140625,4785312,0.0,0.0
2025-07-30 00:00:00+05:30,2954.14286063789,2962.831516110354,2941.7856146047457,2947.96435546875,2880121,0.0,0.0
2025-07-31 00:00:00+05:30,2936.47600158721,2953.9499481457733,2910.6997030967705,2931.74560546875,2968371,0.0,0.0
2025-08-01 00:00:00+05:30,2925.084324273871,2931.745768865168,2896.218771462912,2899.114990234375,2053847,0.0,0.0
2025-08-04 00:00:00+05:30,2905.0038424767117,2972.8717086542492,2888.1092342571515,2968.044677734375,2519252,0.0,0.0
2025-08-05 00:00:00+05:30,2968.044724074376,2971.0375775693733,2936.7656575031788,2957.907958984375,1927996,0.0,0.0
2025-08-06 00:00:00+05:30,2957.0390447864347,2960.7076353045086,2921.319017147813,2927.401123046875,1487081,0.0,0.0
2025-08-07 00:00:00+05:30,2911.665180402855,2946.0337363593026,2906.741514367591,2941.5927734375,2543076,0.0,0.0
2025-08-08 00:00:00+05:30,2942.654816418027,2953.950022141175,2920.353838284088,2931.359375,2762140,0.0,0.0
2025-08-11 00:00:00+05:30,2931.3592490987544,2944.3922326106717,2916.78175710605,2935.607177734375,1884215,0.0,0.0
2025-08-12 00:00:00+05:30,2935.8001676667204,2989.2835752923374,2922.187846369997,2930.393798828125,3358232,0.0,0.0
2025-08-13 00:00:00+05:30,2931.0698605624675,2939.0825434733065,2923.8293140563796,2931.166259765625,2148166,0.0,0.0
2025-08-14 00:00:00+05:30,2929.0422751905776,2950.1845757137776,2914.6578177545016,2917.7470703125,3342174,0.0,0.0
2025-08-18 00:00:00+05:30,2941.1101377304376,2943.5236533530624,2899.501034118434,2907.03125,2945609,0.0,0.0
2025-08-19 00:00:00+05:30,2907.0313669979796,2920.3540209100356,2906.9349677861255,2911.8583984375,2650784,0.0,0.0
2025-08-20 00:00:00+05:30,2906.741166187621,2996.041231481408,2906.741166187621,2991.407470703125,4952358,0.0,0.0
2025-08-21 00:00:00+05:30,3021.721321975882,3021.721321975882,2976.443866732848,2995.269287109375,3230726,0.0,0.0
2025-08-22 00:00:00+05:30,2979.2433381745764,2988.607730562596,2944.4887172496624,2948.350341796875,1593791,0.0,0.0
2025-08-25 00:00:00+05:30,2980.498635910434,3042.960370488012,2970.6515397185153,3031.954833984375,3448370,0.0,0.0
2025-08-26 00:00:00+05:30,3020.755818541929,3052.6142212302902,3012.067163263285,3047.980224609375,5522097,0.0,0.0
2025-08-28 00:00:00+05:30,3036.2026334864163,3037.6507428505593,2979.7263682848406,2986.67724609375,3116051,0.0,0.0
2025-08-29 00:00:00+05:30,2986.001444170926,3007.2403810515466,2970.747978726777,2977.988525390625,2271789,0.0,0.0
2025-09-01 00:00:00+05:30,2983.105066117822,3022.7833539936464,2983.105066117822,3004.92333984375,1246862,0.0,0.0
2025-09-02 00:00:00+05:30,3013.1295666219185,3045.856744495596,2995.752253975034,3003.861572265625,2185229,0.0,0.0
2025-09-03 00:00:00+05:30,3021.6247697126682,3033.2096441073413,2981.1743442292172,2990.345703125,1799774,0.0,0.0
2025-09-04 00:00:00+05:30,3008.205703050011,3010.136515439645,2983.877514079595,2988.60791015625,1481391,0.0,0.0
2025-09-05 00:00:00+05:30,2989.959772231462,2996.041643012066,2923.8294445249576,2942.847900390625,2802055,0.0,0.0
2025-09-08 00:00:00+05:30,2944.4888711015133,2958.8733290135365,2911.6650607351357,2914.561279296875,2626187,0.0,0.0
2025-09-09 00:00:00+05:30,2927.208085964641,2954.1428233110028,2925.9530108288373,2943.909423828125,2489301,0.0,0.0
2025-09-10 00:00:00+05:30,2950.667462651561,3014.6739418754814,2947.7712440051832,3002.413330078125,2079428,0.0,0.0
2025-09-11 00:00:00+05:30,3030.4101295308183,3030.4101295308183,3002.5099840051885,3016.1220703125,2263446,0.0,0.0
2025-09-12 00:00:00+05:30,3035.23730697003,3039.7746692912174,3013.032962803265,3025.00390625,1447167,0.0,0.0
2025-09-15 00:00:00+05:30,3025.583130595429,3025.583130595429,2988.8976937854013,3004.24755859375,1732539,0.0,0.0
2025-09-16 00:00:00+05:30,3019.79077434497,3041.029712016194,3001.5446903508278,3036.87841796875,2573429,0.0,0.0
2025-09-17 00:00:00+05:30,3042.960518364833,3072.3087742640014,3033.692524030945,3063.041015625,2418271,0.0,0.0
2025-09-18 00:00:00+05:30,3074.8188270106057,3092.1961390627853,3052.035145819797,3066.805908203125,2633138,0.0,0.0
2025-09-19 00:00:00+05:30,3060.337557621526,3070.474322402291,3035.2369972120114,3059.565185546875,4901694,0.0,0.0
2025-09-22 00:00:00+05:30,2987.93214013821,2999.420379452393,2958.96995461183,2967.465576171875,3634901,0.0,0.0
2025-09-23 00:00:00+05:30,2963.79714260431,2974.126942183857,2946.419830367542,2956.4599609375,3177741,0.0,0.0
2025-09-24 00:00:00+05:30,2944.4888232106205,2951.2466664114318,2928.0769182943645,2930.393798828125,1625714,0.0,0.0
2025-09-25 00:00:00+05:30,2917.4578712528405,2924.795053492919,2848.9140231856827,2855.092529296875,4974361,0.0,0.0
2025-09-26 00:00:00+05:30,2839.2595057026215,2852.5821577986485,2791.278866873073,2798.80908203125,3934636,0.0,0.0
2025-09-29 00:00:00+05:30,2815.124329879908,2827.964278797825,2793.885394606466,2795.912841796875,3110035,0.0,0.0
2025-09-30 00:00:00+05:30,2810.297523025748,2814.448816935253,2785.2935960579534,2788.479248046875,2253458,0.0,0.0
2025-10-01 00:00:00+05:30,2790.989341906879,2823.620118812873,2767.433524755383,2813.38671875,1952902,0.0,0.0
2025-10-03 00:00:00+05:30,2822.8477787064007,2822.8477787064007,2791.086008442819,2801.51220703125,2899519,0.0,0.0
2025-10-06 00:00:00+05:30,2801.608774520881,2890.040076154485,2795.4302691582598,2885.019775390625,2112774,0.0,0.0
2025-10-07 00:00:00+05:30,2891.391568334869,2900.5629272327596,2853.2580234436414,2870.828369140625,3062943,0.0,0.0
2025-10-08 00:00:00+05:30,2872.083383638142,2937.7310038355854,2865.325540382523,2922.4775390625,4121889,0.0,0.0
2025-10-09 00:00:00+05:30,2929.042232573034,2959.9352290932507,2915.5265465954394,2955.783935546875,3211304,0.0,0.0
2025-10-10 00:00:00+05:30,2944.489063414404,2963.7971884204,2902.879959748528,2923.539794921875,8817365,0.0,0.0
2025-10-13 00:00:00+05:30,2922.284768951729,2930.4907222176985,2894.481021335113,2903.169677734375,2866865,0.0,0.0
2025-10-14 00:00:00+05:30,2916.492200456414,2922.477671901626,2853.2580928331454,2857.89208984375,3611416,0.0,0.0
2025-10-15 00:00:00+05:30,2878.9193527026337,2887.349664986807,2859.539215693528,2877.756591796875,4282226,11.0,0.0
2025-10-16 00:00:00+05:30,2877.8534092983937,2882.7954389661986,2851.8842144350965,2878.628662109375,3251495,0.0,0.0
2025-10-17 00:00:00+05:30,2877.950145926403,2896.1675207642234,2863.8025522629873,2870.391845703125,4374683,0.0,0.0
2025-10-20 00:00:00+05:30,2892.9698128193104,2929.307567962745,2886.186765192536,2921.749267578125,3133039,0.0,0.0
2025-10-21 00:00:00+05:30,2937.1568492749448,2937.8351067763124,2903.1446131495227,2913.512939453125,310644,0.0,0.0
2025-10-23 00:00:00+05:30,2960.3157836535247,3001.983076189401,2942.001649703373,2977.95166015625,5564758,0.0,0.0
2025-10-24 00:00:00+05:30,2984.541081052346,2994.231149497321,2963.513679841537,2968.26171875,2684318,0.0,0.0
2025-10-27 00:00:00+05:30,2971.4594315335457,2998.300873295387,2965.3546412157716,2989.2890625,1946312,0.0,0.0
2025-10-28 00:00:00+05:30,2980.6650953225503,2994.424945391891,2945.974602490029,2963.1259765625,3470737,0.0,0.0
2025-10-29 00:00:00+05:30,2963.125962015583,2980.665080689528,2951.691870406029,2962.83544921875,2895420,0.0,0.0
2025-10-30 00:00:00+05:30,2954.598904451086,2968.843257944529,2938.804045355743,2941.2265625,2241536,0.0,0.0
2025-10-31 00:00:00+05:30,2940.9357431934422,2972.3314700068563,2931.342670159881,2963.222900390625,1868085,0.0,0.0
2025-11-03 00:00:00+05:30,2952.467014430014,2963.2230855965854,2916.7107546258085,2923.300048828125,2194877,0.0,0.0
2025-11-04 00:00:00+05:30,2926.01311261092,2935.4124315282234,2883.7643202783443,2897.524169921875,2670720,0.0,0.0
2025-11-06 00:00:00+05:30,2897.427367073782,2930.2766034150336,2897.3303717628805,2917.58251953125,2542721,0.0,0.0
2025-11-07 00:00:00+05:30,2907.989767522932,2910.896788283535,2868.7449872547954,2899.074951171875,1830520,0.0,0.0
2025-11-10 00:00:00+05:30,2900.237480105872,2953.4358611387806,2899.2684732632038,2931.439453125,1556656,0.0,0.0
2025-11-11 00:00:00+05:30,2950.6259510827763,2960.9942773891976,2924.462765309628,2952.56396484375,2806868,0.0,0.0
2025-11-12 00:00:00+05:30,2965.1608589527805,3039.192885115363,2962.3508338140637,3034.735595703125,4460315,0.0,0.0
2025-11-13 00:00:00+05:30,3034.735507748666,3034.8322664831685,3005.859058134587,3009.4443359375,1740435,0.0,0.0
2025-11-14 00:00:00+05:30,2994.2312415737683,3016.6153949995773,2981.924901585002,3009.7353515625,2210794,0.0,0.0
2025-11-17 00:00:00+05:30,3009.7352518307202,3026.6928715689805,2990.93661372188,3006.052978515625,2232853,0.0,0.0
2025-11-18 00:00:00+05:30,3005.8592500198897,3008.7662705711664,2982.6030856096777,2991.421142578125,2548350,0.0,0.0
2025-11-19 00:00:00+05:30,3001.0142221592077,3057.216619603584,2987.932629650603,3050.142822265625,3151053,0.0,0.0
2025-11-20 00:00:00+05:30,3050.4335382511167,3066.4221511422043,3040.8404651460387,3047.332763671875,2700767,0.0,0.0
2025-11-21 00:00:00+05:30,3047.332837865448,3071.7517635606687,3038.030277327296,3052.953125,4177037,0.0,0.0
2025-11-24 00:00:00+05:30,3060.1236005069036,3080.375748831919,3033.960415828725,3043.84423828125,6703764,0.0,0.0
2025-11-25 00:00:00+05:30,3047.817296493595,3052.1778273241375,3018.4563415864895,3022.526123046875,2737920,0.0,0.0
2025-11-26 00:00:00+05:30,3022.1385231343734,3079.503679669953,3020.394263540353,3064.87158203125,2508527,0.0,0.0
2025-11-27 00:00:00+05:30,3081.4417653096157,3081.4417653096157,3028.1463888655812,3039.386962890625,2836233,0.0,0.0
2025-11-28 00:00:00+05:30,3042.681550361056,3049.755347777002,3028.1464474134714,3040.259033203125,1616690,0.0,0.0
2025-12-01 00:00:00+05:30,3040.6466638725274,3056.247769627983,3025.4333028223336,3036.2861328125,1747647,0.0,0.0
2025-12-02 00:00:00+05:30,3033.960607457575,3046.557697172346,3023.6890396759504,3038.514892578125,2512003,0.0,0.0
2025-12-03 00:00:00+05:30,3042.6813780586676,3112.3528729457903,3041.7123712503685,3081.441650390625,3952112,0.0,0.0
2025-12-04 00:00:00+05:30,3095.00770730463,3149.27208789607,3088.6121678196405,3129.11669921875,5025905,0.0,0.0
2025-12-05 00:00:00+05:30,3129.892081880524,3170.2028609083113,3122.527535293584,3137.837890625,5244013,0.0,0.0
2025-12-08 00:00:00+05:30,3142.489218360763,3158.8653395160463,3109.1554773099156,3136.190673828125,2544725,0.0,0.0
2025-12-09 00:00:00+05:30,3129.8919017803323,3133.4771795542747,3082.604323565585,3108.864501953125,2734893,0.0,0.0
2025-12-10 00:00:00+05:30,3125.0471830165943,3125.0471830165943,3079.6008550466445,3090.356689453125,1386849,0.0,0.0
2025-12-11 00:00:00+05:30,3105.6669848803986,3108.9615135733166,3055.3756234989633,3092.972900390625,1914362,0.0,0.0
2025-12-12 00:00:00+05:30,3098.5931202045713,3123.1090405337873,3086.9650381423917,3120.6865234375,1146554,0.0,0.0
2025-12-15 00:00:00+05:30,3111.577805569695,3137.8377476982373,3098.205464520373,3130.085693359375,1562190,0.0,0.0
2025-12-16 00:00:00+05:30,3120.202023295087,3120.202023295087,3092.197820262168,3105.763916015625,1734623,0.0,0.0
2025-12-17 00:00:00+05:30,3101.306446555184,3136.5782015286727,3101.306446555184,3118.0703125,1376350,0.0,0.0
2025-12-18 00:00:00+05:30,3127.954067510894,3185.9007236352077,3121.1710196569366,3179.11767578125,2307422,0.0,0.0
2025-12-19 00:00:00+05:30,3196.753634213965,3215.067769256,3177.179742937931,3180.280517578125,3902511,0.0,0.0
2025-12-22 00:00:00+05:30,3207.412479375921,3225.436100324642,3189.0013503402283,3221.8505859375,2632816,0.0,0.0
2025-12-23 00:00:00+05:30,3217.005670614833,3217.005670614833,3191.423985009323,3207.41259765625,2365420,0.0,0.0
2025-12-24 00:00:00+05:30,3201.695681385047,3223.98283930865,3193.943626455098,3216.1337890625,1367708,0.0,0.0
2025-12-26 00:00:00+05:30,3210.4167512800273,3217.102804044398,3170.3967202884214,3178.342529296875,1176664,0.0,0.0
2025-12-29 00:00:00+05:30,3178.342279524835,3186.094333865139,3142.392032892103,3150.7255859375,2079473,0.0,0.0
2025-12-30 00:00:00+05:30,3149.272405605489,3166.230026251057,3139.0978332181485,3146.171630859375,2807593,0.0,0.0
2025-12-31 00:00:00+05:30,3139.58231408187,3145.3963554042443,3099.3685282687848,3106.829833984375,3362634,0.0,0.0
2026-01-01 00:00:00+05:30,3115.35696849259,3133.865093634826,3099.0776063813255,3127.37255859375,1255735,0.0,0.0
2026-01-02 00:00:00+05:30,3133.7680727866077,3153.4389586535176,3119.717473820805,3149.950439453125,1184324,0.0,0.0
2026-01-05 00:00:00+05:30,3140.0667687506084,3146.3653134186775,3092.1009285860796,3116.423095703125,2341703,0.0,0.0
2026-01-06 00:00:00+05:30,3110.512016678168,3162.063134250383,3105.666982384277,3154.892578125,2912325,0.0,0.0
2026-01-07 00:00:00+05:30,3142.3921354819236,3198.3040184958663,3123.3027483604965,3193.458984375,1989442,0.0,0.0
2026-01-08 00:00:00+05:30,3185.028645932727,3185.028645932727,3083.3799179984962,3104.60107421875,4159336,0.0,0.0
2026-01-09 00:00:00+05:30,3092.1010079115476,3129.601527505619,3092.1010079115476,3108.38037109375,1938673,0.0,0.0
2026-01-12 00:00:00+05:30,3103.728835933978,3151.2101699835457,3075.9183875911604,3139.194580078125,2228342,0.0,0.0
2026-01-13 00:00:00+05:30,3144.42719813222,3178.3424375573745,3110.9964621274244,3166.71435546875,5645341,0.0,0.0
2026-01-14 00:00:00+05:30,3158.962158011942,3158.962158011942,3084.348634647856,3093.55419921875,3539511,0.0,0.0
2026-01-15 00:00:00+05:30,3093.55419921875,3093.55419921875,3093.55419921875,3093.55419921875,0,0.0,0.0
2026-01-16 00:00:00+05:30,3176.3318131508636,3178.7983689605644,3128.579389024886,3163.8017578125,4293470,57.0,0.0
2026-01-19 00:00:00+05:30,3145.3520534559602,3176.9239686725823,3109.9324074221513,3121.278564453125,3387562,0.0,0.0
2026-01-20 00:00:00+05:30,3109.4391143226594,3117.7266457653604,3049.7484617692403,3060.798583984375,4499273,0.0,0.0
2026-01-21 00:00:00+05:30,3058.5291438659533,3096.5141025881594,3040.769942385441,3080.826904296875,2015150,0.0,0.0
2026-01-22 00:00:00+05:30,3107.8603302315137,3117.7265535020897,3080.5309399469356,3108.2548828125,2269827,0.0,0.0
2026-01-23 00:00:00+05:30,3147.621264153488,3151.7650297600667,3109.8335807806325,3120.193115234375,2068857,0.0,0.0
2026-01-27 00:00:00+05:30,3132.5259981161435,3132.5259981161435,3088.127991843631,3115.75341796875,4279874,0.0,0.0
2026-01-28 00:00:00+05:30,3133.5125881835056,3162.3219126707263,3128.184923835551,3157.290283203125,2751234,0.0,0.0
2026-01-29 00:00:00+05:30,3157.2902623909354,3157.2902623909354,3083.786897692938,3102.335205078125,2457641,0.0,0.0
2026-01-30 00:00:00+05:30,3098.980713054142,3098.980713054142,3050.636219281569,3082.109375,3022068,0.0,0.0
2026-02-02 00:00:00+05:30,3155.218220087344,3155.218220087344,3092.074390792288,3127.1982421875,2636272,0.0,0.0
2026-02-03 00:00:00+05:30,3305.1848335937134,3305.1848335937134,3143.674804974814,3182.153076171875,4366060,0.0,0.0
2026-02-04 00:00:00+05:30,3078.2617963038065,3078.2617963038065,2946.0543986420407,2958.979248046875,10852595,0.0,0.0
2026-02-05 00:00:00+05:30,2950.000779389259,2989.1696378838233,2932.5376122480607,2951.480712890625,3521545,0.0,0.0
2026-02-06 00:00:00+05:30,2936.7800719556926,2945.0676030314735,2876.990663463912,2902.248291015625,4687389,0.0,0.0
2026-02-09 00:00:00+05:30,2919.5143380742375,2937.174782066686,2898.2031986297916,2908.760009765625,2380318,0.0,0.0
2026-02-10 00:00:00+05:30,2910.3385905230825,2971.3118985519286,2904.1228216834434,2944.673095703125,3547763,0.0,0.0
2026-02-11 00:00:00+05:30,2940.134620504305,2957.893822910036,2865.348597754142,2870.873779296875,3363513,0.0,0.0
2026-02-12 00:00:00+05:30,2831.4086986412967,2841.472197833708,2703.3450771056805,2713.31005859375,10612156,0.0,0.0
2026-02-13 00:00:00+05:30,2550.4187054416375,2676.706362809734,2550.4187054416375,2656.1845703125,11168735,0.0,0.0
2026-02-16 00:00:00+05:30,2663.880286127823,2683.4154564010123,2635.2682386101537,2670.39208984375,2918730,0.0,0.0
2026-02-17 00:00:00+05:30,2679.666188399951,2723.0775699498763,2659.144396219614,2681.04736328125,4209118,0.0,0.0
2026-02-18 00:00:00+05:30,2693.478928386682,2693.478928386682,2621.751534036431,2658.848388671875,2950820,0.0,0.0
2026-02-19 00:00:00+05:30,2671.7733571903564,2711.9288391622777,2630.9272877397234,2642.075927734375,3238849,0.0,0.0
2026-02-20 00:00:00+05:30,2631.3217917460984,2666.4456435463158,2612.0826560359187,2650.264892578125,2293482,0.0,0.0
2026-02-23 00:00:00+05:30,2650.0675026055624,2667.8267040377664,2624.612599044486,2640.497314453125,4699596,0.0,0.0
2026-02-24 00:00:00+05:30,2605.669504618486,2612.0825495938816,2527.035755172012,2539.269775390625,7798833,0.0,0.0
2026-02-25 00:00:00+05:30,2561.2716479227247,2618.6930211303556,2560.2850255621997,2594.126220703125,3621285,0.0,0.0
2026-02-26 00:00:00+05:30,2614.549064594777,2635.26813265383,2599.749730266882,2612.27978515625,3464267,0.0,0.0
2026-02-27 00:00:00+05:30,2645.726576120342,2652.6329325338243,2590.969035984877,2602.11767578125,5083717,0.0,0.0
2026-03-02 00:00:00+05:30,2557.324974292137,2588.6996112720262,2545.7815416803182,2578.537353515625,3374385,0.0,0.0
2026-03-04 00:00:00+05:30,2589.8837001747893,2599.7499237945026,2545.880246481027,2553.181396484375,3446434,0.0,0.0
2026-03-05 00:00:00+05:30,2565.2181034037962,2574.5910157046947,2512.335049229941,2544.3017578125,2960636,0.0,0.0
2026-03-06 00:00:00+05:30,2537.5927639837228,2584.161292192951,2519.4390085227947,2523.385498046875,3998643,0.0,0.0
2026-03-09 00:00:00+05:30,2496.1544256648085,2525.7530947438377,2471.4888680989507,2493.589111328125,3653428,0.0,0.0
2026-03-10 00:00:00+05:30,2507.007379980955,2511.1511456572443,2456.7883989435327,2479.480712890625,4323710,0.0,0.0
2026-03-11 00:00:00+05:30,2474.547570466413,2487.2749022159755,2427.1896984686477,2431.92529296875,2720664,0.0,0.0
2026-03-12 00:00:00+05:30,2426.8936916820116,2439.818299872899,2403.412031703097,2409.726318359375,2752075,0.0,0.0
2026-03-13 00:00:00+05:30,2404.398666093815,2413.179508655849,2364.9337721078678,2378.253173828125,2466488,0.0,0.0
2026-03-16 00:00:00+05:30,2377.759805019881,2392.5591399058967,2334.4471812699776,2376.970458984375,3807907,0.0,0.0
2026-03-17 00:00:00+05:30,2387.6260500920594,2387.6260500920594,2328.428710007132,2359.70458984375,2993367,0.0,0.0
2026-03-18 00:00:00+05:30,2377.759931791064,2449.684606821956,2377.759931791064,2408.14794921875,3082388,0.0,0.0
2026-03-19 00:00:00+05:30,2384.6661390424383,2391.5724952581177,2318.7597201236085,2324.482177734375,2757060,0.0,0.0
2026-03-20 00:00:00+05:30,2354.0808258010857,2375.5892402804725,2332.5724113216993,2358.619384765625,4206320,0.0,0.0
2026-03-23 00:00:00+05:30,2333.3618520807718,2374.602714385491,2316.589272171523,2351.910400390625,3860515,0.0,0.0
2026-03-24 00:00:00+05:30,2371.9388633725343,2402.819949907421,2347.2733048784753,2366.709716796875,3420182,0.0,0.0
2026-03-25 00:00:00+05:30,2368.781573169959,2389.204849113034,2338.097761710688,2345.595947265625,5843778,0.0,0.0
2026-03-27 00:00:00+05:30,2371.7413083689694,2389.69802736586,2353.0942427947716,2357.830078125,4979411,0.0,0.0
2026-03-30 00:00:00+05:30,2343.3267357786763,2365.9202902405636,2314.8132066050703,2327.34326171875,6804756,0.0,0.0
2026-04-01 00:00:00+05:30,2396.5056797013217,2438.9304406017563,2365.8216283746565,2375.98388671875,4132661,0.0,0.0
2026-04-02 00:00:00+05:30,2354.080866963729,2436.858383664294,2343.91860884341,2417.915283203125,5378361,0.0,0.0
2026-04-06 00:00:00+05:30,2440.903690225315,2448.7966690134326,2415.4487854587173,2440.804931640625,2572417,0.0,0.0
2026-04-07 00:00:00+05:30,2428.0775971710527,2509.868493428073,2415.251506653692,2505.823486328125,4516550,0.0,0.0
2026-04-08 00:00:00+05:30,2537.592681428627,2545.781695099603,2506.119524847839,2524.9638671875,4769337,0.0,0.0
2026-04-09 00:00:00+05:30,2519.8334525275204,2570.1511917909907,2497.2398973257214,2554.365234375,5628261,0.0,0.0
2026-04-10 00:00:00+05:30,2531.4755878535475,2531.4755878535475,2467.641172150841,2490.53076171875,10480239,0.0,0.0
2026-04-13 00:00:00+05:30,2456.5908344868626,2471.390169384871,2436.9571465386753,2439.5224609375,3739587,0.0,0.0
2026-04-15 00:00:00+05:30,2468.430210056267,2524.7664391435346,2460.0439205944767,2520.72119140625,5261384,0.0,0.0
2026-04-16 00:00:00+05:30,2537.5926488552986,2559.298340252972,2523.779936147688,2542.427001953125,3905403,0.0,0.0
2026-04-17 00:00:00+05:30,2535.6194192375438,2554.365243737743,2521.707947863873,2546.965576171875,2718206,0.0,0.0
2026-04-20 00:00:00+05:30,2552.490731944509,2559.2983296867455,2526.937069016173,2545.091064453125,2288558,0.0,0.0
2026-04-21 00:00:00+05:30,2525.7532081976633,2579.0308149330826,2525.7532081976633,2575.57763671875,2719959,0.0,0.0
2026-04-22 00:00:00+05:30,2545.485597963241,2545.485597963241,2470.107748698972,2504.540771484375,5232045,0.0,0.0
2026-04-23 00:00:00+05:30,2495.167841496993,2525.2598221872495,2482.637786236952,2488.064208984375,2509050,0.0,0.0
2026-04-24 00:00:00+05:30,2454.7163513416886,2471.4889309127534,2356.8434646078067,2364.8349609375,5107719,0.0,0.0
2026-04-27 00:00:00+05:30,2364.8349883004043,2426.1043319099444,2364.8349883004043,2414.85693359375,5853425,0.0,0.0
2026-04-28 00:00:00+05:30,2411.3050180002156,2453.7297789552113,2394.9269906770533,2411.99560546875,4508363,0.0,0.0
2026-04-29 00:00:00+05:30,2418.211337173827,2454.6176048964962,2414.8569175928637,2441.59423828125,2835961,0.0,0.0
2026-04-30 00:00:00+05:30,2445.8368019678887,2457.6762701500647,2405.3852856787867,2440.804931640625,3970446,0.0,0.0
2026-05-01 00:00:00+05:30,2440.804931640625,2440.804931640625,2440.804931640625,2440.804931640625,0,0.0,0.0
2026-05-04 00:00:00+05:30,2460.6360738276094,2464.8785979918853,2392.559133533261,2398.77490234375,2632358,0.0,0.0
2026-05-05 00:00:00+05:30,2397.4922011892513,2427.485422911908,2379.9302759850466,2394.828369140625,3385720,0.0,0.0
2026-05-06 00:00:00+05:30,2409.2328690917466,2437.9436740268407,2374.306536440952,2402.81982421875,3147628,0.0,0.0
2026-05-07 00:00:00+05:30,2405.582406456141,2407.0623398832377,2365.9202387848723,2369.274658203125,5829594,0.0,0.0
2026-05-08 00:00:00+05:30,2365.920344937355,2374.7999458983372,2343.326789953136,2362.368408203125,3792199,0.0,0.0
2026-05-11 00:00:00+05:30,2339.2814955090735,2382.6928771212197,2339.2814955090735,2360.888427734375,1975188,0.0,0.0
2026-05-12 00:00:00+05:30,2343.2279819983573,2343.2279819983573,2252.4587296430527,2269.52734375,6347884,0.0,0.0
2026-05-13 00:00:00+05:30,2275.1510766173806,2278.308219875756,2238.6460506699204,2242.395263671875,3171843,0.0,0.0
2026-05-14 00:00:00+05:30,2234.6996825737074,2234.6996825737074,2176.883514966109,2215.953857421875,5633313,0.0,0.0
2026-05-15 00:00:00+05:30,2221.873423006846,2274.06564640704,2221.873423006846,2233.712890625,3410637,0.0,0.0
2026-05-18 00:00:00+05:30,2233.7129057172556,2262.226194073794,2222.070714305826,2252.656005859375,3773336,0.0,0.0
2026-05-19 00:00:00+05:30,2269.2314317901273,2345.793423403843,2266.3703232911885,2295.968994140625,10394707,0.0,0.0
2026-05-20 00:00:00+05:30,2292.8114703818346,2310.669430390967,2286.793218866712,2296.2646484375,2537422,0.0,0.0
2026-05-21 00:00:00+05:30,2299.816595750975,2304.650948701518,2283.0440165455843,2296.0673828125,3299087,0.0,0.0
2026-05-22 00:00:00+05:30,2299.9154856057353,2308.696328282268,2277.223171267918,2286.300048828125,2617262,0.0,0.0
2026-05-25 00:00:00+05:30,2325.0,2326.10009765625,2293.0,2308.199951171875,3298364,31.0,0.0
2026-05-26 00:00:00+05:30,2308.199951171875,2327.89990234375,2272.39990234375,2276.199951171875,3587597,0.0,0.0
2026-05-27 00:00:00+05:30,2275.0,2295.60009765625,2260.89990234375,2284.199951171875,2653950,0.0,0.0
2026-05-28 00:00:00+05:30,2284.199951171875,2284.199951171875,2284.199951171875,2284.199951171875,0,0.0,0.0
2026-05-29 00:00:00+05:30,2291.0,2334.0,2235.0,2258.89990234375,16331582,0.0,0.0
2026-06-01 00:00:00+05:30,2284.0,2335.0,2280.0,2297.39990234375,7505095,0.0,0.0
2026-06-02 00:00:00+05:30,2320.0,2457.39990234375,2316.199951171875,2446.89990234375,11306127,0.0,0.0
2026-06-03 00:00:00+05:30,2393.0,2393.0,2224.800048828125,2241.699951171875,15660062,0.0,0.0
2026-06-04 00:00:00+05:30,2241.699951171875,2253.10009765625,2216.60009765625,2241.0,4867263,0.0,0.0
2026-06-05 00:00:00+05:30,2262.89990234375,2271.800048828125,2192.0,2198.89990234375,5019717,0.0,0.0
2026-06-08 00:00:00+05:30,2170.0,2177.0,2143.300048828125,2151.39990234375,6536734,0.0,0.0
2026-06-09 00:00:00+05:30,2174.0,2174.0,2132.800048828125,2151.0,4148655,0.0,0.0
2026-06-10 00:00:00+05:30,2151.300048828125,2180.800048828125,2144.800048828125,2153.89990234375,2848650,0.0,0.0
2026-06-11 00:00:00+05:30,2127.0,2154.60009765625,2110.0,2135.60009765625,3079815,0.0,0.0
2026-06-12 00:00:00+05:30,2150.0,2168.0,2138.0,2161.39990234375,2124656,0.0,0.0
2026-06-15 00:00:00+05:30,2192.0,2192.0,2159.300048828125,2162.0,3337083,0.0,0.0
2026-06-16 00:00:00+05:30,2167.0,2209.0,2160.60009765625,2199.0,3079898,0.0,0.0
2026-06-17 00:00:00+05:30,2209.0,2231.0,2200.699951171875,2223.0,2865010,0.0,0.0
2026-06-18 00:00:00+05:30,2209.0,2214.0,2182.0,2203.300048828125,3735188,0.0,0.0
2026-06-19 00:00:00+05:30,2105.0,2138.0,2059.89990234375,2125.0,13286502,0.0,0.0
2026-06-22 00:00:00+05:30,2132.199951171875,2157.0,2121.0,2127.800048828125,4566101,0.0,0.0
2026-06-23 00:00:00+05:30,2111.0,2114.0,2055.0,2059.60009765625,6392736,0.0,0.0
2026-06-24 00:00:00+05:30,2061.0,2120.699951171875,2061.0,2109.0,4747277,0.0,0.0
2026-06-25 00:00:00+05:30,2133.60009765625,2148.5,2088.0,2094.699951171875,4738903,0.0,0.0
2026-06-26 00:00:00+05:30,2094.699951171875,2094.699951171875,2094.699951171875,2094.699951171875,0,0.0,0.0
2026-06-29 00:00:00+05:30,2090.0,2105.0,2071.0,2097.89990234375,3412470,0.0,0.0
2026-06-30 00:00:00+05:30,2090.0,2104.300048828125,2018.800048828125,2031.5,6848411,0.0,0.0
2026-07-01 00:00:00+05:30,2039.9000244140625,2052.0,1976.800048828125,1982.5999755859375,4658295,0.0,0.0
2026-07-02 00:00:00+05:30,2008.0,2076.89990234375,2002.5,2068.10009765625,6040621,0.0,0.0
2026-07-03 00:00:00+05:30,2100.0,2116.60009765625,2085.0,2093.5,4028819,0.0,0.0
